video_id,label,dataset,method,split,n_crops
celeb-df-v2__YouTube-real__00238,0,celeb-df-v2,YouTube-real,train,8
celeb-df-v2__YouTube-real__00152,0,celeb-df-v2,YouTube-real,train,8
celeb-df-v2__YouTube-real__00269,0,celeb-df-v2,YouTube-real,train,8
celeb-df-v2__YouTube-real__00209,0,celeb-df-v2,YouTube-real,train,8
celeb-df-v2__YouTube-real__00297,0,celeb-df-v2,YouTube-real,train,8
celeb-df-v2__YouTube-real__00096,0,celeb-df-v2,YouTube-real,train,8
celeb-df-v2__YouTube-real__00255,0,celeb-df-v2,YouTube-real,val,8
celeb-df-v2__YouTube-real__00230,0,celeb-df-v2,YouTube-real,train,8
celeb-df-v2__YouTube-real__00259,0,celeb-df-v2,YouTube-real,val,8
celeb-df-v2__YouTube-real__00012,0,celeb-df-v2,YouTube-real,test,8
celeb-df-v2__YouTube-real__00219,0,celeb-df-v2,YouTube-real,val,8
celeb-df-v2__YouTube-real__00003,0,celeb-df-v2,YouTube-real,test,8
celeb-df-v2__YouTube-real__00147,0,celeb-df-v2,YouTube-real,train,8
celeb-df-v2__YouTube-real__00241,0,celeb-df-v2,YouTube-real,train,8
celeb-df-v2__YouTube-real__00260,0,celeb-df-v2,YouTube-real,train,8
celeb-df-v2__YouTube-real__00128,0,celeb-df-v2,YouTube-real,train,8
celeb-df-v2__YouTube-real__00243,0,celeb-df-v2,YouTube-real,train,8
celeb-df-v2__YouTube-real__00248,0,celeb-df-v2,YouTube-real,train,8
celeb-df-v2__YouTube-real__00207,0,celeb-df-v2,YouTube-real,train,8
celeb-df-v2__YouTube-real__00249,0,celeb-df-v2,YouTube-real,train,8
celeb-df-v2__YouTube-real__00088,0,celeb-df-v2,YouTube-real,train,8
celeb-df-v2__YouTube-real__00141,0,celeb-df-v2,YouTube-real,train,8
celeb-df-v2__YouTube-real__00078,0,celeb-df-v2,YouTube-real,train,8
celeb-df-v2__YouTube-real__00198,0,celeb-df-v2,YouTube-real,train,8
celeb-df-v2__YouTube-real__00215,0,celeb-df-v2,YouTube-real,train,8
celeb-df-v2__YouTube-real__00100,0,celeb-df-v2,YouTube-real,train,8
celeb-df-v2__YouTube-real__00279,0,celeb-df-v2,YouTube-real,test,8
celeb-df-v2__YouTube-real__00093,0,celeb-df-v2,YouTube-real,train,8
celeb-df-v2__YouTube-real__00267,0,celeb-df-v2,YouTube-real,train,8
celeb-df-v2__YouTube-real__00262,0,celeb-df-v2,YouTube-real,train,8
celeb-df-v2__YouTube-real__00229,0,celeb-df-v2,YouTube-real,test,8
celeb-df-v2__YouTube-real__00150,0,celeb-df-v2,YouTube-real,holdout,8
celeb-df-v2__YouTube-real__00069,0,celeb-df-v2,YouTube-real,train,8
celeb-df-v2__YouTube-real__00036,0,celeb-df-v2,YouTube-real,val,8
celeb-df-v2__YouTube-real__00227,0,celeb-df-v2,YouTube-real,train,8
celeb-df-v2__YouTube-real__00038,0,celeb-df-v2,YouTube-real,train,8
celeb-df-v2__YouTube-real__00010,0,celeb-df-v2,YouTube-real,train,8
celeb-df-v2__YouTube-real__00034,0,celeb-df-v2,YouTube-real,train,8
celeb-df-v2__YouTube-real__00261,0,celeb-df-v2,YouTube-real,train,8
celeb-df-v2__YouTube-real__00237,0,celeb-df-v2,YouTube-real,train,8
celeb-df-v2__YouTube-real__00162,0,celeb-df-v2,YouTube-real,train,8
celeb-df-v2__YouTube-real__00139,0,celeb-df-v2,YouTube-real,train,8
celeb-df-v2__YouTube-real__00235,0,celeb-df-v2,YouTube-real,holdout,8
celeb-df-v2__YouTube-real__00024,0,celeb-df-v2,YouTube-real,train,8
celeb-df-v2__YouTube-real__00288,0,celeb-df-v2,YouTube-real,train,8
celeb-df-v2__YouTube-real__00148,0,celeb-df-v2,YouTube-real,holdout,8
celeb-df-v2__YouTube-real__00116,0,celeb-df-v2,YouTube-real,holdout,8
celeb-df-v2__YouTube-real__00170,0,celeb-df-v2,YouTube-real,train,8
celeb-df-v2__YouTube-real__00129,0,celeb-df-v2,YouTube-real,train,8
celeb-df-v2__YouTube-real__00060,0,celeb-df-v2,YouTube-real,train,8
celeb-df-v2__YouTube-real__00282,0,celeb-df-v2,YouTube-real,holdout,8
celeb-df-v2__YouTube-real__00058,0,celeb-df-v2,YouTube-real,train,8
celeb-df-v2__YouTube-real__00204,0,celeb-df-v2,YouTube-real,val,8
celeb-df-v2__YouTube-real__00120,0,celeb-df-v2,YouTube-real,train,8
celeb-df-v2__YouTube-real__00063,0,celeb-df-v2,YouTube-real,holdout,8
celeb-df-v2__YouTube-real__00196,0,celeb-df-v2,YouTube-real,train,8
celeb-df-v2__YouTube-real__00106,0,celeb-df-v2,YouTube-real,train,8
celeb-df-v2__YouTube-real__00192,0,celeb-df-v2,YouTube-real,train,8
celeb-df-v2__YouTube-real__00140,0,celeb-df-v2,YouTube-real,test,8
celeb-df-v2__YouTube-real__00127,0,celeb-df-v2,YouTube-real,train,8
celeb-df-v2__YouTube-real__00194,0,celeb-df-v2,YouTube-real,holdout,8
celeb-df-v2__YouTube-real__00061,0,celeb-df-v2,YouTube-real,train,8
celeb-df-v2__YouTube-real__00072,0,celeb-df-v2,YouTube-real,train,8
celeb-df-v2__YouTube-real__00242,0,celeb-df-v2,YouTube-real,train,8
celeb-df-v2__YouTube-real__00223,0,celeb-df-v2,YouTube-real,train,8
celeb-df-v2__YouTube-real__00110,0,celeb-df-v2,YouTube-real,test,8
celeb-df-v2__YouTube-real__00216,0,celeb-df-v2,YouTube-real,test,8
celeb-df-v2__YouTube-real__00186,0,celeb-df-v2,YouTube-real,holdout,8
celeb-df-v2__YouTube-real__00220,0,celeb-df-v2,YouTube-real,train,8
celeb-df-v2__YouTube-real__00008,0,celeb-df-v2,YouTube-real,train,8
celeb-df-v2__YouTube-real__00059,0,celeb-df-v2,YouTube-real,train,8
celeb-df-v2__YouTube-real__00296,0,celeb-df-v2,YouTube-real,train,8
celeb-df-v2__YouTube-real__00289,0,celeb-df-v2,YouTube-real,train,8
celeb-df-v2__YouTube-real__00202,0,celeb-df-v2,YouTube-real,val,8
celeb-df-v2__YouTube-real__00149,0,celeb-df-v2,YouTube-real,train,8
celeb-df-v2__YouTube-real__00121,0,celeb-df-v2,YouTube-real,train,8
celeb-df-v2__YouTube-real__00268,0,celeb-df-v2,YouTube-real,val,8
celeb-df-v2__YouTube-real__00133,0,celeb-df-v2,YouTube-real,train,8
celeb-df-v2__YouTube-real__00277,0,celeb-df-v2,YouTube-real,train,8
celeb-df-v2__YouTube-real__00122,0,celeb-df-v2,YouTube-real,train,8
celeb-df-v2__YouTube-real__00017,0,celeb-df-v2,YouTube-real,train,8
celeb-df-v2__YouTube-real__00191,0,celeb-df-v2,YouTube-real,train,8
celeb-df-v2__YouTube-real__00183,0,celeb-df-v2,YouTube-real,holdout,8
celeb-df-v2__YouTube-real__00025,0,celeb-df-v2,YouTube-real,train,8
celeb-df-v2__YouTube-real__00283,0,celeb-df-v2,YouTube-real,train,8
celeb-df-v2__YouTube-real__00156,0,celeb-df-v2,YouTube-real,train,8
celeb-df-v2__YouTube-real__00185,0,celeb-df-v2,YouTube-real,holdout,8
celeb-df-v2__YouTube-real__00011,0,celeb-df-v2,YouTube-real,train,8
celeb-df-v2__YouTube-real__00257,0,celeb-df-v2,YouTube-real,train,8
celeb-df-v2__YouTube-real__00097,0,celeb-df-v2,YouTube-real,train,8
celeb-df-v2__YouTube-real__00123,0,celeb-df-v2,YouTube-real,train,8
celeb-df-v2__YouTube-real__00180,0,celeb-df-v2,YouTube-real,train,8
celeb-df-v2__YouTube-real__00173,0,celeb-df-v2,YouTube-real,train,8
celeb-df-v2__YouTube-real__00225,0,celeb-df-v2,YouTube-real,train,8
celeb-df-v2__YouTube-real__00298,0,celeb-df-v2,YouTube-real,train,8
celeb-df-v2__YouTube-real__00086,0,celeb-df-v2,YouTube-real,train,8
celeb-df-v2__YouTube-real__00028,0,celeb-df-v2,YouTube-real,val,8
celeb-df-v2__YouTube-real__00037,0,celeb-df-v2,YouTube-real,train,8
celeb-df-v2__YouTube-real__00164,0,celeb-df-v2,YouTube-real,train,8
celeb-df-v2__YouTube-real__00020,0,celeb-df-v2,YouTube-real,train,8
celeb-df-v2__YouTube-real__00270,0,celeb-df-v2,YouTube-real,train,8
celeb-df-v2__YouTube-real__00228,0,celeb-df-v2,YouTube-real,train,8
celeb-df-v2__YouTube-real__00126,0,celeb-df-v2,YouTube-real,val,8
celeb-df-v2__YouTube-real__00092,0,celeb-df-v2,YouTube-real,train,8
celeb-df-v2__YouTube-real__00280,0,celeb-df-v2,YouTube-real,train,8
celeb-df-v2__YouTube-real__00143,0,celeb-df-v2,YouTube-real,train,8
celeb-df-v2__YouTube-real__00022,0,celeb-df-v2,YouTube-real,holdout,8
celeb-df-v2__YouTube-real__00197,0,celeb-df-v2,YouTube-real,train,8
celeb-df-v2__YouTube-real__00042,0,celeb-df-v2,YouTube-real,train,8
celeb-df-v2__YouTube-real__00080,0,celeb-df-v2,YouTube-real,train,8
celeb-df-v2__YouTube-real__00090,0,celeb-df-v2,YouTube-real,train,8
celeb-df-v2__YouTube-real__00211,0,celeb-df-v2,YouTube-real,train,8
celeb-df-v2__YouTube-real__00213,0,celeb-df-v2,YouTube-real,train,8
celeb-df-v2__YouTube-real__00107,0,celeb-df-v2,YouTube-real,holdout,8
celeb-df-v2__YouTube-real__00041,0,celeb-df-v2,YouTube-real,train,8
celeb-df-v2__YouTube-real__00095,0,celeb-df-v2,YouTube-real,train,8
celeb-df-v2__YouTube-real__00266,0,celeb-df-v2,YouTube-real,train,8
celeb-df-v2__YouTube-real__00205,0,celeb-df-v2,YouTube-real,val,8
celeb-df-v2__YouTube-real__00115,0,celeb-df-v2,YouTube-real,train,8
celeb-df-v2__YouTube-real__00165,0,celeb-df-v2,YouTube-real,train,8
celeb-df-v2__YouTube-real__00195,0,celeb-df-v2,YouTube-real,train,8
celeb-df-v2__YouTube-real__00053,0,celeb-df-v2,YouTube-real,train,8
celeb-df-v2__YouTube-real__00108,0,celeb-df-v2,YouTube-real,val,8
celeb-df-v2__YouTube-real__00254,0,celeb-df-v2,YouTube-real,train,8
celeb-df-v2__YouTube-real__00057,0,celeb-df-v2,YouTube-real,test,8
celeb-df-v2__YouTube-real__00033,0,celeb-df-v2,YouTube-real,val,8
celeb-df-v2__YouTube-real__00244,0,celeb-df-v2,YouTube-real,train,8
celeb-df-v2__YouTube-real__00064,0,celeb-df-v2,YouTube-real,train,8
celeb-df-v2__YouTube-real__00085,0,celeb-df-v2,YouTube-real,train,8
celeb-df-v2__YouTube-real__00285,0,celeb-df-v2,YouTube-real,train,8
celeb-df-v2__YouTube-real__00046,0,celeb-df-v2,YouTube-real,train,8
celeb-df-v2__YouTube-real__00200,0,celeb-df-v2,YouTube-real,train,8
celeb-df-v2__YouTube-real__00065,0,celeb-df-v2,YouTube-real,train,8
celeb-df-v2__YouTube-real__00250,0,celeb-df-v2,YouTube-real,train,8
celeb-df-v2__YouTube-real__00124,0,celeb-df-v2,YouTube-real,train,8
celeb-df-v2__YouTube-real__00224,0,celeb-df-v2,YouTube-real,train,8
celeb-df-v2__YouTube-real__00016,0,celeb-df-v2,YouTube-real,test,8
celeb-df-v2__YouTube-real__00286,0,celeb-df-v2,YouTube-real,train,8
celeb-df-v2__YouTube-real__00201,0,celeb-df-v2,YouTube-real,train,8
celeb-df-v2__YouTube-real__00212,0,celeb-df-v2,YouTube-real,train,8
celeb-df-v2__YouTube-real__00239,0,celeb-df-v2,YouTube-real,train,8
celeb-df-v2__YouTube-real__00293,0,celeb-df-v2,YouTube-real,train,8
celeb-df-v2__YouTube-real__00002,0,celeb-df-v2,YouTube-real,train,8
celeb-df-v2__YouTube-real__00084,0,celeb-df-v2,YouTube-real,train,8
celeb-df-v2__YouTube-real__00111,0,celeb-df-v2,YouTube-real,test,8
celeb-df-v2__YouTube-real__00221,0,celeb-df-v2,YouTube-real,train,8
celeb-df-v2__YouTube-real__00206,0,celeb-df-v2,YouTube-real,train,8
celeb-df-v2__YouTube-real__00236,0,celeb-df-v2,YouTube-real,val,8
celeb-df-v2__YouTube-real__00246,0,celeb-df-v2,YouTube-real,train,8
celeb-df-v2__YouTube-real__00102,0,celeb-df-v2,YouTube-real,train,8
celeb-df-v2__YouTube-real__00177,0,celeb-df-v2,YouTube-real,train,8
celeb-df-v2__YouTube-real__00073,0,celeb-df-v2,YouTube-real,val,8
celeb-df-v2__YouTube-real__00104,0,celeb-df-v2,YouTube-real,train,8
celeb-df-v2__YouTube-real__00188,0,celeb-df-v2,YouTube-real,train,8
celeb-df-v2__YouTube-real__00031,0,celeb-df-v2,YouTube-real,train,8
celeb-df-v2__YouTube-real__00051,0,celeb-df-v2,YouTube-real,holdout,8
celeb-df-v2__YouTube-real__00247,0,celeb-df-v2,YouTube-real,train,8
celeb-df-v2__YouTube-real__00153,0,celeb-df-v2,YouTube-real,train,8
celeb-df-v2__YouTube-real__00167,0,celeb-df-v2,YouTube-real,train,8
celeb-df-v2__YouTube-real__00251,0,celeb-df-v2,YouTube-real,train,8
celeb-df-v2__YouTube-real__00287,0,celeb-df-v2,YouTube-real,test,8
celeb-df-v2__YouTube-real__00146,0,celeb-df-v2,YouTube-real,train,8
celeb-df-v2__YouTube-real__00094,0,celeb-df-v2,YouTube-real,train,8
celeb-df-v2__YouTube-real__00263,0,celeb-df-v2,YouTube-real,train,8
celeb-df-v2__YouTube-real__00044,0,celeb-df-v2,YouTube-real,test,8
celeb-df-v2__YouTube-real__00130,0,celeb-df-v2,YouTube-real,val,8
celeb-df-v2__YouTube-real__00067,0,celeb-df-v2,YouTube-real,train,8
celeb-df-v2__YouTube-real__00169,0,celeb-df-v2,YouTube-real,train,8
celeb-df-v2__YouTube-real__00079,0,celeb-df-v2,YouTube-real,test,8
celeb-df-v2__YouTube-real__00054,0,celeb-df-v2,YouTube-real,train,8
celeb-df-v2__YouTube-real__00049,0,celeb-df-v2,YouTube-real,holdout,8
celeb-df-v2__YouTube-real__00089,0,celeb-df-v2,YouTube-real,train,8
celeb-df-v2__YouTube-real__00136,0,celeb-df-v2,YouTube-real,holdout,8
celeb-df-v2__YouTube-real__00048,0,celeb-df-v2,YouTube-real,train,8
celeb-df-v2__YouTube-real__00281,0,celeb-df-v2,YouTube-real,train,8
celeb-df-v2__YouTube-real__00171,0,celeb-df-v2,YouTube-real,train,8
celeb-df-v2__YouTube-real__00134,0,celeb-df-v2,YouTube-real,val,8
celeb-df-v2__YouTube-real__00082,0,celeb-df-v2,YouTube-real,train,8
celeb-df-v2__YouTube-real__00071,0,celeb-df-v2,YouTube-real,test,8
celeb-df-v2__YouTube-real__00005,0,celeb-df-v2,YouTube-real,train,8
celeb-df-v2__YouTube-real__00233,0,celeb-df-v2,YouTube-real,train,8
celeb-df-v2__YouTube-real__00175,0,celeb-df-v2,YouTube-real,train,8
celeb-df-v2__YouTube-real__00043,0,celeb-df-v2,YouTube-real,train,8
celeb-df-v2__YouTube-real__00007,0,celeb-df-v2,YouTube-real,train,8
celeb-df-v2__YouTube-real__00299,0,celeb-df-v2,YouTube-real,train,8
celeb-df-v2__YouTube-real__00137,0,celeb-df-v2,YouTube-real,val,8
celeb-df-v2__YouTube-real__00055,0,celeb-df-v2,YouTube-real,train,8
celeb-df-v2__YouTube-real__00040,0,celeb-df-v2,YouTube-real,holdout,8
celeb-df-v2__YouTube-real__00099,0,celeb-df-v2,YouTube-real,train,8
celeb-df-v2__YouTube-real__00145,0,celeb-df-v2,YouTube-real,train,8
celeb-df-v2__YouTube-real__00189,0,celeb-df-v2,YouTube-real,holdout,8
celeb-df-v2__YouTube-real__00142,0,celeb-df-v2,YouTube-real,test,8
celeb-df-v2__YouTube-real__00015,0,celeb-df-v2,YouTube-real,test,8
celeb-df-v2__YouTube-real__00291,0,celeb-df-v2,YouTube-real,train,8
celeb-df-v2__YouTube-real__00004,0,celeb-df-v2,YouTube-real,train,8
celeb-df-v2__YouTube-real__00160,0,celeb-df-v2,YouTube-real,train,8
celeb-df-v2__YouTube-real__00026,0,celeb-df-v2,YouTube-real,train,8
celeb-df-v2__YouTube-real__00234,0,celeb-df-v2,YouTube-real,val,8
celeb-df-v2__YouTube-real__00210,0,celeb-df-v2,YouTube-real,train,8
celeb-df-v2__YouTube-real__00098,0,celeb-df-v2,YouTube-real,holdout,8
celeb-df-v2__YouTube-real__00240,0,celeb-df-v2,YouTube-real,train,8
celeb-df-v2__YouTube-real__00118,0,celeb-df-v2,YouTube-real,train,8
celeb-df-v2__YouTube-real__00203,0,celeb-df-v2,YouTube-real,train,8
celeb-df-v2__YouTube-real__00265,0,celeb-df-v2,YouTube-real,train,8
celeb-df-v2__YouTube-real__00062,0,celeb-df-v2,YouTube-real,train,8
celeb-df-v2__YouTube-real__00135,0,celeb-df-v2,YouTube-real,holdout,8
celeb-df-v2__YouTube-real__00158,0,celeb-df-v2,YouTube-real,train,8
celeb-df-v2__YouTube-real__00074,0,celeb-df-v2,YouTube-real,train,8
celeb-df-v2__YouTube-real__00217,0,celeb-df-v2,YouTube-real,train,8
celeb-df-v2__YouTube-real__00113,0,celeb-df-v2,YouTube-real,train,8
celeb-df-v2__YouTube-real__00295,0,celeb-df-v2,YouTube-real,holdout,8
celeb-df-v2__YouTube-real__00070,0,celeb-df-v2,YouTube-real,train,8
celeb-df-v2__YouTube-real__00218,0,celeb-df-v2,YouTube-real,train,8
celeb-df-v2__YouTube-real__00052,0,celeb-df-v2,YouTube-real,test,8
celeb-df-v2__YouTube-real__00252,0,celeb-df-v2,YouTube-real,train,8
celeb-df-v2__YouTube-real__00050,0,celeb-df-v2,YouTube-real,train,8
celeb-df-v2__YouTube-real__00056,0,celeb-df-v2,YouTube-real,val,8
celeb-df-v2__YouTube-real__00112,0,celeb-df-v2,YouTube-real,test,8
celeb-df-v2__YouTube-real__00276,0,celeb-df-v2,YouTube-real,train,8
celeb-df-v2__YouTube-real__00264,0,celeb-df-v2,YouTube-real,train,8
celeb-df-v2__YouTube-real__00157,0,celeb-df-v2,YouTube-real,train,8
celeb-df-v2__YouTube-real__00083,0,celeb-df-v2,YouTube-real,holdout,8
celeb-df-v2__YouTube-real__00087,0,celeb-df-v2,YouTube-real,val,8
celeb-df-v2__YouTube-real__00125,0,celeb-df-v2,YouTube-real,test,8
celeb-df-v2__YouTube-real__00190,0,celeb-df-v2,YouTube-real,train,8
celeb-df-v2__YouTube-real__00109,0,celeb-df-v2,YouTube-real,train,8
celeb-df-v2__YouTube-real__00030,0,celeb-df-v2,YouTube-real,train,8
celeb-df-v2__YouTube-real__00119,0,celeb-df-v2,YouTube-real,test,8
celeb-df-v2__YouTube-real__00232,0,celeb-df-v2,YouTube-real,holdout,8
celeb-df-v2__YouTube-real__00091,0,celeb-df-v2,YouTube-real,train,8
celeb-df-v2__YouTube-real__00168,0,celeb-df-v2,YouTube-real,train,8
celeb-df-v2__YouTube-real__00027,0,celeb-df-v2,YouTube-real,train,8
celeb-df-v2__YouTube-real__00000,0,celeb-df-v2,YouTube-real,train,8
celeb-df-v2__YouTube-real__00018,0,celeb-df-v2,YouTube-real,train,8
celeb-df-v2__YouTube-real__00154,0,celeb-df-v2,YouTube-real,train,8
celeb-df-v2__YouTube-real__00166,0,celeb-df-v2,YouTube-real,val,8
celeb-df-v2__YouTube-real__00253,0,celeb-df-v2,YouTube-real,train,8
celeb-df-v2__YouTube-real__00159,0,celeb-df-v2,YouTube-real,train,8
celeb-df-v2__YouTube-real__00181,0,celeb-df-v2,YouTube-real,holdout,8
celeb-df-v2__YouTube-real__00023,0,celeb-df-v2,YouTube-real,holdout,8
celeb-df-v2__YouTube-real__00009,0,celeb-df-v2,YouTube-real,train,8
celeb-df-v2__YouTube-real__00103,0,celeb-df-v2,YouTube-real,train,8
celeb-df-v2__YouTube-real__00114,0,celeb-df-v2,YouTube-real,test,8
celeb-df-v2__YouTube-real__00274,0,celeb-df-v2,YouTube-real,holdout,8
celeb-df-v2__YouTube-real__00151,0,celeb-df-v2,YouTube-real,train,8
celeb-df-v2__YouTube-real__00290,0,celeb-df-v2,YouTube-real,val,8
celeb-df-v2__YouTube-real__00021,0,celeb-df-v2,YouTube-real,train,8
celeb-df-v2__YouTube-real__00117,0,celeb-df-v2,YouTube-real,val,8
celeb-df-v2__YouTube-real__00292,0,celeb-df-v2,YouTube-real,train,8
celeb-df-v2__YouTube-real__00045,0,celeb-df-v2,YouTube-real,train,8
celeb-df-v2__YouTube-real__00256,0,celeb-df-v2,YouTube-real,train,8
celeb-df-v2__YouTube-real__00231,0,celeb-df-v2,YouTube-real,train,8
celeb-df-v2__YouTube-real__00258,0,celeb-df-v2,YouTube-real,test,8
celeb-df-v2__YouTube-real__00214,0,celeb-df-v2,YouTube-real,test,8
celeb-df-v2__YouTube-real__00163,0,celeb-df-v2,YouTube-real,train,8
celeb-df-v2__YouTube-real__00184,0,celeb-df-v2,YouTube-real,train,8
celeb-df-v2__YouTube-real__00029,0,celeb-df-v2,YouTube-real,train,8
celeb-df-v2__YouTube-real__00176,0,celeb-df-v2,YouTube-real,holdout,8
celeb-df-v2__YouTube-real__00273,0,celeb-df-v2,YouTube-real,val,8
celeb-df-v2__YouTube-real__00222,0,celeb-df-v2,YouTube-real,train,8
celeb-df-v2__YouTube-real__00006,0,celeb-df-v2,YouTube-real,train,8
celeb-df-v2__YouTube-real__00101,0,celeb-df-v2,YouTube-real,test,8
celeb-df-v2__YouTube-real__00199,0,celeb-df-v2,YouTube-real,train,8
celeb-df-v2__YouTube-real__00294,0,celeb-df-v2,YouTube-real,val,8
celeb-df-v2__YouTube-real__00271,0,celeb-df-v2,YouTube-real,train,8
celeb-df-v2__YouTube-real__00047,0,celeb-df-v2,YouTube-real,test,8
celeb-df-v2__YouTube-real__00284,0,celeb-df-v2,YouTube-real,train,8
celeb-df-v2__YouTube-real__00132,0,celeb-df-v2,YouTube-real,train,8
celeb-df-v2__YouTube-real__00278,0,celeb-df-v2,YouTube-real,train,8
celeb-df-v2__YouTube-real__00172,0,celeb-df-v2,YouTube-real,test,8
celeb-df-v2__YouTube-real__00068,0,celeb-df-v2,YouTube-real,train,8
celeb-df-v2__YouTube-real__00187,0,celeb-df-v2,YouTube-real,train,8
celeb-df-v2__YouTube-real__00105,0,celeb-df-v2,YouTube-real,train,8
celeb-df-v2__YouTube-real__00174,0,celeb-df-v2,YouTube-real,test,8
celeb-df-v2__YouTube-real__00161,0,celeb-df-v2,YouTube-real,val,8
celeb-df-v2__YouTube-real__00182,0,celeb-df-v2,YouTube-real,train,8
celeb-df-v2__YouTube-real__00014,0,celeb-df-v2,YouTube-real,train,8
celeb-df-v2__YouTube-real__00035,0,celeb-df-v2,YouTube-real,holdout,8
celeb-df-v2__YouTube-real__00075,0,celeb-df-v2,YouTube-real,train,8
celeb-df-v2__YouTube-real__00226,0,celeb-df-v2,YouTube-real,train,8
celeb-df-v2__YouTube-real__00275,0,celeb-df-v2,YouTube-real,train,8
celeb-df-v2__YouTube-real__00001,0,celeb-df-v2,YouTube-real,train,8
celeb-df-v2__YouTube-real__00179,0,celeb-df-v2,YouTube-real,train,8
celeb-df-v2__YouTube-real__00245,0,celeb-df-v2,YouTube-real,train,8
celeb-df-v2__YouTube-real__00076,0,celeb-df-v2,YouTube-real,train,8
celeb-df-v2__YouTube-real__00019,0,celeb-df-v2,YouTube-real,train,8
celeb-df-v2__YouTube-real__00208,0,celeb-df-v2,YouTube-real,train,8
celeb-df-v2__YouTube-real__00144,0,celeb-df-v2,YouTube-real,train,8
celeb-df-v2__YouTube-real__00131,0,celeb-df-v2,YouTube-real,train,8
celeb-df-v2__YouTube-real__00039,0,celeb-df-v2,YouTube-real,train,8
celeb-df-v2__YouTube-real__00013,0,celeb-df-v2,YouTube-real,test,8
celeb-df-v2__YouTube-real__00272,0,celeb-df-v2,YouTube-real,val,8
celeb-df-v2__YouTube-real__00066,0,celeb-df-v2,YouTube-real,train,8
celeb-df-v2__YouTube-real__00155,0,celeb-df-v2,YouTube-real,train,8
celeb-df-v2__YouTube-real__00081,0,celeb-df-v2,YouTube-real,test,8
celeb-df-v2__YouTube-real__00178,0,celeb-df-v2,YouTube-real,train,8
celeb-df-v2__YouTube-real__00077,0,celeb-df-v2,YouTube-real,train,8
celeb-df-v2__YouTube-real__00138,0,celeb-df-v2,YouTube-real,val,8
celeb-df-v2__YouTube-real__00032,0,celeb-df-v2,YouTube-real,train,8
celeb-df-v2__YouTube-real__00193,0,celeb-df-v2,YouTube-real,holdout,8
celeb-df-v2__Celeb-synthesis__id51_id50_0008,1,celeb-df-v2,Celeb-synthesis,train,8
celeb-df-v2__Celeb-synthesis__id52_id55_0005,1,celeb-df-v2,Celeb-synthesis,val,8
celeb-df-v2__Celeb-synthesis__id44_id48_0000,1,celeb-df-v2,Celeb-synthesis,train,8
celeb-df-v2__Celeb-synthesis__id37_id3_0003,1,celeb-df-v2,Celeb-synthesis,train,8
celeb-df-v2__Celeb-synthesis__id39_id44_0006,1,celeb-df-v2,Celeb-synthesis,val,8
celeb-df-v2__Celeb-synthesis__id3_id1_0008,1,celeb-df-v2,Celeb-synthesis,train,8
celeb-df-v2__Celeb-synthesis__id20_id16_0007,1,celeb-df-v2,Celeb-synthesis,train,8
celeb-df-v2__Celeb-synthesis__id23_id1_0003,1,celeb-df-v2,Celeb-synthesis,val,8
celeb-df-v2__Celeb-synthesis__id31_id16_0003,1,celeb-df-v2,Celeb-synthesis,train,8
celeb-df-v2__Celeb-synthesis__id11_id7_0001,1,celeb-df-v2,Celeb-synthesis,train,8
celeb-df-v2__Celeb-synthesis__id23_id38_0006,1,celeb-df-v2,Celeb-synthesis,val,8
celeb-df-v2__Celeb-synthesis__id43_id41_0009,1,celeb-df-v2,Celeb-synthesis,val,8
celeb-df-v2__Celeb-synthesis__id2_id1_0006,1,celeb-df-v2,Celeb-synthesis,holdout,8
celeb-df-v2__Celeb-synthesis__id49_id58_0009,1,celeb-df-v2,Celeb-synthesis,holdout,8
celeb-df-v2__Celeb-synthesis__id48_id43_0007,1,celeb-df-v2,Celeb-synthesis,train,8
celeb-df-v2__Celeb-synthesis__id49_id55_0002,1,celeb-df-v2,Celeb-synthesis,holdout,8
celeb-df-v2__Celeb-synthesis__id40_id46_0000,1,celeb-df-v2,Celeb-synthesis,test,8
celeb-df-v2__Celeb-synthesis__id32_id38_0006,1,celeb-df-v2,Celeb-synthesis,train,8
celeb-df-v2__Celeb-synthesis__id17_id37_0001,1,celeb-df-v2,Celeb-synthesis,holdout,8
celeb-df-v2__Celeb-synthesis__id23_id6_0000,1,celeb-df-v2,Celeb-synthesis,val,8
celeb-df-v2__Celeb-synthesis__id17_id23_0005,1,celeb-df-v2,Celeb-synthesis,holdout,8
celeb-df-v2__Celeb-synthesis__id46_id43_0009,1,celeb-df-v2,Celeb-synthesis,train,8
celeb-df-v2__Celeb-synthesis__id49_id51_0004,1,celeb-df-v2,Celeb-synthesis,holdout,8
celeb-df-v2__Celeb-synthesis__id29_id35_0003,1,celeb-df-v2,Celeb-synthesis,train,8
celeb-df-v2__Celeb-synthesis__id30_id23_0003,1,celeb-df-v2,Celeb-synthesis,train,8
celeb-df-v2__Celeb-synthesis__id37_id33_0008,1,celeb-df-v2,Celeb-synthesis,train,8
celeb-df-v2__Celeb-synthesis__id28_id27_0009,1,celeb-df-v2,Celeb-synthesis,holdout,8
celeb-df-v2__Celeb-synthesis__id17_id6_0006,1,celeb-df-v2,Celeb-synthesis,holdout,8
celeb-df-v2__Celeb-synthesis__id6_id16_0009,1,celeb-df-v2,Celeb-synthesis,train,8
celeb-df-v2__Celeb-synthesis__id55_id52_0001,1,celeb-df-v2,Celeb-synthesis,train,8
celeb-df-v2__Celeb-synthesis__id40_id43_0009,1,celeb-df-v2,Celeb-synthesis,test,8
celeb-df-v2__Celeb-synthesis__id16_id3_0006,1,celeb-df-v2,Celeb-synthesis,train,8
celeb-df-v2__Celeb-synthesis__id50_id51_0009,1,celeb-df-v2,Celeb-synthesis,holdout,8
celeb-df-v2__Celeb-synthesis__id49_id56_0002,1,celeb-df-v2,Celeb-synthesis,holdout,8
celeb-df-v2__Celeb-synthesis__id37_id31_0006,1,celeb-df-v2,Celeb-synthesis,train,8
celeb-df-v2__Celeb-synthesis__id23_id17_0006,1,celeb-df-v2,Celeb-synthesis,val,8
celeb-df-v2__Celeb-synthesis__id30_id29_0006,1,celeb-df-v2,Celeb-synthesis,train,8
celeb-df-v2__Celeb-synthesis__id28_id1_0006,1,celeb-df-v2,Celeb-synthesis,holdout,8
celeb-df-v2__Celeb-synthesis__id46_id47_0006,1,celeb-df-v2,Celeb-synthesis,train,8
celeb-df-v2__Celeb-synthesis__id20_id25_0000,1,celeb-df-v2,Celeb-synthesis,train,8
celeb-df-v2__Celeb-synthesis__id28_id19_0006,1,celeb-df-v2,Celeb-synthesis,holdout,8
celeb-df-v2__Celeb-synthesis__id17_id30_0004,1,celeb-df-v2,Celeb-synthesis,holdout,8
celeb-df-v2__Celeb-synthesis__id37_id35_0002,1,celeb-df-v2,Celeb-synthesis,train,8
celeb-df-v2__Celeb-synthesis__id45_id41_0006,1,celeb-df-v2,Celeb-synthesis,train,8
celeb-df-v2__Celeb-synthesis__id47_id43_0007,1,celeb-df-v2,Celeb-synthesis,train,8
celeb-df-v2__Celeb-synthesis__id26_id32_0002,1,celeb-df-v2,Celeb-synthesis,train,8
celeb-df-v2__Celeb-synthesis__id40_id48_0008,1,celeb-df-v2,Celeb-synthesis,test,8
celeb-df-v2__Celeb-synthesis__id16_id3_0013,1,celeb-df-v2,Celeb-synthesis,train,8
celeb-df-v2__Celeb-synthesis__id50_id49_0004,1,celeb-df-v2,Celeb-synthesis,holdout,8
celeb-df-v2__Celeb-synthesis__id21_id17_0006,1,celeb-df-v2,Celeb-synthesis,train,8
celeb-df-v2__Celeb-synthesis__id30_id28_0005,1,celeb-df-v2,Celeb-synthesis,train,8
celeb-df-v2__Celeb-synthesis__id35_id34_0004,1,celeb-df-v2,Celeb-synthesis,train,8
celeb-df-v2__Celeb-synthesis__id21_id1_0008,1,celeb-df-v2,Celeb-synthesis,train,8
celeb-df-v2__Celeb-synthesis__id35_id1_0007,1,celeb-df-v2,Celeb-synthesis,train,8
celeb-df-v2__Celeb-synthesis__id37_id26_0008,1,celeb-df-v2,Celeb-synthesis,train,8
celeb-df-v2__Celeb-synthesis__id37_id31_0001,1,celeb-df-v2,Celeb-synthesis,train,8
celeb-df-v2__Celeb-synthesis__id28_id33_0003,1,celeb-df-v2,Celeb-synthesis,holdout,8
celeb-df-v2__Celeb-synthesis__id32_id35_0004,1,celeb-df-v2,Celeb-synthesis,train,8
celeb-df-v2__Celeb-synthesis__id47_id41_0004,1,celeb-df-v2,Celeb-synthesis,train,8
celeb-df-v2__Celeb-synthesis__id22_id20_0002,1,celeb-df-v2,Celeb-synthesis,train,8
celeb-df-v2__Celeb-synthesis__id38_id35_0006,1,celeb-df-v2,Celeb-synthesis,test,8
celeb-df-v2__Celeb-synthesis__id6_id23_0005,1,celeb-df-v2,Celeb-synthesis,train,8
celeb-df-v2__Celeb-synthesis__id33_id34_0000,1,celeb-df-v2,Celeb-synthesis,holdout,8
celeb-df-v2__Celeb-synthesis__id30_id33_0000,1,celeb-df-v2,Celeb-synthesis,train,8
celeb-df-v2__Celeb-synthesis__id53_id58_0006,1,celeb-df-v2,Celeb-synthesis,test,8
celeb-df-v2__Celeb-synthesis__id54_id55_0009,1,celeb-df-v2,Celeb-synthesis,train,8
celeb-df-v2__Celeb-synthesis__id57_id53_0008,1,celeb-df-v2,Celeb-synthesis,test,8
celeb-df-v2__Celeb-synthesis__id3_id9_0008,1,celeb-df-v2,Celeb-synthesis,train,8
celeb-df-v2__Celeb-synthesis__id23_id2_0009,1,celeb-df-v2,Celeb-synthesis,val,8
celeb-df-v2__Celeb-synthesis__id33_id35_0001,1,celeb-df-v2,Celeb-synthesis,holdout,8
celeb-df-v2__Celeb-synthesis__id28_id1_0008,1,celeb-df-v2,Celeb-synthesis,holdout,8
celeb-df-v2__Celeb-synthesis__id0_id28_0001,1,celeb-df-v2,Celeb-synthesis,train,8
celeb-df-v2__Celeb-synthesis__id56_id49_0008,1,celeb-df-v2,Celeb-synthesis,test,8
celeb-df-v2__Celeb-synthesis__id23_id3_0006,1,celeb-df-v2,Celeb-synthesis,val,8
celeb-df-v2__Celeb-synthesis__id6_id30_0007,1,celeb-df-v2,Celeb-synthesis,train,8
celeb-df-v2__Celeb-synthesis__id28_id24_0004,1,celeb-df-v2,Celeb-synthesis,holdout,8
celeb-df-v2__Celeb-synthesis__id21_id33_0000,1,celeb-df-v2,Celeb-synthesis,train,8
celeb-df-v2__Celeb-synthesis__id8_id1_0002,1,celeb-df-v2,Celeb-synthesis,train,8
celeb-df-v2__Celeb-synthesis__id23_id0_0004,1,celeb-df-v2,Celeb-synthesis,val,8
celeb-df-v2__Celeb-synthesis__id33_id34_0004,1,celeb-df-v2,Celeb-synthesis,holdout,8
celeb-df-v2__Celeb-synthesis__id1_id9_0001,1,celeb-df-v2,Celeb-synthesis,test,8
celeb-df-v2__Celeb-synthesis__id1_id6_0007,1,celeb-df-v2,Celeb-synthesis,test,8
celeb-df-v2__Celeb-synthesis__id17_id26_0005,1,celeb-df-v2,Celeb-synthesis,holdout,8
celeb-df-v2__Celeb-synthesis__id29_id21_0004,1,celeb-df-v2,Celeb-synthesis,train,8
celeb-df-v2__Celeb-synthesis__id4_id1_0005,1,celeb-df-v2,Celeb-synthesis,train,8
celeb-df-v2__Celeb-synthesis__id31_id20_0003,1,celeb-df-v2,Celeb-synthesis,train,8
celeb-df-v2__Celeb-synthesis__id46_id42_0004,1,celeb-df-v2,Celeb-synthesis,train,8
celeb-df-v2__Celeb-synthesis__id4_id31_0003,1,celeb-df-v2,Celeb-synthesis,train,8
celeb-df-v2__Celeb-synthesis__id26_id2_0009,1,celeb-df-v2,Celeb-synthesis,train,8
celeb-df-v2__Celeb-synthesis__id30_id33_0009,1,celeb-df-v2,Celeb-synthesis,train,8
celeb-df-v2__Celeb-synthesis__id17_id37_0007,1,celeb-df-v2,Celeb-synthesis,holdout,8
celeb-df-v2__Celeb-synthesis__id0_id28_0009,1,celeb-df-v2,Celeb-synthesis,train,8
celeb-df-v2__Celeb-synthesis__id6_id28_0002,1,celeb-df-v2,Celeb-synthesis,train,8
celeb-df-v2__Celeb-synthesis__id56_id55_0002,1,celeb-df-v2,Celeb-synthesis,test,8
celeb-df-v2__Celeb-synthesis__id30_id3_0007,1,celeb-df-v2,Celeb-synthesis,train,8
celeb-df-v2__Celeb-synthesis__id16_id6_0005,1,celeb-df-v2,Celeb-synthesis,train,8
celeb-df-v2__Celeb-synthesis__id28_id32_0000,1,celeb-df-v2,Celeb-synthesis,holdout,8
celeb-df-v2__Celeb-synthesis__id45_id42_0008,1,celeb-df-v2,Celeb-synthesis,train,8
celeb-df-v2__Celeb-synthesis__id16_id20_0006,1,celeb-df-v2,Celeb-synthesis,train,8
celeb-df-v2__Celeb-synthesis__id45_id40_0002,1,celeb-df-v2,Celeb-synthesis,train,8
celeb-df-v2__Celeb-synthesis__id6_id16_0006,1,celeb-df-v2,Celeb-synthesis,train,8
celeb-df-v2__Celeb-synthesis__id16_id17_0005,1,celeb-df-v2,Celeb-synthesis,train,8
celeb-df-v2__Celeb-synthesis__id21_id22_0005,1,celeb-df-v2,Celeb-synthesis,train,8
celeb-df-v2__Celeb-synthesis__id31_id34_0002,1,celeb-df-v2,Celeb-synthesis,train,8
celeb-df-v2__Celeb-synthesis__id42_id44_0000,1,celeb-df-v2,Celeb-synthesis,train,8
celeb-df-v2__Celeb-synthesis__id10_id11_0007,1,celeb-df-v2,Celeb-synthesis,test,8
celeb-df-v2__Celeb-synthesis__id9_id3_0007,1,celeb-df-v2,Celeb-synthesis,train,8
celeb-df-v2__Celeb-synthesis__id61_id59_0009,1,celeb-df-v2,Celeb-synthesis,train,8
celeb-df-v2__Celeb-synthesis__id28_id17_0009,1,celeb-df-v2,Celeb-synthesis,holdout,8
celeb-df-v2__Celeb-synthesis__id38_id26_0008,1,celeb-df-v2,Celeb-synthesis,test,8
celeb-df-v2__Celeb-synthesis__id21_id25_0006,1,celeb-df-v2,Celeb-synthesis,train,8
celeb-df-v2__Celeb-synthesis__id26_id31_0009,1,celeb-df-v2,Celeb-synthesis,train,8
celeb-df-v2__Celeb-synthesis__id46_id45_0001,1,celeb-df-v2,Celeb-synthesis,train,8
celeb-df-v2__Celeb-synthesis__id11_id7_0000,1,celeb-df-v2,Celeb-synthesis,train,8
celeb-df-v2__Celeb-synthesis__id54_id55_0007,1,celeb-df-v2,Celeb-synthesis,train,8
celeb-df-v2__Celeb-synthesis__id16_id20_0005,1,celeb-df-v2,Celeb-synthesis,train,8
celeb-df-v2__Celeb-synthesis__id11_id7_0002,1,celeb-df-v2,Celeb-synthesis,train,8
celeb-df-v2__Celeb-synthesis__id24_id28_0006,1,celeb-df-v2,Celeb-synthesis,train,8
celeb-df-v2__Celeb-synthesis__id50_id57_0002,1,celeb-df-v2,Celeb-synthesis,holdout,8
celeb-df-v2__Celeb-synthesis__id37_id3_0006,1,celeb-df-v2,Celeb-synthesis,train,8
celeb-df-v2__Celeb-synthesis__id31_id34_0000,1,celeb-df-v2,Celeb-synthesis,train,8
celeb-df-v2__Celeb-synthesis__id35_id23_0007,1,celeb-df-v2,Celeb-synthesis,train,8
celeb-df-v2__Celeb-synthesis__id16_id3_0000,1,celeb-df-v2,Celeb-synthesis,train,8
celeb-df-v2__Celeb-synthesis__id30_id23_0000,1,celeb-df-v2,Celeb-synthesis,train,8
celeb-df-v2__Celeb-synthesis__id17_id35_0005,1,celeb-df-v2,Celeb-synthesis,holdout,8
celeb-df-v2__Celeb-synthesis__id31_id21_0000,1,celeb-df-v2,Celeb-synthesis,train,8
celeb-df-v2__Celeb-synthesis__id58_id55_0008,1,celeb-df-v2,Celeb-synthesis,holdout,8
celeb-df-v2__Celeb-synthesis__id30_id6_0009,1,celeb-df-v2,Celeb-synthesis,train,8
celeb-df-v2__Celeb-synthesis__id2_id35_0003,1,celeb-df-v2,Celeb-synthesis,holdout,8
celeb-df-v2__Celeb-synthesis__id21_id16_0002,1,celeb-df-v2,Celeb-synthesis,train,8
celeb-df-v2__Celeb-synthesis__id1_id37_0002,1,celeb-df-v2,Celeb-synthesis,test,8
celeb-df-v2__Celeb-synthesis__id38_id30_0009,1,celeb-df-v2,Celeb-synthesis,test,8
celeb-df-v2__Celeb-synthesis__id31_id3_0009,1,celeb-df-v2,Celeb-synthesis,train,8
celeb-df-v2__Celeb-synthesis__id23_id25_0000,1,celeb-df-v2,Celeb-synthesis,val,8
celeb-df-v2__Celeb-synthesis__id31_id23_0006,1,celeb-df-v2,Celeb-synthesis,train,8
celeb-df-v2__Celeb-synthesis__id52_id54_0009,1,celeb-df-v2,Celeb-synthesis,val,8
celeb-df-v2__Celeb-synthesis__id41_id42_0009,1,celeb-df-v2,Celeb-synthesis,train,8
celeb-df-v2__Celeb-synthesis__id3_id20_0005,1,celeb-df-v2,Celeb-synthesis,train,8
celeb-df-v2__Celeb-synthesis__id1_id35_0001,1,celeb-df-v2,Celeb-synthesis,test,8
celeb-df-v2__Celeb-synthesis__id2_id35_0002,1,celeb-df-v2,Celeb-synthesis,holdout,8
celeb-df-v2__Celeb-synthesis__id21_id27_0008,1,celeb-df-v2,Celeb-synthesis,train,8
celeb-df-v2__Celeb-synthesis__id47_id42_0000,1,celeb-df-v2,Celeb-synthesis,train,8
celeb-df-v2__Celeb-synthesis__id17_id9_0005,1,celeb-df-v2,Celeb-synthesis,holdout,8
celeb-df-v2__Celeb-synthesis__id28_id20_0008,1,celeb-df-v2,Celeb-synthesis,holdout,8
celeb-df-v2__Celeb-synthesis__id9_id1_0009,1,celeb-df-v2,Celeb-synthesis,train,8
celeb-df-v2__Celeb-synthesis__id56_id52_0006,1,celeb-df-v2,Celeb-synthesis,test,8
celeb-df-v2__Celeb-synthesis__id11_id7_0003,1,celeb-df-v2,Celeb-synthesis,train,8
celeb-df-v2__Celeb-synthesis__id9_id0_0003,1,celeb-df-v2,Celeb-synthesis,train,8
celeb-df-v2__Celeb-synthesis__id48_id39_0008,1,celeb-df-v2,Celeb-synthesis,train,8
celeb-df-v2__Celeb-synthesis__id37_id38_0001,1,celeb-df-v2,Celeb-synthesis,train,8
celeb-df-v2__Celeb-synthesis__id35_id23_0008,1,celeb-df-v2,Celeb-synthesis,train,8
celeb-df-v2__Celeb-synthesis__id20_id37_0009,1,celeb-df-v2,Celeb-synthesis,train,8
celeb-df-v2__Celeb-synthesis__id34_id21_0005,1,celeb-df-v2,Celeb-synthesis,train,8
celeb-df-v2__Celeb-synthesis__id38_id30_0005,1,celeb-df-v2,Celeb-synthesis,test,8
celeb-df-v2__Celeb-synthesis__id4_id6_0008,1,celeb-df-v2,Celeb-synthesis,train,8
celeb-df-v2__Celeb-synthesis__id0_id16_0007,1,celeb-df-v2,Celeb-synthesis,train,8
celeb-df-v2__Celeb-synthesis__id31_id32_0003,1,celeb-df-v2,Celeb-synthesis,train,8
celeb-df-v2__Celeb-synthesis__id9_id23_0005,1,celeb-df-v2,Celeb-synthesis,train,8
celeb-df-v2__Celeb-synthesis__id48_id43_0002,1,celeb-df-v2,Celeb-synthesis,train,8
celeb-df-v2__Celeb-synthesis__id60_id61_0005,1,celeb-df-v2,Celeb-synthesis,val,8
celeb-df-v2__Celeb-synthesis__id24_id19_0006,1,celeb-df-v2,Celeb-synthesis,train,8
celeb-df-v2__Celeb-synthesis__id59_id61_0006,1,celeb-df-v2,Celeb-synthesis,val,8
celeb-df-v2__Celeb-synthesis__id48_id41_0002,1,celeb-df-v2,Celeb-synthesis,train,8
celeb-df-v2__Celeb-synthesis__id46_id39_0004,1,celeb-df-v2,Celeb-synthesis,train,8
celeb-df-v2__Celeb-synthesis__id42_id41_0000,1,celeb-df-v2,Celeb-synthesis,train,8
celeb-df-v2__Celeb-synthesis__id28_id33_0006,1,celeb-df-v2,Celeb-synthesis,holdout,8
celeb-df-v2__Celeb-synthesis__id9_id1_0008,1,celeb-df-v2,Celeb-synthesis,train,8
celeb-df-v2__Celeb-synthesis__id3_id4_0004,1,celeb-df-v2,Celeb-synthesis,train,8
celeb-df-v2__Celeb-synthesis__id3_id23_0007,1,celeb-df-v2,Celeb-synthesis,train,8
celeb-df-v2__Celeb-synthesis__id58_id54_0003,1,celeb-df-v2,Celeb-synthesis,holdout,8
celeb-df-v2__Celeb-synthesis__id20_id16_0001,1,celeb-df-v2,Celeb-synthesis,train,8
celeb-df-v2__Celeb-synthesis__id13_id7_0007,1,celeb-df-v2,Celeb-synthesis,train,8
celeb-df-v2__Celeb-synthesis__id57_id49_0007,1,celeb-df-v2,Celeb-synthesis,test,8
celeb-df-v2__Celeb-synthesis__id26_id16_0004,1,celeb-df-v2,Celeb-synthesis,train,8
celeb-df-v2__Celeb-synthesis__id4_id37_0007,1,celeb-df-v2,Celeb-synthesis,train,8
celeb-df-v2__Celeb-synthesis__id35_id33_0006,1,celeb-df-v2,Celeb-synthesis,train,8
celeb-df-v2__Celeb-synthesis__id21_id6_0007,1,celeb-df-v2,Celeb-synthesis,train,8
celeb-df-v2__Celeb-synthesis__id20_id29_0008,1,celeb-df-v2,Celeb-synthesis,train,8
celeb-df-v2__Celeb-synthesis__id48_id47_0008,1,celeb-df-v2,Celeb-synthesis,train,8
celeb-df-v2__Celeb-synthesis__id28_id21_0005,1,celeb-df-v2,Celeb-synthesis,holdout,8
celeb-df-v2__Celeb-synthesis__id4_id2_0008,1,celeb-df-v2,Celeb-synthesis,train,8
celeb-df-v2__Celeb-synthesis__id49_id55_0007,1,celeb-df-v2,Celeb-synthesis,holdout,8
celeb-df-v2__Celeb-synthesis__id10_id13_0008,1,celeb-df-v2,Celeb-synthesis,test,8
celeb-df-v2__Celeb-synthesis__id39_id42_0001,1,celeb-df-v2,Celeb-synthesis,val,8
celeb-df-v2__Celeb-synthesis__id3_id17_0005,1,celeb-df-v2,Celeb-synthesis,train,8
celeb-df-v2__Celeb-synthesis__id46_id39_0002,1,celeb-df-v2,Celeb-synthesis,train,8
celeb-df-v2__Celeb-synthesis__id2_id4_0001,1,celeb-df-v2,Celeb-synthesis,holdout,8
celeb-df-v2__Celeb-synthesis__id20_id37_0004,1,celeb-df-v2,Celeb-synthesis,train,8
celeb-df-v2__Celeb-synthesis__id53_id52_0007,1,celeb-df-v2,Celeb-synthesis,test,8
celeb-df-v2__Celeb-synthesis__id19_id25_0006,1,celeb-df-v2,Celeb-synthesis,test,8
celeb-df-v2__Celeb-synthesis__id28_id26_0008,1,celeb-df-v2,Celeb-synthesis,holdout,8
celeb-df-v2__Celeb-synthesis__id30_id26_0004,1,celeb-df-v2,Celeb-synthesis,train,8
celeb-df-v2__Celeb-synthesis__id8_id3_0003,1,celeb-df-v2,Celeb-synthesis,train,8
celeb-df-v2__Celeb-synthesis__id34_id31_0005,1,celeb-df-v2,Celeb-synthesis,train,8
celeb-df-v2__Celeb-synthesis__id44_id42_0003,1,celeb-df-v2,Celeb-synthesis,train,8
celeb-df-v2__Celeb-synthesis__id26_id1_0003,1,celeb-df-v2,Celeb-synthesis,train,8
celeb-df-v2__Celeb-synthesis__id17_id21_0000,1,celeb-df-v2,Celeb-synthesis,holdout,8
celeb-df-v2__Celeb-synthesis__id26_id22_0004,1,celeb-df-v2,Celeb-synthesis,train,8
celeb-df-v2__Celeb-synthesis__id30_id23_0007,1,celeb-df-v2,Celeb-synthesis,train,8
celeb-df-v2__Celeb-synthesis__id51_id53_0006,1,celeb-df-v2,Celeb-synthesis,train,8
celeb-df-v2__Celeb-synthesis__id32_id30_0005,1,celeb-df-v2,Celeb-synthesis,train,8
celeb-df-v2__Celeb-synthesis__id37_id33_0009,1,celeb-df-v2,Celeb-synthesis,train,8
celeb-df-v2__Celeb-synthesis__id0_id23_0009,1,celeb-df-v2,Celeb-synthesis,train,8
celeb-df-v2__Celeb-synthesis__id10_id12_0001,1,celeb-df-v2,Celeb-synthesis,test,8
celeb-df-v2__Celeb-synthesis__id26_id1_0000,1,celeb-df-v2,Celeb-synthesis,train,8
celeb-df-v2__Celeb-synthesis__id47_id45_0004,1,celeb-df-v2,Celeb-synthesis,train,8
celeb-df-v2__Celeb-synthesis__id0_id26_0008,1,celeb-df-v2,Celeb-synthesis,train,8
celeb-df-v2__Celeb-synthesis__id43_id46_0008,1,celeb-df-v2,Celeb-synthesis,val,8
celeb-df-v2__Celeb-synthesis__id16_id20_0000,1,celeb-df-v2,Celeb-synthesis,train,8
celeb-df-v2__Celeb-synthesis__id3_id9_0000,1,celeb-df-v2,Celeb-synthesis,train,8
celeb-df-v2__Celeb-synthesis__id56_id53_0005,1,celeb-df-v2,Celeb-synthesis,test,8
celeb-df-v2__Celeb-synthesis__id52_id53_0008,1,celeb-df-v2,Celeb-synthesis,val,8
celeb-df-v2__Celeb-synthesis__id54_id56_0005,1,celeb-df-v2,Celeb-synthesis,train,8
celeb-df-v2__Celeb-synthesis__id2_id37_0001,1,celeb-df-v2,Celeb-synthesis,holdout,8
celeb-df-v2__Celeb-synthesis__id16_id0_0009,1,celeb-df-v2,Celeb-synthesis,train,8
celeb-df-v2__Celeb-synthesis__id31_id37_0001,1,celeb-df-v2,Celeb-synthesis,train,8
celeb-df-v2__Celeb-synthesis__id43_id42_0005,1,celeb-df-v2,Celeb-synthesis,val,8
celeb-df-v2__Celeb-synthesis__id20_id4_0006,1,celeb-df-v2,Celeb-synthesis,train,8
celeb-df-v2__Celeb-synthesis__id2_id1_0003,1,celeb-df-v2,Celeb-synthesis,holdout,8
celeb-df-v2__Celeb-synthesis__id28_id30_0006,1,celeb-df-v2,Celeb-synthesis,holdout,8
celeb-df-v2__Celeb-synthesis__id29_id34_0006,1,celeb-df-v2,Celeb-synthesis,train,8
celeb-df-v2__Celeb-synthesis__id2_id28_0009,1,celeb-df-v2,Celeb-synthesis,holdout,8
celeb-df-v2__Celeb-synthesis__id31_id26_0004,1,celeb-df-v2,Celeb-synthesis,train,8
celeb-df-v2__Celeb-synthesis__id9_id4_0004,1,celeb-df-v2,Celeb-synthesis,train,8
celeb-df-v2__Celeb-synthesis__id23_id4_0009,1,celeb-df-v2,Celeb-synthesis,val,8
celeb-df-v2__Celeb-synthesis__id5_id61_0004,1,celeb-df-v2,Celeb-synthesis,train,8
celeb-df-v2__Celeb-synthesis__id1_id3_0002,1,celeb-df-v2,Celeb-synthesis,test,8
celeb-df-v2__Celeb-synthesis__id37_id2_0009,1,celeb-df-v2,Celeb-synthesis,train,8
celeb-df-v2__Celeb-synthesis__id49_id57_0001,1,celeb-df-v2,Celeb-synthesis,holdout,8
celeb-df-v2__Celeb-synthesis__id7_id13_0009,1,celeb-df-v2,Celeb-synthesis,train,8
celeb-df-v2__Celeb-synthesis__id23_id9_0002,1,celeb-df-v2,Celeb-synthesis,val,8
celeb-df-v2__Celeb-synthesis__id32_id26_0000,1,celeb-df-v2,Celeb-synthesis,train,8
celeb-df-v2__Celeb-synthesis__id19_id26_0009,1,celeb-df-v2,Celeb-synthesis,test,8
celeb-df-v2__Celeb-synthesis__id1_id26_0004,1,celeb-df-v2,Celeb-synthesis,test,8
celeb-df-v2__Celeb-synthesis__id26_id0_0004,1,celeb-df-v2,Celeb-synthesis,train,8
celeb-df-v2__Celeb-synthesis__id29_id26_0008,1,celeb-df-v2,Celeb-synthesis,train,8
celeb-df-v2__Celeb-synthesis__id1_id2_0001,1,celeb-df-v2,Celeb-synthesis,test,8
celeb-df-v2__Celeb-synthesis__id38_id23_0006,1,celeb-df-v2,Celeb-synthesis,test,8
celeb-df-v2__Celeb-synthesis__id35_id31_0006,1,celeb-df-v2,Celeb-synthesis,train,8
celeb-df-v2__Celeb-synthesis__id47_id42_0009,1,celeb-df-v2,Celeb-synthesis,train,8
celeb-df-v2__Celeb-synthesis__id38_id30_0001,1,celeb-df-v2,Celeb-synthesis,test,8
celeb-df-v2__Celeb-synthesis__id9_id30_0006,1,celeb-df-v2,Celeb-synthesis,train,8
celeb-df-v2__Celeb-synthesis__id49_id58_0004,1,celeb-df-v2,Celeb-synthesis,holdout,8
celeb-df-v2__Celeb-synthesis__id20_id37_0006,1,celeb-df-v2,Celeb-synthesis,train,8
celeb-df-v2__Celeb-synthesis__id34_id28_0005,1,celeb-df-v2,Celeb-synthesis,train,8
celeb-df-v2__Celeb-synthesis__id47_id41_0001,1,celeb-df-v2,Celeb-synthesis,train,8
celeb-df-v2__Celeb-synthesis__id38_id33_0006,1,celeb-df-v2,Celeb-synthesis,test,8
celeb-df-v2__Celeb-synthesis__id16_id35_0007,1,celeb-df-v2,Celeb-synthesis,train,8
celeb-df-v2__Celeb-synthesis__id31_id1_0009,1,celeb-df-v2,Celeb-synthesis,train,8
celeb-df-v2__Celeb-synthesis__id1_id0_0007,1,celeb-df-v2,Celeb-synthesis,test,8
celeb-df-v2__Celeb-synthesis__id34_id31_0000,1,celeb-df-v2,Celeb-synthesis,train,8
celeb-df-v2__Celeb-synthesis__id17_id20_0005,1,celeb-df-v2,Celeb-synthesis,holdout,8
celeb-df-v2__Celeb-synthesis__id21_id20_0007,1,celeb-df-v2,Celeb-synthesis,train,8
celeb-df-v2__Celeb-synthesis__id56_id57_0006,1,celeb-df-v2,Celeb-synthesis,test,8
celeb-df-v2__Celeb-synthesis__id34_id35_0001,1,celeb-df-v2,Celeb-synthesis,train,8
celeb-df-v2__Celeb-synthesis__id28_id37_0002,1,celeb-df-v2,Celeb-synthesis,holdout,8
celeb-df-v2__Celeb-synthesis__id30_id9_0006,1,celeb-df-v2,Celeb-synthesis,train,8
celeb-df-v2__Celeb-synthesis__id37_id9_0009,1,celeb-df-v2,Celeb-synthesis,train,8
celeb-df-v2__Celeb-synthesis__id21_id16_0008,1,celeb-df-v2,Celeb-synthesis,train,8
celeb-df-v2__Celeb-synthesis__id17_id1_0006,1,celeb-df-v2,Celeb-synthesis,holdout,8
celeb-df-v2__Celeb-synthesis__id52_id58_0007,1,celeb-df-v2,Celeb-synthesis,val,8
celeb-df-v2__Celeb-synthesis__id21_id16_0009,1,celeb-df-v2,Celeb-synthesis,train,8
celeb-df-v2__Celeb-synthesis__id35_id23_0006,1,celeb-df-v2,Celeb-synthesis,train,8
celeb-df-v2__Celeb-synthesis__id4_id0_0003,1,celeb-df-v2,Celeb-synthesis,train,8
celeb-df-v2__Celeb-synthesis__id2_id0_0006,1,celeb-df-v2,Celeb-synthesis,holdout,8
celeb-df-v2__Celeb-synthesis__id55_id49_0009,1,celeb-df-v2,Celeb-synthesis,train,8
celeb-df-v2__Celeb-synthesis__id1_id28_0004,1,celeb-df-v2,Celeb-synthesis,test,8
celeb-df-v2__Celeb-synthesis__id35_id31_0003,1,celeb-df-v2,Celeb-synthesis,train,8
celeb-df-v2__Celeb-synthesis__id9_id35_0000,1,celeb-df-v2,Celeb-synthesis,train,8
celeb-df-v2__Celeb-synthesis__id37_id28_0007,1,celeb-df-v2,Celeb-synthesis,train,8
celeb-df-v2__Celeb-synthesis__id25_id23_0008,1,celeb-df-v2,Celeb-synthesis,train,8
celeb-df-v2__Celeb-synthesis__id20_id4_0005,1,celeb-df-v2,Celeb-synthesis,train,8
celeb-df-v2__Celeb-synthesis__id23_id26_0006,1,celeb-df-v2,Celeb-synthesis,val,8
celeb-df-v2__Celeb-synthesis__id35_id33_0003,1,celeb-df-v2,Celeb-synthesis,train,8
celeb-df-v2__Celeb-synthesis__id4_id28_0005,1,celeb-df-v2,Celeb-synthesis,train,8
celeb-df-v2__Celeb-synthesis__id57_id56_0002,1,celeb-df-v2,Celeb-synthesis,test,8
celeb-df-v2__Celeb-synthesis__id47_id40_0007,1,celeb-df-v2,Celeb-synthesis,train,8
celeb-df-v2__Celeb-synthesis__id21_id1_0004,1,celeb-df-v2,Celeb-synthesis,train,8
celeb-df-v2__Celeb-synthesis__id35_id6_0001,1,celeb-df-v2,Celeb-synthesis,train,8
celeb-df-v2__Celeb-synthesis__id0_id4_0005,1,celeb-df-v2,Celeb-synthesis,train,8
celeb-df-v2__Celeb-synthesis__id16_id23_0003,1,celeb-df-v2,Celeb-synthesis,train,8
celeb-df-v2__Celeb-synthesis__id21_id17_0005,1,celeb-df-v2,Celeb-synthesis,train,8
celeb-df-v2__Celeb-synthesis__id58_id51_0006,1,celeb-df-v2,Celeb-synthesis,holdout,8
celeb-df-v2__Celeb-synthesis__id6_id35_0001,1,celeb-df-v2,Celeb-synthesis,train,8
celeb-df-v2__Celeb-synthesis__id49_id50_0007,1,celeb-df-v2,Celeb-synthesis,holdout,8
celeb-df-v2__Celeb-synthesis__id16_id21_0004,1,celeb-df-v2,Celeb-synthesis,train,8
celeb-df-v2__Celeb-synthesis__id23_id31_0006,1,celeb-df-v2,Celeb-synthesis,val,8
celeb-df-v2__Celeb-synthesis__id54_id49_0008,1,celeb-df-v2,Celeb-synthesis,train,8
celeb-df-v2__Celeb-synthesis__id47_id48_0004,1,celeb-df-v2,Celeb-synthesis,train,8
celeb-df-v2__Celeb-synthesis__id12_id10_0006,1,celeb-df-v2,Celeb-synthesis,val,8
celeb-df-v2__Celeb-synthesis__id7_id12_0004,1,celeb-df-v2,Celeb-synthesis,train,8
celeb-df-v2__Celeb-synthesis__id30_id31_0004,1,celeb-df-v2,Celeb-synthesis,train,8
celeb-df-v2__Celeb-synthesis__id7_id13_0005,1,celeb-df-v2,Celeb-synthesis,train,8
celeb-df-v2__Celeb-synthesis__id10_id13_0006,1,celeb-df-v2,Celeb-synthesis,test,8
celeb-df-v2__Celeb-synthesis__id9_id16_0000,1,celeb-df-v2,Celeb-synthesis,train,8
celeb-df-v2__Celeb-synthesis__id40_id39_0006,1,celeb-df-v2,Celeb-synthesis,test,8
celeb-df-v2__Celeb-synthesis__id16_id31_0003,1,celeb-df-v2,Celeb-synthesis,train,8
celeb-df-v2__Celeb-synthesis__id28_id38_0003,1,celeb-df-v2,Celeb-synthesis,holdout,8
celeb-df-v2__Celeb-synthesis__id29_id37_0003,1,celeb-df-v2,Celeb-synthesis,train,8
celeb-df-v2__Celeb-synthesis__id4_id28_0008,1,celeb-df-v2,Celeb-synthesis,train,8
celeb-df-v2__Celeb-synthesis__id38_id20_0005,1,celeb-df-v2,Celeb-synthesis,test,8
celeb-df-v2__Celeb-synthesis__id45_id44_0007,1,celeb-df-v2,Celeb-synthesis,train,8
celeb-df-v2__Celeb-synthesis__id32_id31_0005,1,celeb-df-v2,Celeb-synthesis,train,8
celeb-df-v2__Celeb-synthesis__id9_id17_0007,1,celeb-df-v2,Celeb-synthesis,train,8
celeb-df-v2__Celeb-synthesis__id40_id43_0001,1,celeb-df-v2,Celeb-synthesis,test,8
celeb-df-v2__Celeb-synthesis__id20_id3_0007,1,celeb-df-v2,Celeb-synthesis,train,8
celeb-df-v2__Celeb-synthesis__id16_id20_0001,1,celeb-df-v2,Celeb-synthesis,train,8
celeb-df-v2__Celeb-synthesis__id49_id51_0000,1,celeb-df-v2,Celeb-synthesis,holdout,8
celeb-df-v2__Celeb-synthesis__id1_id4_0007,1,celeb-df-v2,Celeb-synthesis,test,8
celeb-df-v2__Celeb-synthesis__id53_id54_0003,1,celeb-df-v2,Celeb-synthesis,test,8
celeb-df-v2__Celeb-synthesis__id21_id26_0002,1,celeb-df-v2,Celeb-synthesis,train,8
celeb-df-v2__Celeb-synthesis__id47_id48_0007,1,celeb-df-v2,Celeb-synthesis,train,8
celeb-df-v2__Celeb-synthesis__id3_id2_0002,1,celeb-df-v2,Celeb-synthesis,train,8
celeb-df-v2__Celeb-synthesis__id22_id28_0002,1,celeb-df-v2,Celeb-synthesis,train,8
celeb-df-v2__Celeb-synthesis__id38_id33_0009,1,celeb-df-v2,Celeb-synthesis,test,8
celeb-df-v2__Celeb-synthesis__id38_id21_0008,1,celeb-df-v2,Celeb-synthesis,test,8
celeb-df-v2__Celeb-synthesis__id34_id38_0001,1,celeb-df-v2,Celeb-synthesis,train,8
celeb-df-v2__Celeb-synthesis__id35_id9_0000,1,celeb-df-v2,Celeb-synthesis,train,8
celeb-df-v2__Celeb-synthesis__id57_id56_0005,1,celeb-df-v2,Celeb-synthesis,test,8
celeb-df-v2__Celeb-synthesis__id27_id24_0008,1,celeb-df-v2,Celeb-synthesis,train,8
celeb-df-v2__Celeb-synthesis__id23_id26_0003,1,celeb-df-v2,Celeb-synthesis,val,8
celeb-df-v2__Celeb-synthesis__id0_id20_0006,1,celeb-df-v2,Celeb-synthesis,train,8
celeb-df-v2__Celeb-synthesis__id32_id28_0002,1,celeb-df-v2,Celeb-synthesis,train,8
celeb-df-v2__Celeb-synthesis__id31_id28_0009,1,celeb-df-v2,Celeb-synthesis,train,8
celeb-df-v2__Celeb-synthesis__id33_id23_0005,1,celeb-df-v2,Celeb-synthesis,holdout,8
celeb-df-v2__Celeb-synthesis__id8_id2_0007,1,celeb-df-v2,Celeb-synthesis,train,8
celeb-df-v2__Celeb-synthesis__id13_id10_0015,1,celeb-df-v2,Celeb-synthesis,train,8
celeb-df-v2__Celeb-synthesis__id9_id1_0002,1,celeb-df-v2,Celeb-synthesis,train,8
celeb-df-v2__Celeb-synthesis__id56_id54_0008,1,celeb-df-v2,Celeb-synthesis,test,8
celeb-df-v2__Celeb-synthesis__id47_id40_0005,1,celeb-df-v2,Celeb-synthesis,train,8
celeb-df-v2__Celeb-synthesis__id7_id12_0009,1,celeb-df-v2,Celeb-synthesis,train,8
celeb-df-v2__Celeb-synthesis__id2_id23_0004,1,celeb-df-v2,Celeb-synthesis,holdout,8
celeb-df-v2__Celeb-synthesis__id9_id26_0006,1,celeb-df-v2,Celeb-synthesis,train,8
celeb-df-v2__Celeb-synthesis__id50_id49_0006,1,celeb-df-v2,Celeb-synthesis,holdout,8
celeb-df-v2__Celeb-synthesis__id29_id31_0007,1,celeb-df-v2,Celeb-synthesis,train,8
celeb-df-v2__Celeb-synthesis__id4_id28_0001,1,celeb-df-v2,Celeb-synthesis,train,8
celeb-df-v2__Celeb-synthesis__id32_id20_0005,1,celeb-df-v2,Celeb-synthesis,train,8
celeb-df-v2__Celeb-synthesis__id51_id56_0001,1,celeb-df-v2,Celeb-synthesis,train,8
celeb-df-v2__Celeb-synthesis__id30_id35_0003,1,celeb-df-v2,Celeb-synthesis,train,8
celeb-df-v2__Celeb-synthesis__id46_id43_0004,1,celeb-df-v2,Celeb-synthesis,train,8
celeb-df-v2__Celeb-synthesis__id37_id30_0005,1,celeb-df-v2,Celeb-synthesis,train,8
celeb-df-v2__Celeb-synthesis__id16_id1_0000,1,celeb-df-v2,Celeb-synthesis,train,8
celeb-df-v2__Celeb-synthesis__id55_id50_0002,1,celeb-df-v2,Celeb-synthesis,train,8
celeb-df-v2__Celeb-synthesis__id23_id31_0001,1,celeb-df-v2,Celeb-synthesis,val,8
celeb-df-v2__Celeb-synthesis__id31_id34_0009,1,celeb-df-v2,Celeb-synthesis,train,8
celeb-df-v2__Celeb-synthesis__id2_id9_0002,1,celeb-df-v2,Celeb-synthesis,holdout,8
celeb-df-v2__Celeb-synthesis__id58_id52_0008,1,celeb-df-v2,Celeb-synthesis,holdout,8
celeb-df-v2__Celeb-synthesis__id23_id35_0003,1,celeb-df-v2,Celeb-synthesis,val,8
celeb-df-v2__Celeb-synthesis__id0_id2_0003,1,celeb-df-v2,Celeb-synthesis,train,8
celeb-df-v2__Celeb-synthesis__id31_id29_0009,1,celeb-df-v2,Celeb-synthesis,train,8
celeb-df-v2__Celeb-synthesis__id44_id43_0003,1,celeb-df-v2,Celeb-synthesis,train,8
celeb-df-v2__Celeb-synthesis__id52_id55_0007,1,celeb-df-v2,Celeb-synthesis,val,8
celeb-df-v2__Celeb-synthesis__id41_id47_0008,1,celeb-df-v2,Celeb-synthesis,train,8
celeb-df-v2__Celeb-synthesis__id43_id41_0006,1,celeb-df-v2,Celeb-synthesis,val,8
celeb-df-v2__Celeb-synthesis__id38_id31_0008,1,celeb-df-v2,Celeb-synthesis,test,8
celeb-df-v2__Celeb-synthesis__id12_id7_0006,1,celeb-df-v2,Celeb-synthesis,val,8
celeb-df-v2__Celeb-synthesis__id41_id44_0000,1,celeb-df-v2,Celeb-synthesis,train,8
celeb-df-v2__Celeb-synthesis__id37_id28_0002,1,celeb-df-v2,Celeb-synthesis,train,8
celeb-df-v2__Celeb-synthesis__id17_id1_0005,1,celeb-df-v2,Celeb-synthesis,holdout,8
celeb-df-v2__Celeb-synthesis__id47_id43_0008,1,celeb-df-v2,Celeb-synthesis,train,8
celeb-df-v2__Celeb-synthesis__id20_id24_0000,1,celeb-df-v2,Celeb-synthesis,train,8
celeb-df-v2__Celeb-synthesis__id20_id16_0006,1,celeb-df-v2,Celeb-synthesis,train,8
celeb-df-v2__Celeb-synthesis__id48_id43_0008,1,celeb-df-v2,Celeb-synthesis,train,8
celeb-df-v2__Celeb-synthesis__id35_id26_0006,1,celeb-df-v2,Celeb-synthesis,train,8
celeb-df-v2__Celeb-synthesis__id23_id0_0008,1,celeb-df-v2,Celeb-synthesis,val,8
celeb-df-v2__Celeb-synthesis__id35_id17_0008,1,celeb-df-v2,Celeb-synthesis,train,8
celeb-df-v2__Celeb-synthesis__id53_id55_0006,1,celeb-df-v2,Celeb-synthesis,test,8
celeb-df-v2__Celeb-synthesis__id57_id55_0004,1,celeb-df-v2,Celeb-synthesis,test,8
celeb-df-v2__Celeb-synthesis__id33_id38_0001,1,celeb-df-v2,Celeb-synthesis,holdout,8
celeb-df-v2__Celeb-synthesis__id6_id28_0004,1,celeb-df-v2,Celeb-synthesis,train,8
celeb-df-v2__Celeb-synthesis__id17_id16_0007,1,celeb-df-v2,Celeb-synthesis,holdout,8
celeb-df-v2__Celeb-synthesis__id1_id0_0009,1,celeb-df-v2,Celeb-synthesis,test,8
celeb-df-v2__Celeb-synthesis__id23_id37_0009,1,celeb-df-v2,Celeb-synthesis,val,8
celeb-df-v2__Celeb-synthesis__id35_id3_0002,1,celeb-df-v2,Celeb-synthesis,train,8
celeb-df-v2__Celeb-synthesis__id35_id17_0002,1,celeb-df-v2,Celeb-synthesis,train,8
celeb-df-v2__Celeb-synthesis__id25_id26_0006,1,celeb-df-v2,Celeb-synthesis,train,8
celeb-df-v2__Celeb-synthesis__id7_id10_0001,1,celeb-df-v2,Celeb-synthesis,train,8
celeb-df-v2__Celeb-synthesis__id20_id27_0000,1,celeb-df-v2,Celeb-synthesis,train,8
celeb-df-v2__Celeb-synthesis__id52_id49_0003,1,celeb-df-v2,Celeb-synthesis,val,8
celeb-df-v2__Celeb-synthesis__id59_id5_0001,1,celeb-df-v2,Celeb-synthesis,val,8
celeb-df-v2__Celeb-synthesis__id16_id37_0002,1,celeb-df-v2,Celeb-synthesis,train,8
celeb-df-v2__Celeb-synthesis__id2_id35_0007,1,celeb-df-v2,Celeb-synthesis,holdout,8
celeb-df-v2__Celeb-synthesis__id30_id37_0002,1,celeb-df-v2,Celeb-synthesis,train,8
celeb-df-v2__Celeb-synthesis__id42_id41_0001,1,celeb-df-v2,Celeb-synthesis,train,8
celeb-df-v2__Celeb-synthesis__id32_id29_0001,1,celeb-df-v2,Celeb-synthesis,train,8
celeb-df-v2__Celeb-synthesis__id23_id33_0006,1,celeb-df-v2,Celeb-synthesis,val,8
celeb-df-v2__Celeb-synthesis__id30_id4_0002,1,celeb-df-v2,Celeb-synthesis,train,8
celeb-df-v2__Celeb-synthesis__id60_id59_0004,1,celeb-df-v2,Celeb-synthesis,val,8
celeb-df-v2__Celeb-synthesis__id35_id29_0005,1,celeb-df-v2,Celeb-synthesis,train,8
celeb-df-v2__Celeb-synthesis__id51_id49_0008,1,celeb-df-v2,Celeb-synthesis,train,8
celeb-df-v2__Celeb-synthesis__id40_id42_0001,1,celeb-df-v2,Celeb-synthesis,test,8
celeb-df-v2__Celeb-synthesis__id38_id30_0007,1,celeb-df-v2,Celeb-synthesis,test,8
celeb-df-v2__Celeb-synthesis__id49_id55_0005,1,celeb-df-v2,Celeb-synthesis,holdout,8
celeb-df-v2__Celeb-synthesis__id4_id23_0003,1,celeb-df-v2,Celeb-synthesis,train,8
celeb-df-v2__Celeb-synthesis__id16_id28_0004,1,celeb-df-v2,Celeb-synthesis,train,8
celeb-df-v2__Celeb-synthesis__id19_id23_0009,1,celeb-df-v2,Celeb-synthesis,test,8
celeb-df-v2__Celeb-synthesis__id52_id49_0007,1,celeb-df-v2,Celeb-synthesis,val,8
celeb-df-v2__Celeb-synthesis__id53_id57_0002,1,celeb-df-v2,Celeb-synthesis,test,8
celeb-df-v2__Celeb-synthesis__id2_id30_0000,1,celeb-df-v2,Celeb-synthesis,holdout,8
celeb-df-v2__Celeb-synthesis__id0_id4_0009,1,celeb-df-v2,Celeb-synthesis,train,8
celeb-df-v2__Celeb-real__id49_0006,0,celeb-df-v2,Celeb-real,holdout,8
celeb-df-v2__Celeb-real__id27_0008,0,celeb-df-v2,Celeb-real,train,8
celeb-df-v2__Celeb-real__id32_0000,0,celeb-df-v2,Celeb-real,train,8
celeb-df-v2__Celeb-real__id1_0006,0,celeb-df-v2,Celeb-real,test,8
celeb-df-v2__Celeb-real__id50_0006,0,celeb-df-v2,Celeb-real,holdout,8
celeb-df-v2__Celeb-real__id55_0006,0,celeb-df-v2,Celeb-real,train,8
celeb-df-v2__Celeb-real__id0_0005,0,celeb-df-v2,Celeb-real,train,8
celeb-df-v2__Celeb-real__id32_0008,0,celeb-df-v2,Celeb-real,train,8
celeb-df-v2__Celeb-real__id0_0008,0,celeb-df-v2,Celeb-real,train,8
celeb-df-v2__Celeb-real__id3_0008,0,celeb-df-v2,Celeb-real,train,8
celeb-df-v2__Celeb-real__id50_0002,0,celeb-df-v2,Celeb-real,holdout,8
celeb-df-v2__Celeb-real__id61_0006,0,celeb-df-v2,Celeb-real,train,8
celeb-df-v2__Celeb-real__id52_0008,0,celeb-df-v2,Celeb-real,val,8
celeb-df-v2__Celeb-real__id39_0004,0,celeb-df-v2,Celeb-real,val,8
celeb-df-v2__Celeb-real__id2_0007,0,celeb-df-v2,Celeb-real,holdout,8
celeb-df-v2__Celeb-real__id28_0009,0,celeb-df-v2,Celeb-real,holdout,8
celeb-df-v2__Celeb-real__id25_0001,0,celeb-df-v2,Celeb-real,train,8
celeb-df-v2__Celeb-real__id45_0005,0,celeb-df-v2,Celeb-real,train,8
celeb-df-v2__Celeb-real__id38_0004,0,celeb-df-v2,Celeb-real,test,8
celeb-df-v2__Celeb-real__id25_0008,0,celeb-df-v2,Celeb-real,train,8
celeb-df-v2__Celeb-real__id53_0004,0,celeb-df-v2,Celeb-real,test,8
celeb-df-v2__Celeb-real__id33_0007,0,celeb-df-v2,Celeb-real,holdout,8
celeb-df-v2__Celeb-real__id26_0001,0,celeb-df-v2,Celeb-real,train,8
celeb-df-v2__Celeb-real__id26_0003,0,celeb-df-v2,Celeb-real,train,8
celeb-df-v2__Celeb-real__id34_0006,0,celeb-df-v2,Celeb-real,train,8
celeb-df-v2__Celeb-real__id17_0009,0,celeb-df-v2,Celeb-real,holdout,8
celeb-df-v2__Celeb-real__id50_0005,0,celeb-df-v2,Celeb-real,holdout,8
celeb-df-v2__Celeb-real__id47_0007,0,celeb-df-v2,Celeb-real,train,8
celeb-df-v2__Celeb-real__id35_0003,0,celeb-df-v2,Celeb-real,train,8
celeb-df-v2__Celeb-real__id19_0008,0,celeb-df-v2,Celeb-real,test,8
celeb-df-v2__Celeb-real__id13_0002,0,celeb-df-v2,Celeb-real,train,8
celeb-df-v2__Celeb-real__id28_0001,0,celeb-df-v2,Celeb-real,holdout,8
celeb-df-v2__Celeb-real__id36_0000,0,celeb-df-v2,Celeb-real,test,8
celeb-df-v2__Celeb-real__id16_0002,0,celeb-df-v2,Celeb-real,train,8
celeb-df-v2__Celeb-real__id19_0001,0,celeb-df-v2,Celeb-real,test,8
celeb-df-v2__Celeb-real__id60_0007,0,celeb-df-v2,Celeb-real,val,8
celeb-df-v2__Celeb-real__id47_0000,0,celeb-df-v2,Celeb-real,train,8
celeb-df-v2__Celeb-real__id55_0009,0,celeb-df-v2,Celeb-real,train,8
celeb-df-v2__Celeb-real__id38_0009,0,celeb-df-v2,Celeb-real,test,8
celeb-df-v2__Celeb-real__id13_0007,0,celeb-df-v2,Celeb-real,train,8
celeb-df-v2__Celeb-real__id32_0007,0,celeb-df-v2,Celeb-real,train,8
celeb-df-v2__Celeb-real__id48_0003,0,celeb-df-v2,Celeb-real,train,8
celeb-df-v2__Celeb-real__id10_0004,0,celeb-df-v2,Celeb-real,test,8
celeb-df-v2__Celeb-real__id41_0000,0,celeb-df-v2,Celeb-real,train,8
celeb-df-v2__Celeb-real__id56_0007,0,celeb-df-v2,Celeb-real,test,8
celeb-df-v2__Celeb-real__id24_0008,0,celeb-df-v2,Celeb-real,train,8
celeb-df-v2__Celeb-real__id13_0015,0,celeb-df-v2,Celeb-real,train,8
celeb-df-v2__Celeb-real__id59_0003,0,celeb-df-v2,Celeb-real,val,8
celeb-df-v2__Celeb-real__id28_0002,0,celeb-df-v2,Celeb-real,holdout,8
celeb-df-v2__Celeb-real__id38_0003,0,celeb-df-v2,Celeb-real,test,8
celeb-df-v2__Celeb-real__id7_0008,0,celeb-df-v2,Celeb-real,train,8
celeb-df-v2__Celeb-real__id51_0002,0,celeb-df-v2,Celeb-real,train,8
celeb-df-v2__Celeb-real__id59_0005,0,celeb-df-v2,Celeb-real,val,8
celeb-df-v2__Celeb-real__id22_0009,0,celeb-df-v2,Celeb-real,train,8
celeb-df-v2__Celeb-real__id34_0000,0,celeb-df-v2,Celeb-real,train,8
celeb-df-v2__Celeb-real__id6_0000,0,celeb-df-v2,Celeb-real,train,8
celeb-df-v2__Celeb-real__id27_0000,0,celeb-df-v2,Celeb-real,train,8
celeb-df-v2__Celeb-real__id2_0000,0,celeb-df-v2,Celeb-real,holdout,8
celeb-df-v2__Celeb-real__id12_0001,0,celeb-df-v2,Celeb-real,val,8
celeb-df-v2__Celeb-real__id8_0008,0,celeb-df-v2,Celeb-real,train,8
celeb-df-v2__Celeb-real__id39_0006,0,celeb-df-v2,Celeb-real,val,8
celeb-df-v2__Celeb-real__id11_0009,0,celeb-df-v2,Celeb-real,train,8
celeb-df-v2__Celeb-real__id56_0000,0,celeb-df-v2,Celeb-real,test,8
celeb-df-v2__Celeb-real__id3_0004,0,celeb-df-v2,Celeb-real,train,8
celeb-df-v2__Celeb-real__id24_0006,0,celeb-df-v2,Celeb-real,train,8
celeb-df-v2__Celeb-real__id6_0009,0,celeb-df-v2,Celeb-real,train,8
celeb-df-v2__Celeb-real__id6_0008,0,celeb-df-v2,Celeb-real,train,8
celeb-df-v2__Celeb-real__id38_0008,0,celeb-df-v2,Celeb-real,test,8
celeb-df-v2__Celeb-real__id36_0003,0,celeb-df-v2,Celeb-real,test,8
celeb-df-v2__Celeb-real__id41_0004,0,celeb-df-v2,Celeb-real,train,8
celeb-df-v2__Celeb-real__id12_0006,0,celeb-df-v2,Celeb-real,val,8
celeb-df-v2__Celeb-real__id23_0001,0,celeb-df-v2,Celeb-real,val,8
celeb-df-v2__Celeb-real__id57_0007,0,celeb-df-v2,Celeb-real,test,8
celeb-df-v2__Celeb-real__id4_0002,0,celeb-df-v2,Celeb-real,train,8
celeb-df-v2__Celeb-real__id57_0002,0,celeb-df-v2,Celeb-real,test,8
celeb-df-v2__Celeb-real__id35_0000,0,celeb-df-v2,Celeb-real,train,8
celeb-df-v2__Celeb-real__id43_0005,0,celeb-df-v2,Celeb-real,val,8
celeb-df-v2__Celeb-real__id0_0009,0,celeb-df-v2,Celeb-real,train,8
celeb-df-v2__Celeb-real__id53_0006,0,celeb-df-v2,Celeb-real,test,8
celeb-df-v2__Celeb-real__id53_0001,0,celeb-df-v2,Celeb-real,test,8
celeb-df-v2__Celeb-real__id46_0006,0,celeb-df-v2,Celeb-real,train,8
celeb-df-v2__Celeb-real__id2_0006,0,celeb-df-v2,Celeb-real,holdout,8
celeb-df-v2__Celeb-real__id61_0001,0,celeb-df-v2,Celeb-real,train,8
celeb-df-v2__Celeb-real__id22_0004,0,celeb-df-v2,Celeb-real,train,8
celeb-df-v2__Celeb-real__id57_0005,0,celeb-df-v2,Celeb-real,test,8
celeb-df-v2__Celeb-real__id50_0007,0,celeb-df-v2,Celeb-real,holdout,8
celeb-df-v2__Celeb-real__id7_0003,0,celeb-df-v2,Celeb-real,train,8
celeb-df-v2__Celeb-real__id9_0009,0,celeb-df-v2,Celeb-real,train,8
celeb-df-v2__Celeb-real__id29_0003,0,celeb-df-v2,Celeb-real,train,8
celeb-df-v2__Celeb-real__id30_0006,0,celeb-df-v2,Celeb-real,train,8
celeb-df-v2__Celeb-real__id51_0009,0,celeb-df-v2,Celeb-real,train,8
celeb-df-v2__Celeb-real__id38_0006,0,celeb-df-v2,Celeb-real,test,8
celeb-df-v2__Celeb-real__id56_0004,0,celeb-df-v2,Celeb-real,test,8
celeb-df-v2__Celeb-real__id8_0003,0,celeb-df-v2,Celeb-real,train,8
celeb-df-v2__Celeb-real__id1_0008,0,celeb-df-v2,Celeb-real,test,8
celeb-df-v2__Celeb-real__id16_0004,0,celeb-df-v2,Celeb-real,train,8
celeb-df-v2__Celeb-real__id23_0009,0,celeb-df-v2,Celeb-real,val,8
celeb-df-v2__Celeb-real__id37_0008,0,celeb-df-v2,Celeb-real,train,8
celeb-df-v2__Celeb-real__id61_0005,0,celeb-df-v2,Celeb-real,train,8
celeb-df-v2__Celeb-real__id55_0008,0,celeb-df-v2,Celeb-real,train,8
celeb-df-v2__Celeb-real__id8_0009,0,celeb-df-v2,Celeb-real,train,8
celeb-df-v2__Celeb-real__id27_0004,0,celeb-df-v2,Celeb-real,train,8
celeb-df-v2__Celeb-real__id39_0002,0,celeb-df-v2,Celeb-real,val,8
celeb-df-v2__Celeb-real__id45_0009,0,celeb-df-v2,Celeb-real,train,8
celeb-df-v2__Celeb-real__id8_0004,0,celeb-df-v2,Celeb-real,train,8
celeb-df-v2__Celeb-real__id45_0003,0,celeb-df-v2,Celeb-real,train,8
celeb-df-v2__Celeb-real__id31_0002,0,celeb-df-v2,Celeb-real,train,8
celeb-df-v2__Celeb-real__id6_0006,0,celeb-df-v2,Celeb-real,train,8
celeb-df-v2__Celeb-real__id56_0002,0,celeb-df-v2,Celeb-real,test,8
celeb-df-v2__Celeb-real__id9_0007,0,celeb-df-v2,Celeb-real,train,8
celeb-df-v2__Celeb-real__id57_0000,0,celeb-df-v2,Celeb-real,test,8
celeb-df-v2__Celeb-real__id2_0002,0,celeb-df-v2,Celeb-real,holdout,8
celeb-df-v2__Celeb-real__id41_0007,0,celeb-df-v2,Celeb-real,train,8
celeb-df-v2__Celeb-real__id44_0002,0,celeb-df-v2,Celeb-real,train,8
celeb-df-v2__Celeb-real__id4_0003,0,celeb-df-v2,Celeb-real,train,8
celeb-df-v2__Celeb-real__id58_0009,0,celeb-df-v2,Celeb-real,holdout,8
celeb-df-v2__Celeb-real__id43_0000,0,celeb-df-v2,Celeb-real,val,8
celeb-df-v2__Celeb-real__id20_0007,0,celeb-df-v2,Celeb-real,train,8
celeb-df-v2__Celeb-real__id35_0009,0,celeb-df-v2,Celeb-real,train,8
celeb-df-v2__Celeb-real__id34_0002,0,celeb-df-v2,Celeb-real,train,8
celeb-df-v2__Celeb-real__id42_0002,0,celeb-df-v2,Celeb-real,train,8
celeb-df-v2__Celeb-real__id42_0001,0,celeb-df-v2,Celeb-real,train,8
celeb-df-v2__Celeb-real__id10_0007,0,celeb-df-v2,Celeb-real,test,8
celeb-df-v2__Celeb-real__id53_0002,0,celeb-df-v2,Celeb-real,test,8
celeb-df-v2__Celeb-real__id31_0008,0,celeb-df-v2,Celeb-real,train,8
celeb-df-v2__Celeb-real__id49_0009,0,celeb-df-v2,Celeb-real,holdout,8
celeb-df-v2__Celeb-real__id41_0002,0,celeb-df-v2,Celeb-real,train,8
celeb-df-v2__Celeb-real__id11_0001,0,celeb-df-v2,Celeb-real,train,8
celeb-df-v2__Celeb-real__id43_0004,0,celeb-df-v2,Celeb-real,val,8
celeb-df-v2__Celeb-real__id49_0002,0,celeb-df-v2,Celeb-real,holdout,8
celeb-df-v2__Celeb-real__id61_0002,0,celeb-df-v2,Celeb-real,train,8
celeb-df-v2__Celeb-real__id23_0008,0,celeb-df-v2,Celeb-real,val,8
celeb-df-v2__Celeb-real__id7_0005,0,celeb-df-v2,Celeb-real,train,8
celeb-df-v2__Celeb-real__id38_0007,0,celeb-df-v2,Celeb-real,test,8
celeb-df-v2__Celeb-real__id1_0001,0,celeb-df-v2,Celeb-real,test,8
celeb-df-v2__Celeb-real__id31_0003,0,celeb-df-v2,Celeb-real,train,8
celeb-df-v2__Celeb-real__id32_0005,0,celeb-df-v2,Celeb-real,train,8
celeb-df-v2__Celeb-real__id32_0006,0,celeb-df-v2,Celeb-real,train,8
celeb-df-v2__Celeb-real__id38_0002,0,celeb-df-v2,Celeb-real,test,8
celeb-df-v2__Celeb-real__id5_0002,0,celeb-df-v2,Celeb-real,train,8
celeb-df-v2__Celeb-real__id9_0002,0,celeb-df-v2,Celeb-real,train,8
celeb-df-v2__Celeb-real__id54_0007,0,celeb-df-v2,Celeb-real,train,8
celeb-df-v2__Celeb-real__id16_0008,0,celeb-df-v2,Celeb-real,train,8
celeb-df-v2__Celeb-real__id47_0005,0,celeb-df-v2,Celeb-real,train,8
celeb-df-v2__Celeb-real__id37_0005,0,celeb-df-v2,Celeb-real,train,8
celeb-df-v2__Celeb-real__id53_0003,0,celeb-df-v2,Celeb-real,test,8
celeb-df-v2__Celeb-real__id30_0007,0,celeb-df-v2,Celeb-real,train,8
celeb-df-v2__Celeb-real__id58_0004,0,celeb-df-v2,Celeb-real,holdout,8
celeb-df-v2__Celeb-real__id39_0003,0,celeb-df-v2,Celeb-real,val,8
celeb-df-v2__Celeb-real__id0_0002,0,celeb-df-v2,Celeb-real,train,8
celeb-df-v2__Celeb-real__id24_0007,0,celeb-df-v2,Celeb-real,train,8
celeb-df-v2__Celeb-real__id56_0006,0,celeb-df-v2,Celeb-real,test,8
celeb-df-v2__Celeb-real__id39_0009,0,celeb-df-v2,Celeb-real,val,8
celeb-df-v2__Celeb-real__id13_0005,0,celeb-df-v2,Celeb-real,train,8
celeb-df-v2__Celeb-real__id17_0007,0,celeb-df-v2,Celeb-real,holdout,8
celeb-df-v2__Celeb-real__id37_0006,0,celeb-df-v2,Celeb-real,train,8
celeb-df-v2__Celeb-real__id45_0002,0,celeb-df-v2,Celeb-real,train,8
celeb-df-v2__Celeb-real__id31_0005,0,celeb-df-v2,Celeb-real,train,8
celeb-df-v2__Celeb-real__id7_0007,0,celeb-df-v2,Celeb-real,train,8
celeb-df-v2__Celeb-real__id13_0010,0,celeb-df-v2,Celeb-real,train,8
celeb-df-v2__Celeb-real__id30_0001,0,celeb-df-v2,Celeb-real,train,8
celeb-df-v2__Celeb-real__id53_0009,0,celeb-df-v2,Celeb-real,test,8
celeb-df-v2__Celeb-real__id58_0002,0,celeb-df-v2,Celeb-real,holdout,8
celeb-df-v2__Celeb-real__id39_0000,0,celeb-df-v2,Celeb-real,val,8
celeb-df-v2__Celeb-real__id9_0004,0,celeb-df-v2,Celeb-real,train,8
celeb-df-v2__Celeb-real__id9_0001,0,celeb-df-v2,Celeb-real,train,8
celeb-df-v2__Celeb-real__id23_0004,0,celeb-df-v2,Celeb-real,val,8
celeb-df-v2__Celeb-real__id26_0002,0,celeb-df-v2,Celeb-real,train,8
celeb-df-v2__Celeb-real__id3_0000,0,celeb-df-v2,Celeb-real,train,8
celeb-df-v2__Celeb-real__id22_0006,0,celeb-df-v2,Celeb-real,train,8
celeb-df-v2__Celeb-real__id52_0000,0,celeb-df-v2,Celeb-real,val,8
celeb-df-v2__Celeb-real__id16_0011,0,celeb-df-v2,Celeb-real,train,8
celeb-df-v2__Celeb-real__id61_0008,0,celeb-df-v2,Celeb-real,train,8
celeb-df-v2__Celeb-real__id16_0010,0,celeb-df-v2,Celeb-real,train,8
celeb-df-v2__Celeb-real__id45_0001,0,celeb-df-v2,Celeb-real,train,8
celeb-df-v2__Celeb-real__id59_0008,0,celeb-df-v2,Celeb-real,val,8
celeb-df-v2__Celeb-real__id51_0005,0,celeb-df-v2,Celeb-real,train,8
celeb-df-v2__Celeb-real__id17_0002,0,celeb-df-v2,Celeb-real,holdout,8
celeb-df-v2__Celeb-real__id40_0005,0,celeb-df-v2,Celeb-real,test,8
celeb-df-v2__Celeb-real__id55_0005,0,celeb-df-v2,Celeb-real,train,8
celeb-df-v2__Celeb-real__id44_0001,0,celeb-df-v2,Celeb-real,train,8
celeb-df-v2__Celeb-real__id17_0004,0,celeb-df-v2,Celeb-real,holdout,8
celeb-df-v2__Celeb-real__id43_0003,0,celeb-df-v2,Celeb-real,val,8
celeb-df-v2__Celeb-real__id10_0008,0,celeb-df-v2,Celeb-real,test,8
celeb-df-v2__Celeb-real__id0_0001,0,celeb-df-v2,Celeb-real,train,8
celeb-df-v2__Celeb-real__id56_0008,0,celeb-df-v2,Celeb-real,test,8
celeb-df-v2__Celeb-real__id24_0003,0,celeb-df-v2,Celeb-real,train,8
celeb-df-v2__Celeb-real__id22_0002,0,celeb-df-v2,Celeb-real,train,8
celeb-df-v2__Celeb-real__id44_0005,0,celeb-df-v2,Celeb-real,train,8
celeb-df-v2__Celeb-real__id34_0009,0,celeb-df-v2,Celeb-real,train,8
celeb-df-v2__Celeb-real__id25_0000,0,celeb-df-v2,Celeb-real,train,8
celeb-df-v2__Celeb-real__id8_0007,0,celeb-df-v2,Celeb-real,train,8
celeb-df-v2__Celeb-real__id3_0003,0,celeb-df-v2,Celeb-real,train,8
celeb-df-v2__Celeb-real__id5_0008,0,celeb-df-v2,Celeb-real,train,8
celeb-df-v2__Celeb-real__id37_0003,0,celeb-df-v2,Celeb-real,train,8
celeb-df-v2__Celeb-real__id43_0009,0,celeb-df-v2,Celeb-real,val,8
celeb-df-v2__Celeb-real__id57_0003,0,celeb-df-v2,Celeb-real,test,8
celeb-df-v2__Celeb-real__id31_0006,0,celeb-df-v2,Celeb-real,train,8
celeb-df-v2__Celeb-real__id39_0008,0,celeb-df-v2,Celeb-real,val,8
celeb-df-v2__Celeb-real__id9_0008,0,celeb-df-v2,Celeb-real,train,8
celeb-df-v2__Celeb-real__id46_0000,0,celeb-df-v2,Celeb-real,train,8
celeb-df-v2__Celeb-real__id1_0004,0,celeb-df-v2,Celeb-real,test,8
celeb-df-v2__Celeb-real__id16_0007,0,celeb-df-v2,Celeb-real,train,8
celeb-df-v2__Celeb-real__id21_0005,0,celeb-df-v2,Celeb-real,train,8
celeb-df-v2__Celeb-real__id34_0008,0,celeb-df-v2,Celeb-real,train,8
celeb-df-v2__Celeb-real__id52_0002,0,celeb-df-v2,Celeb-real,val,8
celeb-df-v2__Celeb-real__id3_0009,0,celeb-df-v2,Celeb-real,train,8
celeb-df-v2__Celeb-real__id48_0000,0,celeb-df-v2,Celeb-real,train,8
celeb-df-v2__Celeb-real__id40_0003,0,celeb-df-v2,Celeb-real,test,8
celeb-df-v2__Celeb-real__id28_0003,0,celeb-df-v2,Celeb-real,holdout,8
celeb-df-v2__Celeb-real__id11_0002,0,celeb-df-v2,Celeb-real,train,8
celeb-df-v2__Celeb-real__id13_0012,0,celeb-df-v2,Celeb-real,train,8
celeb-df-v2__Celeb-real__id32_0003,0,celeb-df-v2,Celeb-real,train,8
celeb-df-v2__Celeb-real__id27_0009,0,celeb-df-v2,Celeb-real,train,8
celeb-df-v2__Celeb-real__id25_0004,0,celeb-df-v2,Celeb-real,train,8
celeb-df-v2__Celeb-real__id27_0001,0,celeb-df-v2,Celeb-real,train,8
celeb-df-v2__Celeb-real__id6_0003,0,celeb-df-v2,Celeb-real,train,8
celeb-df-v2__Celeb-real__id55_0001,0,celeb-df-v2,Celeb-real,train,8
celeb-df-v2__Celeb-real__id9_0000,0,celeb-df-v2,Celeb-real,train,8
celeb-df-v2__Celeb-real__id3_0006,0,celeb-df-v2,Celeb-real,train,8
celeb-df-v2__Celeb-real__id20_0008,0,celeb-df-v2,Celeb-real,train,8
celeb-df-v2__Celeb-real__id40_0006,0,celeb-df-v2,Celeb-real,test,8
celeb-df-v2__Celeb-real__id60_0004,0,celeb-df-v2,Celeb-real,val,8
celeb-df-v2__Celeb-real__id53_0005,0,celeb-df-v2,Celeb-real,test,8
celeb-df-v2__Celeb-real__id51_0007,0,celeb-df-v2,Celeb-real,train,8
celeb-df-v2__Celeb-real__id48_0009,0,celeb-df-v2,Celeb-real,train,8
celeb-df-v2__Celeb-real__id16_0000,0,celeb-df-v2,Celeb-real,train,8
celeb-df-v2__Celeb-real__id4_0000,0,celeb-df-v2,Celeb-real,train,8
celeb-df-v2__Celeb-real__id19_0006,0,celeb-df-v2,Celeb-real,test,8
celeb-df-v2__Celeb-real__id46_0009,0,celeb-df-v2,Celeb-real,train,8
celeb-df-v2__Celeb-real__id10_0003,0,celeb-df-v2,Celeb-real,test,8
celeb-df-v2__Celeb-real__id5_0000,0,celeb-df-v2,Celeb-real,train,8
celeb-df-v2__Celeb-real__id21_0000,0,celeb-df-v2,Celeb-real,train,8
celeb-df-v2__Celeb-real__id25_0010,0,celeb-df-v2,Celeb-real,train,8
celeb-df-v2__Celeb-real__id21_0001,0,celeb-df-v2,Celeb-real,train,8
celeb-df-v2__Celeb-real__id47_0004,0,celeb-df-v2,Celeb-real,train,8
celeb-df-v2__Celeb-real__id26_0008,0,celeb-df-v2,Celeb-real,train,8
celeb-df-v2__Celeb-real__id60_0006,0,celeb-df-v2,Celeb-real,val,8
celeb-df-v2__Celeb-real__id12_0002,0,celeb-df-v2,Celeb-real,val,8
celeb-df-v2__Celeb-real__id44_0000,0,celeb-df-v2,Celeb-real,train,8
celeb-df-v2__Celeb-real__id19_0007,0,celeb-df-v2,Celeb-real,test,8
celeb-df-v2__Celeb-real__id16_0001,0,celeb-df-v2,Celeb-real,train,8
celeb-df-v2__Celeb-real__id32_0009,0,celeb-df-v2,Celeb-real,train,8
celeb-df-v2__Celeb-real__id36_0007,0,celeb-df-v2,Celeb-real,test,8
celeb-df-v2__Celeb-real__id60_0000,0,celeb-df-v2,Celeb-real,val,8
celeb-df-v2__Celeb-real__id37_0002,0,celeb-df-v2,Celeb-real,train,8
celeb-df-v2__Celeb-real__id40_0007,0,celeb-df-v2,Celeb-real,test,8
celeb-df-v2__Celeb-real__id59_0007,0,celeb-df-v2,Celeb-real,val,8
celeb-df-v2__Celeb-real__id39_0007,0,celeb-df-v2,Celeb-real,val,8
celeb-df-v2__Celeb-real__id54_0003,0,celeb-df-v2,Celeb-real,train,8
celeb-df-v2__Celeb-real__id11_0004,0,celeb-df-v2,Celeb-real,train,7
celeb-df-v2__Celeb-real__id36_0004,0,celeb-df-v2,Celeb-real,test,8
celeb-df-v2__Celeb-real__id17_0008,0,celeb-df-v2,Celeb-real,holdout,8
celeb-df-v2__Celeb-real__id29_0001,0,celeb-df-v2,Celeb-real,train,8
celeb-df-v2__Celeb-real__id29_0005,0,celeb-df-v2,Celeb-real,train,8
celeb-df-v2__Celeb-real__id26_0000,0,celeb-df-v2,Celeb-real,train,8
celeb-df-v2__Celeb-real__id29_0000,0,celeb-df-v2,Celeb-real,train,8
celeb-df-v2__Celeb-real__id41_0001,0,celeb-df-v2,Celeb-real,train,8
celeb-df-v2__Celeb-real__id38_0001,0,celeb-df-v2,Celeb-real,test,8
celeb-df-v2__Celeb-real__id3_0007,0,celeb-df-v2,Celeb-real,train,8
celeb-df-v2__Celeb-real__id35_0006,0,celeb-df-v2,Celeb-real,train,8
celeb-df-v2__Celeb-real__id42_0004,0,celeb-df-v2,Celeb-real,train,8
celeb-df-v2__Celeb-real__id35_0007,0,celeb-df-v2,Celeb-real,train,8
celeb-df-v2__Celeb-real__id42_0003,0,celeb-df-v2,Celeb-real,train,8
celeb-df-v2__Celeb-real__id3_0005,0,celeb-df-v2,Celeb-real,train,8
celeb-df-v2__Celeb-real__id13_0013,0,celeb-df-v2,Celeb-real,train,8
celeb-df-v2__Celeb-real__id20_0005,0,celeb-df-v2,Celeb-real,train,8
celeb-df-v2__Celeb-real__id8_0000,0,celeb-df-v2,Celeb-real,train,8
celeb-df-v2__Celeb-real__id7_0009,0,celeb-df-v2,Celeb-real,train,8
celeb-df-v2__Celeb-real__id56_0005,0,celeb-df-v2,Celeb-real,test,8
celeb-df-v2__Celeb-real__id61_0003,0,celeb-df-v2,Celeb-real,train,8
celeb-df-v2__Celeb-real__id1_0009,0,celeb-df-v2,Celeb-real,test,8
celeb-df-v2__Celeb-real__id35_0008,0,celeb-df-v2,Celeb-real,train,8
celeb-df-v2__Celeb-real__id50_0000,0,celeb-df-v2,Celeb-real,holdout,8
celeb-df-v2__Celeb-real__id41_0005,0,celeb-df-v2,Celeb-real,train,8
celeb-df-v2__Celeb-real__id29_0006,0,celeb-df-v2,Celeb-real,train,8
celeb-df-v2__Celeb-real__id47_0003,0,celeb-df-v2,Celeb-real,train,8
celeb-df-v2__Celeb-real__id40_0004,0,celeb-df-v2,Celeb-real,test,8
celeb-df-v2__Celeb-real__id25_0005,0,celeb-df-v2,Celeb-real,train,8
celeb-df-v2__Celeb-real__id20_0001,0,celeb-df-v2,Celeb-real,train,8
celeb-df-v2__Celeb-real__id33_0005,0,celeb-df-v2,Celeb-real,holdout,8
celeb-df-v2__Celeb-real__id44_0003,0,celeb-df-v2,Celeb-real,train,8
celeb-df-v2__Celeb-real__id51_0001,0,celeb-df-v2,Celeb-real,train,8
celeb-df-v2__Celeb-real__id11_0010,0,celeb-df-v2,Celeb-real,train,8
celeb-df-v2__Celeb-real__id61_0007,0,celeb-df-v2,Celeb-real,train,8
celeb-df-v2__Celeb-real__id17_0003,0,celeb-df-v2,Celeb-real,holdout,8
celeb-df-v2__Celeb-real__id25_0009,0,celeb-df-v2,Celeb-real,train,8
celeb-df-v2__Celeb-real__id46_0003,0,celeb-df-v2,Celeb-real,train,8
celeb-df-v2__Celeb-real__id10_0001,0,celeb-df-v2,Celeb-real,test,8
celeb-df-v2__Celeb-real__id22_0000,0,celeb-df-v2,Celeb-real,train,8
celeb-df-v2__Celeb-real__id12_0003,0,celeb-df-v2,Celeb-real,val,8
celeb-df-v2__Celeb-real__id27_0002,0,celeb-df-v2,Celeb-real,train,8
celeb-df-v2__Celeb-real__id58_0008,0,celeb-df-v2,Celeb-real,holdout,8
celeb-df-v2__Celeb-real__id56_0001,0,celeb-df-v2,Celeb-real,test,8
celeb-df-v2__Celeb-real__id27_0006,0,celeb-df-v2,Celeb-real,train,8
celeb-df-v2__Celeb-real__id2_0009,0,celeb-df-v2,Celeb-real,holdout,8
celeb-df-v2__Celeb-real__id47_0002,0,celeb-df-v2,Celeb-real,train,8
celeb-df-v2__Celeb-real__id32_0004,0,celeb-df-v2,Celeb-real,train,8
celeb-df-v2__Celeb-real__id4_0008,0,celeb-df-v2,Celeb-real,train,8
celeb-df-v2__Celeb-real__id28_0004,0,celeb-df-v2,Celeb-real,holdout,8
celeb-df-v2__Celeb-real__id54_0002,0,celeb-df-v2,Celeb-real,train,8
celeb-df-v2__Celeb-real__id34_0004,0,celeb-df-v2,Celeb-real,train,8
celeb-df-v2__Celeb-real__id6_0004,0,celeb-df-v2,Celeb-real,train,8
celeb-df-v2__Celeb-real__id45_0006,0,celeb-df-v2,Celeb-real,train,8
celeb-df-v2__Celeb-real__id30_0002,0,celeb-df-v2,Celeb-real,train,8
celeb-df-v2__Celeb-real__id31_0007,0,celeb-df-v2,Celeb-real,train,8
celeb-df-v2__Celeb-real__id59_0004,0,celeb-df-v2,Celeb-real,val,8
celeb-df-v2__Celeb-real__id37_0004,0,celeb-df-v2,Celeb-real,train,8
celeb-df-v2__Celeb-real__id48_0008,0,celeb-df-v2,Celeb-real,train,8
celeb-df-v2__Celeb-real__id49_0007,0,celeb-df-v2,Celeb-real,holdout,8
celeb-df-v2__Celeb-real__id24_0002,0,celeb-df-v2,Celeb-real,train,8
celeb-df-v2__Celeb-real__id13_0006,0,celeb-df-v2,Celeb-real,train,8
celeb-df-v2__Celeb-real__id31_0000,0,celeb-df-v2,Celeb-real,train,8
celeb-df-v2__Celeb-real__id29_0009,0,celeb-df-v2,Celeb-real,train,8
celeb-df-v2__Celeb-real__id47_0008,0,celeb-df-v2,Celeb-real,train,8
celeb-df-v2__Celeb-real__id48_0007,0,celeb-df-v2,Celeb-real,train,8
celeb-df-v2__Celeb-real__id27_0003,0,celeb-df-v2,Celeb-real,train,8
celeb-df-v2__Celeb-real__id19_0009,0,celeb-df-v2,Celeb-real,test,8
celeb-df-v2__Celeb-real__id52_0001,0,celeb-df-v2,Celeb-real,val,8
celeb-df-v2__Celeb-real__id13_0008,0,celeb-df-v2,Celeb-real,train,8
celeb-df-v2__Celeb-real__id49_0000,0,celeb-df-v2,Celeb-real,holdout,8
celeb-df-v2__Celeb-real__id35_0002,0,celeb-df-v2,Celeb-real,train,8
celeb-df-v2__Celeb-real__id2_0008,0,celeb-df-v2,Celeb-real,holdout,8
celeb-df-v2__Celeb-real__id61_0004,0,celeb-df-v2,Celeb-real,train,8
celeb-df-v2__Celeb-real__id46_0005,0,celeb-df-v2,Celeb-real,train,8
celeb-df-v2__Celeb-real__id16_0006,0,celeb-df-v2,Celeb-real,train,8
celeb-df-v2__Celeb-real__id57_0008,0,celeb-df-v2,Celeb-real,test,8
celeb-df-v2__Celeb-real__id50_0009,0,celeb-df-v2,Celeb-real,holdout,8
celeb-df-v2__Celeb-real__id57_0006,0,celeb-df-v2,Celeb-real,test,8
celeb-df-v2__Celeb-real__id1_0000,0,celeb-df-v2,Celeb-real,test,8
celeb-df-v2__Celeb-real__id39_0001,0,celeb-df-v2,Celeb-real,val,8
celeb-df-v2__Celeb-real__id20_0006,0,celeb-df-v2,Celeb-real,train,8
celeb-df-v2__Celeb-real__id57_0009,0,celeb-df-v2,Celeb-real,test,8
celeb-df-v2__Celeb-real__id36_0002,0,celeb-df-v2,Celeb-real,test,8
celeb-df-v2__Celeb-real__id0_0006,0,celeb-df-v2,Celeb-real,train,8
celeb-df-v2__Celeb-real__id47_0009,0,celeb-df-v2,Celeb-real,train,8
celeb-df-v2__Celeb-real__id6_0007,0,celeb-df-v2,Celeb-real,train,8
celeb-df-v2__Celeb-real__id51_0004,0,celeb-df-v2,Celeb-real,train,8
celeb-df-v2__Celeb-real__id54_0008,0,celeb-df-v2,Celeb-real,train,8
celeb-df-v2__Celeb-real__id7_0001,0,celeb-df-v2,Celeb-real,train,8
celeb-df-v2__Celeb-real__id3_0002,0,celeb-df-v2,Celeb-real,train,8
celeb-df-v2__Celeb-real__id60_0001,0,celeb-df-v2,Celeb-real,val,8
celeb-df-v2__Celeb-real__id13_0001,0,celeb-df-v2,Celeb-real,train,8
celeb-df-v2__Celeb-real__id26_0005,0,celeb-df-v2,Celeb-real,train,8
celeb-df-v2__Celeb-real__id13_0011,0,celeb-df-v2,Celeb-real,train,8
celeb-df-v2__Celeb-real__id59_0000,0,celeb-df-v2,Celeb-real,val,8
celeb-df-v2__Celeb-real__id12_0004,0,celeb-df-v2,Celeb-real,val,8
celeb-df-v2__Celeb-real__id41_0009,0,celeb-df-v2,Celeb-real,train,8
celeb-df-v2__Celeb-real__id5_0001,0,celeb-df-v2,Celeb-real,train,8
celeb-df-v2__Celeb-real__id58_0007,0,celeb-df-v2,Celeb-real,holdout,8
celeb-df-v2__Celeb-real__id19_0003,0,celeb-df-v2,Celeb-real,test,8
celeb-df-v2__Celeb-real__id35_0004,0,celeb-df-v2,Celeb-real,train,8
celeb-df-v2__Celeb-real__id57_0001,0,celeb-df-v2,Celeb-real,test,8
celeb-df-v2__Celeb-real__id37_0001,0,celeb-df-v2,Celeb-real,train,8
celeb-df-v2__Celeb-real__id46_0007,0,celeb-df-v2,Celeb-real,train,8
celeb-df-v2__Celeb-real__id59_0001,0,celeb-df-v2,Celeb-real,val,8
celeb-df-v2__Celeb-real__id55_0000,0,celeb-df-v2,Celeb-real,train,8
celeb-df-v2__Celeb-real__id0_0000,0,celeb-df-v2,Celeb-real,train,8
celeb-df-v2__Celeb-real__id22_0008,0,celeb-df-v2,Celeb-real,train,8
celeb-df-v2__Celeb-real__id9_0006,0,celeb-df-v2,Celeb-real,train,8
celeb-df-v2__Celeb-real__id49_0005,0,celeb-df-v2,Celeb-real,holdout,8
celeb-df-v2__Celeb-real__id53_0000,0,celeb-df-v2,Celeb-real,test,8
celeb-df-v2__Celeb-real__id48_0005,0,celeb-df-v2,Celeb-real,train,8
celeb-df-v2__Celeb-real__id38_0005,0,celeb-df-v2,Celeb-real,test,8
celeb-df-v2__Celeb-real__id19_0002,0,celeb-df-v2,Celeb-real,test,8
celeb-df-v2__Celeb-real__id58_0001,0,celeb-df-v2,Celeb-real,holdout,8
celeb-df-v2__Celeb-real__id2_0001,0,celeb-df-v2,Celeb-real,holdout,8
celeb-df-v2__Celeb-real__id23_0002,0,celeb-df-v2,Celeb-real,val,8
celeb-df-v2__Celeb-real__id31_0001,0,celeb-df-v2,Celeb-real,train,8
celeb-df-v2__Celeb-real__id22_0003,0,celeb-df-v2,Celeb-real,train,8
celeb-df-v2__Celeb-real__id32_0001,0,celeb-df-v2,Celeb-real,train,8
celeb-df-v2__Celeb-real__id2_0005,0,celeb-df-v2,Celeb-real,holdout,8
celeb-df-v2__Celeb-real__id17_0005,0,celeb-df-v2,Celeb-real,holdout,8
celeb-df-v2__Celeb-real__id54_0000,0,celeb-df-v2,Celeb-real,train,8
celeb-df-v2__Celeb-real__id30_0000,0,celeb-df-v2,Celeb-real,train,8
celeb-df-v2__Celeb-real__id47_0006,0,celeb-df-v2,Celeb-real,train,8
celeb-df-v2__Celeb-real__id8_0001,0,celeb-df-v2,Celeb-real,train,8
celeb-df-v2__Celeb-real__id51_0006,0,celeb-df-v2,Celeb-real,train,8
celeb-df-v2__Celeb-real__id43_0001,0,celeb-df-v2,Celeb-real,val,8
celeb-df-v2__Celeb-real__id23_0003,0,celeb-df-v2,Celeb-real,val,8
celeb-df-v2__Celeb-real__id59_0009,0,celeb-df-v2,Celeb-real,val,8
celeb-df-v2__Celeb-real__id52_0007,0,celeb-df-v2,Celeb-real,val,8
celeb-df-v2__Celeb-real__id40_0008,0,celeb-df-v2,Celeb-real,test,8
celeb-df-v2__Celeb-real__id50_0004,0,celeb-df-v2,Celeb-real,holdout,8
celeb-df-v2__Celeb-real__id52_0009,0,celeb-df-v2,Celeb-real,val,8
celeb-df-v2__Celeb-real__id1_0007,0,celeb-df-v2,Celeb-real,test,8
celeb-df-v2__Celeb-real__id1_0005,0,celeb-df-v2,Celeb-real,test,8
celeb-df-v2__Celeb-real__id2_0003,0,celeb-df-v2,Celeb-real,holdout,8
celeb-df-v2__Celeb-real__id9_0005,0,celeb-df-v2,Celeb-real,train,8
celeb-df-v2__Celeb-real__id29_0008,0,celeb-df-v2,Celeb-real,train,8
celeb-df-v2__Celeb-real__id34_0007,0,celeb-df-v2,Celeb-real,train,8
celeb-df-v2__Celeb-real__id5_0004,0,celeb-df-v2,Celeb-real,train,8
celeb-df-v2__Celeb-real__id4_0006,0,celeb-df-v2,Celeb-real,train,8
celeb-df-v2__Celeb-real__id58_0003,0,celeb-df-v2,Celeb-real,holdout,8
celeb-df-v2__Celeb-real__id47_0001,0,celeb-df-v2,Celeb-real,train,8
celeb-df-v2__Celeb-real__id5_0005,0,celeb-df-v2,Celeb-real,train,8
celeb-df-v2__Celeb-real__id31_0004,0,celeb-df-v2,Celeb-real,train,8
celeb-df-v2__Celeb-real__id38_0000,0,celeb-df-v2,Celeb-real,test,8
celeb-df-v2__Celeb-real__id53_0007,0,celeb-df-v2,Celeb-real,test,8
celeb-df-v2__Celeb-real__id13_0004,0,celeb-df-v2,Celeb-real,train,8
celeb-df-v2__Celeb-real__id21_0009,0,celeb-df-v2,Celeb-real,train,8
celeb-df-v2__Celeb-real__id46_0004,0,celeb-df-v2,Celeb-real,train,8
celeb-df-v2__Celeb-real__id45_0008,0,celeb-df-v2,Celeb-real,train,8
celeb-df-v2__Celeb-real__id6_0001,0,celeb-df-v2,Celeb-real,train,8
celeb-df-v2__Celeb-real__id25_0007,0,celeb-df-v2,Celeb-real,train,8
celeb-df-v2__Celeb-real__id43_0008,0,celeb-df-v2,Celeb-real,val,8
celeb-df-v2__Celeb-real__id54_0001,0,celeb-df-v2,Celeb-real,train,8
celeb-df-v2__Celeb-real__id0_0003,0,celeb-df-v2,Celeb-real,train,8
celeb-df-v2__Celeb-real__id54_0005,0,celeb-df-v2,Celeb-real,train,8
celeb-df-v2__Celeb-real__id35_0005,0,celeb-df-v2,Celeb-real,train,8
celeb-df-v2__Celeb-real__id19_0005,0,celeb-df-v2,Celeb-real,test,8
celeb-df-v2__Celeb-real__id0_0004,0,celeb-df-v2,Celeb-real,train,8
celeb-df-v2__Celeb-real__id21_0006,0,celeb-df-v2,Celeb-real,train,8
celeb-df-v2__Celeb-real__id55_0004,0,celeb-df-v2,Celeb-real,train,8
celeb-df-v2__Celeb-real__id17_0006,0,celeb-df-v2,Celeb-real,holdout,8
celeb-df-v2__Celeb-real__id33_0003,0,celeb-df-v2,Celeb-real,holdout,8
celeb-df-v2__Celeb-real__id36_0001,0,celeb-df-v2,Celeb-real,test,8
celeb-df-v2__Celeb-real__id40_0002,0,celeb-df-v2,Celeb-real,test,8
celeb-df-v2__Celeb-real__id31_0009,0,celeb-df-v2,Celeb-real,train,8
celeb-df-v2__Celeb-real__id43_0002,0,celeb-df-v2,Celeb-real,val,8
celeb-df-v2__Celeb-real__id26_0007,0,celeb-df-v2,Celeb-real,train,8
celeb-df-v2__Celeb-real__id33_0000,0,celeb-df-v2,Celeb-real,holdout,8
celeb-df-v2__Celeb-real__id61_0009,0,celeb-df-v2,Celeb-real,train,8
celeb-df-v2__Celeb-real__id37_0007,0,celeb-df-v2,Celeb-real,train,8
celeb-df-v2__Celeb-real__id23_0000,0,celeb-df-v2,Celeb-real,val,8
celeb-df-v2__Celeb-real__id54_0004,0,celeb-df-v2,Celeb-real,train,8
celeb-df-v2__Celeb-real__id7_0002,0,celeb-df-v2,Celeb-real,train,8
celeb-df-v2__Celeb-real__id11_0005,0,celeb-df-v2,Celeb-real,train,8
celeb-df-v2__Celeb-real__id25_0002,0,celeb-df-v2,Celeb-real,train,8
celeb-df-v2__Celeb-real__id55_0002,0,celeb-df-v2,Celeb-real,train,8
celeb-df-v2__Celeb-real__id59_0002,0,celeb-df-v2,Celeb-real,val,8
celeb-df-v2__Celeb-real__id29_0007,0,celeb-df-v2,Celeb-real,train,8
celeb-df-v2__Celeb-real__id43_0006,0,celeb-df-v2,Celeb-real,val,8
celeb-df-v2__Celeb-real__id20_0009,0,celeb-df-v2,Celeb-real,train,8
celeb-df-v2__Celeb-real__id3_0001,0,celeb-df-v2,Celeb-real,train,8
celeb-df-v2__Celeb-real__id46_0001,0,celeb-df-v2,Celeb-real,train,8
celeb-df-v2__Celeb-real__id27_0005,0,celeb-df-v2,Celeb-real,train,1
celeb-df-v2__Celeb-real__id55_0007,0,celeb-df-v2,Celeb-real,train,8
celeb-df-v2__Celeb-real__id23_0007,0,celeb-df-v2,Celeb-real,val,8
celeb-df-v2__Celeb-real__id34_0001,0,celeb-df-v2,Celeb-real,train,8
celeb-df-v2__Celeb-real__id11_0008,0,celeb-df-v2,Celeb-real,train,8
celeb-df-v2__Celeb-real__id20_0000,0,celeb-df-v2,Celeb-real,train,8
celeb-df-v2__Celeb-real__id30_0005,0,celeb-df-v2,Celeb-real,train,8
celeb-df-v2__Celeb-real__id1_0002,0,celeb-df-v2,Celeb-real,test,8
celeb-df-v2__Celeb-real__id28_0008,0,celeb-df-v2,Celeb-real,holdout,8
celeb-df-v2__Celeb-real__id22_0007,0,celeb-df-v2,Celeb-real,train,8
celeb-df-v2__Celeb-real__id54_0006,0,celeb-df-v2,Celeb-real,train,8
celeb-df-v2__Celeb-real__id4_0007,0,celeb-df-v2,Celeb-real,train,8
celeb-df-v2__Celeb-real__id12_0005,0,celeb-df-v2,Celeb-real,val,8
celeb-df-v2__Celeb-real__id16_0013,0,celeb-df-v2,Celeb-real,train,8
celeb-df-v2__Celeb-real__id56_0003,0,celeb-df-v2,Celeb-real,test,8
celeb-df-v2__Celeb-real__id30_0004,0,celeb-df-v2,Celeb-real,train,8
celeb-df-v2__Celeb-real__id57_0004,0,celeb-df-v2,Celeb-real,test,8
celeb-df-v2__Celeb-real__id17_0000,0,celeb-df-v2,Celeb-real,holdout,8
celeb-df-v2__Celeb-real__id11_0006,0,celeb-df-v2,Celeb-real,train,8
celeb-df-v2__Celeb-real__id50_0003,0,celeb-df-v2,Celeb-real,holdout,8
celeb-df-v2__Celeb-real__id55_0003,0,celeb-df-v2,Celeb-real,train,8
celeb-df-v2__Celeb-real__id48_0006,0,celeb-df-v2,Celeb-real,train,8
celeb-df-v2__Celeb-real__id24_0004,0,celeb-df-v2,Celeb-real,train,8
celeb-df-v2__Celeb-real__id43_0007,0,celeb-df-v2,Celeb-real,val,8
celeb-df-v2__Celeb-real__id41_0006,0,celeb-df-v2,Celeb-real,train,8
celeb-df-v2__Celeb-real__id7_0006,0,celeb-df-v2,Celeb-real,train,8
celeb-df-v2__Celeb-real__id58_0000,0,celeb-df-v2,Celeb-real,holdout,8
celeb-df-v2__Celeb-real__id48_0002,0,celeb-df-v2,Celeb-real,train,8
celeb-df-v2__Celeb-real__id22_0001,0,celeb-df-v2,Celeb-real,train,8
celeb-df-v2__Celeb-real__id36_0008,0,celeb-df-v2,Celeb-real,test,8
celeb-df-v2__Celeb-real__id56_0009,0,celeb-df-v2,Celeb-real,test,8
celeb-df-v2__Celeb-real__id16_0005,0,celeb-df-v2,Celeb-real,train,8
celeb-df-v2__Celeb-real__id20_0004,0,celeb-df-v2,Celeb-real,train,8
celeb-df-v2__Celeb-real__id34_0003,0,celeb-df-v2,Celeb-real,train,8
celeb-df-v2__Celeb-real__id49_0001,0,celeb-df-v2,Celeb-real,holdout,8
celeb-df-v2__Celeb-real__id23_0006,0,celeb-df-v2,Celeb-real,val,8
celeb-df-v2__Celeb-real__id33_0006,0,celeb-df-v2,Celeb-real,holdout,8
celeb-df-v2__Celeb-real__id6_0005,0,celeb-df-v2,Celeb-real,train,8
celeb-df-v2__Celeb-real__id9_0003,0,celeb-df-v2,Celeb-real,train,8
celeb-df-v2__Celeb-real__id40_0009,0,celeb-df-v2,Celeb-real,test,8
celeb-df-v2__Celeb-real__id28_0007,0,celeb-df-v2,Celeb-real,holdout,8
celeb-df-v2__Celeb-real__id54_0009,0,celeb-df-v2,Celeb-real,train,8
celeb-df-v2__Celeb-real__id16_0009,0,celeb-df-v2,Celeb-real,train,8
celeb-df-v2__Celeb-real__id24_0009,0,celeb-df-v2,Celeb-real,train,8
celeb-df-v2__Celeb-real__id5_0009,0,celeb-df-v2,Celeb-real,train,8
celeb-df-v2__Celeb-real__id11_0007,0,celeb-df-v2,Celeb-real,train,8
celeb-df-v2__Celeb-real__id29_0004,0,celeb-df-v2,Celeb-real,train,8
celeb-df-v2__Celeb-real__id33_0009,0,celeb-df-v2,Celeb-real,holdout,8
celeb-df-v2__Celeb-real__id50_0008,0,celeb-df-v2,Celeb-real,holdout,8
celeb-df-v2__Celeb-real__id13_0003,0,celeb-df-v2,Celeb-real,train,8
celeb-df-v2__Celeb-real__id22_0005,0,celeb-df-v2,Celeb-real,train,8
celeb-df-v2__Celeb-real__id33_0002,0,celeb-df-v2,Celeb-real,holdout,8
celeb-df-v2__Celeb-real__id10_0009,0,celeb-df-v2,Celeb-real,test,8
celeb-df-v2__Celeb-real__id49_0004,0,celeb-df-v2,Celeb-real,holdout,8
celeb-df-v2__Celeb-real__id58_0005,0,celeb-df-v2,Celeb-real,holdout,8
celeb-df-v2__Celeb-real__id6_0002,0,celeb-df-v2,Celeb-real,train,8
celeb-df-v2__Celeb-real__id21_0007,0,celeb-df-v2,Celeb-real,train,8
celeb-df-v2__Celeb-real__id33_0001,0,celeb-df-v2,Celeb-real,holdout,8
celeb-df-v2__Celeb-real__id24_0000,0,celeb-df-v2,Celeb-real,train,8
celeb-df-v2__Celeb-real__id37_0000,0,celeb-df-v2,Celeb-real,train,8
celeb-df-v2__Celeb-real__id26_0004,0,celeb-df-v2,Celeb-real,train,8
celeb-df-v2__Celeb-real__id0_0007,0,celeb-df-v2,Celeb-real,train,8
celeb-df-v2__Celeb-real__id40_0000,0,celeb-df-v2,Celeb-real,test,8
celeb-df-v2__Celeb-real__id45_0000,0,celeb-df-v2,Celeb-real,train,8
celeb-df-v2__Celeb-real__id13_0014,0,celeb-df-v2,Celeb-real,train,8
celeb-df-v2__Celeb-real__id19_0004,0,celeb-df-v2,Celeb-real,test,8
celeb-df-v2__Celeb-real__id13_0009,0,celeb-df-v2,Celeb-real,train,8
celeb-df-v2__Celeb-real__id2_0004,0,celeb-df-v2,Celeb-real,holdout,8
celeb-df-v2__Celeb-real__id8_0006,0,celeb-df-v2,Celeb-real,train,8
celeb-df-v2__Celeb-real__id21_0008,0,celeb-df-v2,Celeb-real,train,8
celeb-df-v2__Celeb-real__id46_0008,0,celeb-df-v2,Celeb-real,train,8
celeb-df-v2__Celeb-real__id27_0007,0,celeb-df-v2,Celeb-real,train,8
celeb-df-v2__Celeb-real__id60_0009,0,celeb-df-v2,Celeb-real,val,8
celeb-df-v2__Celeb-real__id5_0007,0,celeb-df-v2,Celeb-real,train,8
celeb-df-v2__Celeb-real__id52_0006,0,celeb-df-v2,Celeb-real,val,8
celeb-df-v2__Celeb-real__id34_0005,0,celeb-df-v2,Celeb-real,train,8
celeb-df-v2__Celeb-real__id10_0000,0,celeb-df-v2,Celeb-real,test,8
celeb-df-v2__Celeb-real__id24_0001,0,celeb-df-v2,Celeb-real,train,8
celeb-df-v2__Celeb-real__id40_0001,0,celeb-df-v2,Celeb-real,test,8
celeb-df-v2__Celeb-real__id44_0004,0,celeb-df-v2,Celeb-real,train,8
celeb-df-v2__Celeb-real__id10_0005,0,celeb-df-v2,Celeb-real,test,8
celeb-df-v2__Celeb-real__id48_0004,0,celeb-df-v2,Celeb-real,train,8
celeb-df-v2__Celeb-real__id4_0004,0,celeb-df-v2,Celeb-real,train,8
celeb-df-v2__Celeb-real__id5_0006,0,celeb-df-v2,Celeb-real,train,8
celeb-df-v2__Celeb-real__id36_0009,0,celeb-df-v2,Celeb-real,test,8
celeb-df-v2__Celeb-real__id28_0000,0,celeb-df-v2,Celeb-real,holdout,8
celeb-df-v2__Celeb-real__id28_0005,0,celeb-df-v2,Celeb-real,holdout,8
celeb-df-v2__Celeb-real__id60_0005,0,celeb-df-v2,Celeb-real,val,8
celeb-df-v2__Celeb-real__id52_0003,0,celeb-df-v2,Celeb-real,val,8
celeb-df-v2__Celeb-real__id26_0006,0,celeb-df-v2,Celeb-real,train,8
celeb-df-v2__Celeb-real__id52_0004,0,celeb-df-v2,Celeb-real,val,8
celeb-df-v2__Celeb-real__id21_0002,0,celeb-df-v2,Celeb-real,train,8
celeb-df-v2__Celeb-real__id46_0002,0,celeb-df-v2,Celeb-real,train,8
celeb-df-v2__Celeb-real__id49_0008,0,celeb-df-v2,Celeb-real,holdout,8
celeb-df-v2__Celeb-real__id51_0008,0,celeb-df-v2,Celeb-real,train,8
celeb-df-v2__Celeb-real__id60_0003,0,celeb-df-v2,Celeb-real,val,8
celeb-df-v2__Celeb-real__id48_0001,0,celeb-df-v2,Celeb-real,train,8
celeb-df-v2__Celeb-real__id5_0003,0,celeb-df-v2,Celeb-real,train,8
celeb-df-v2__Celeb-real__id51_0003,0,celeb-df-v2,Celeb-real,train,8
celeb-df-v2__Celeb-real__id36_0005,0,celeb-df-v2,Celeb-real,test,8
celeb-df-v2__Celeb-real__id28_0006,0,celeb-df-v2,Celeb-real,holdout,8
celeb-df-v2__Celeb-real__id41_0008,0,celeb-df-v2,Celeb-real,train,8
celeb-df-v2__Celeb-real__id60_0008,0,celeb-df-v2,Celeb-real,val,8
celeb-df-v2__Celeb-real__id61_0000,0,celeb-df-v2,Celeb-real,train,8
celeb-df-v2__Celeb-real__id8_0002,0,celeb-df-v2,Celeb-real,train,8
celeb-df-v2__Celeb-real__id35_0001,0,celeb-df-v2,Celeb-real,train,8
celeb-df-v2__Celeb-real__id16_0003,0,celeb-df-v2,Celeb-real,train,8
celeb-df-v2__Celeb-real__id1_0003,0,celeb-df-v2,Celeb-real,test,8
celeb-df-v2__Celeb-real__id33_0008,0,celeb-df-v2,Celeb-real,holdout,8
celeb-df-v2__Celeb-real__id37_0009,0,celeb-df-v2,Celeb-real,train,8
celeb-df-v2__Celeb-real__id26_0009,0,celeb-df-v2,Celeb-real,train,8
celeb-df-v2__Celeb-real__id7_0000,0,celeb-df-v2,Celeb-real,train,8
celeb-df-v2__Celeb-real__id30_0008,0,celeb-df-v2,Celeb-real,train,8
celeb-df-v2__Celeb-real__id58_0006,0,celeb-df-v2,Celeb-real,holdout,8
celeb-df-v2__Celeb-real__id50_0001,0,celeb-df-v2,Celeb-real,holdout,8
celeb-df-v2__Celeb-real__id4_0001,0,celeb-df-v2,Celeb-real,train,8
celeb-df-v2__Celeb-real__id8_0005,0,celeb-df-v2,Celeb-real,train,8
celeb-df-v2__Celeb-real__id10_0006,0,celeb-df-v2,Celeb-real,test,7
celeb-df-v2__Celeb-real__id49_0003,0,celeb-df-v2,Celeb-real,holdout,8
celeb-df-v2__Celeb-real__id20_0002,0,celeb-df-v2,Celeb-real,train,8
celeb-df-v2__Celeb-real__id32_0002,0,celeb-df-v2,Celeb-real,train,8
celeb-df-v2__Celeb-real__id60_0002,0,celeb-df-v2,Celeb-real,val,8
celeb-df-v2__Celeb-real__id4_0005,0,celeb-df-v2,Celeb-real,train,8
celeb-df-v2__Celeb-real__id25_0006,0,celeb-df-v2,Celeb-real,train,8
celeb-df-v2__Celeb-real__id39_0005,0,celeb-df-v2,Celeb-real,val,8
celeb-df-v2__Celeb-real__id36_0006,0,celeb-df-v2,Celeb-real,test,8
celeb-df-v2__Celeb-real__id53_0008,0,celeb-df-v2,Celeb-real,test,8
celeb-df-v2__Celeb-real__id11_0000,0,celeb-df-v2,Celeb-real,train,8
celeb-df-v2__Celeb-real__id51_0000,0,celeb-df-v2,Celeb-real,train,8
celeb-df-v2__Celeb-real__id24_0005,0,celeb-df-v2,Celeb-real,train,8
celeb-df-v2__Celeb-real__id52_0005,0,celeb-df-v2,Celeb-real,val,8
celeb-df-v2__Celeb-real__id42_0000,0,celeb-df-v2,Celeb-real,train,8
celeb-df-v2__Celeb-real__id16_0012,0,celeb-df-v2,Celeb-real,train,8
celeb-df-v2__Celeb-real__id19_0000,0,celeb-df-v2,Celeb-real,test,8
celeb-df-v2__Celeb-real__id23_0005,0,celeb-df-v2,Celeb-real,val,8
celeb-df-v2__Celeb-real__id17_0001,0,celeb-df-v2,Celeb-real,holdout,8
celeb-df-v2__Celeb-real__id30_0003,0,celeb-df-v2,Celeb-real,train,8
celeb-df-v2__Celeb-real__id29_0002,0,celeb-df-v2,Celeb-real,train,8
celeb-df-v2__Celeb-real__id45_0007,0,celeb-df-v2,Celeb-real,train,8
celeb-df-v2__Celeb-real__id10_0002,0,celeb-df-v2,Celeb-real,test,8
celeb-df-v2__Celeb-real__id59_0006,0,celeb-df-v2,Celeb-real,val,8
celeb-df-v2__Celeb-real__id21_0004,0,celeb-df-v2,Celeb-real,train,8
celeb-df-v2__Celeb-real__id11_0003,0,celeb-df-v2,Celeb-real,train,8
celeb-df-v2__Celeb-real__id25_0003,0,celeb-df-v2,Celeb-real,train,8
celeb-df-v2__Celeb-real__id33_0004,0,celeb-df-v2,Celeb-real,holdout,8
celeb-df-v2__Celeb-real__id41_0003,0,celeb-df-v2,Celeb-real,train,8
celeb-df-v2__Celeb-real__id45_0004,0,celeb-df-v2,Celeb-real,train,8
celeb-df-v2__Celeb-real__id4_0009,0,celeb-df-v2,Celeb-real,train,8
celeb-df-v2__Celeb-real__id12_0000,0,celeb-df-v2,Celeb-real,val,8
celeb-df-v2__Celeb-real__id13_0000,0,celeb-df-v2,Celeb-real,train,8
celeb-df-v2__Celeb-real__id7_0004,0,celeb-df-v2,Celeb-real,train,8
celeb-df-v2__Celeb-real__id21_0003,0,celeb-df-v2,Celeb-real,train,8
celeb-df-v2__Celeb-real__id20_0003,0,celeb-df-v2,Celeb-real,train,8
celeb-df-v2__Celeb-real__id30_0009,0,celeb-df-v2,Celeb-real,train,8
ff-c23__Face2Face__479_706,1,ff-c23,Face2Face,train,8
ff-c23__Face2Face__481_469,1,ff-c23,Face2Face,train,8
ff-c23__Face2Face__645_688,1,ff-c23,Face2Face,train,8
ff-c23__Face2Face__313_283,1,ff-c23,Face2Face,test,8
ff-c23__Face2Face__336_338,1,ff-c23,Face2Face,train,8
ff-c23__Face2Face__917_924,1,ff-c23,Face2Face,train,8
ff-c23__Face2Face__207_908,1,ff-c23,Face2Face,holdout,8
ff-c23__Face2Face__297_270,1,ff-c23,Face2Face,train,8
ff-c23__Face2Face__692_610,1,ff-c23,Face2Face,train,8
ff-c23__Face2Face__179_212,1,ff-c23,Face2Face,holdout,8
ff-c23__Face2Face__562_626,1,ff-c23,Face2Face,holdout,8
ff-c23__Face2Face__074_825,1,ff-c23,Face2Face,train,8
ff-c23__Face2Face__392_339,1,ff-c23,Face2Face,train,8
ff-c23__Face2Face__478_506,1,ff-c23,Face2Face,val,8
ff-c23__Face2Face__208_215,1,ff-c23,Face2Face,holdout,8
ff-c23__Face2Face__588_556,1,ff-c23,Face2Face,train,8
ff-c23__Face2Face__236_237,1,ff-c23,Face2Face,train,8
ff-c23__Face2Face__345_259,1,ff-c23,Face2Face,test,8
ff-c23__Face2Face__262_301,1,ff-c23,Face2Face,test,8
ff-c23__Face2Face__275_887,1,ff-c23,Face2Face,holdout,8
ff-c23__Face2Face__835_651,1,ff-c23,Face2Face,holdout,8
ff-c23__Face2Face__026_012,1,ff-c23,Face2Face,holdout,8
ff-c23__Face2Face__417_496,1,ff-c23,Face2Face,train,8
ff-c23__Face2Face__241_210,1,ff-c23,Face2Face,val,8
ff-c23__Face2Face__039_058,1,ff-c23,Face2Face,test,8
ff-c23__Face2Face__030_193,1,ff-c23,Face2Face,train,8
ff-c23__Face2Face__366_473,1,ff-c23,Face2Face,holdout,8
ff-c23__Face2Face__089_065,1,ff-c23,Face2Face,train,8
ff-c23__Face2Face__270_297,1,ff-c23,Face2Face,train,8
ff-c23__Face2Face__925_933,1,ff-c23,Face2Face,val,8
ff-c23__Face2Face__948_965,1,ff-c23,Face2Face,train,8
ff-c23__Face2Face__747_854,1,ff-c23,Face2Face,train,8
ff-c23__Face2Face__654_648,1,ff-c23,Face2Face,test,8
ff-c23__Face2Face__665_679,1,ff-c23,Face2Face,val,8
ff-c23__Face2Face__234_187,1,ff-c23,Face2Face,test,8
ff-c23__Face2Face__969_897,1,ff-c23,Face2Face,train,8
ff-c23__Face2Face__072_037,1,ff-c23,Face2Face,train,8
ff-c23__Face2Face__495_512,1,ff-c23,Face2Face,holdout,8
ff-c23__Face2Face__807_273,1,ff-c23,Face2Face,train,8
ff-c23__Face2Face__284_263,1,ff-c23,Face2Face,holdout,8
ff-c23__Face2Face__853_863,1,ff-c23,Face2Face,test,8
ff-c23__Face2Face__358_380,1,ff-c23,Face2Face,train,8
ff-c23__Face2Face__908_207,1,ff-c23,Face2Face,train,8
ff-c23__Face2Face__256_146,1,ff-c23,Face2Face,val,8
ff-c23__Face2Face__300_304,1,ff-c23,Face2Face,train,8
ff-c23__Face2Face__407_374,1,ff-c23,Face2Face,val,8
ff-c23__Face2Face__251_375,1,ff-c23,Face2Face,train,8
ff-c23__Face2Face__071_054,1,ff-c23,Face2Face,train,8
ff-c23__Face2Face__755_759,1,ff-c23,Face2Face,train,8
ff-c23__Face2Face__681_711,1,ff-c23,Face2Face,train,8
ff-c23__Face2Face__490_534,1,ff-c23,Face2Face,train,8
ff-c23__Face2Face__694_767,1,ff-c23,Face2Face,test,8
ff-c23__Face2Face__865_739,1,ff-c23,Face2Face,holdout,8
ff-c23__Face2Face__961_069,1,ff-c23,Face2Face,val,8
ff-c23__Face2Face__013_883,1,ff-c23,Face2Face,train,8
ff-c23__Face2Face__611_760,1,ff-c23,Face2Face,train,8
ff-c23__Face2Face__468_470,1,ff-c23,Face2Face,val,8
ff-c23__Face2Face__786_819,1,ff-c23,Face2Face,holdout,8
ff-c23__Face2Face__316_369,1,ff-c23,Face2Face,train,8
ff-c23__Face2Face__120_118,1,ff-c23,Face2Face,train,8
ff-c23__Face2Face__190_176,1,ff-c23,Face2Face,train,8
ff-c23__Face2Face__841_639,1,ff-c23,Face2Face,train,8
ff-c23__Face2Face__044_945,1,ff-c23,Face2Face,train,8
ff-c23__Face2Face__633_529,1,ff-c23,Face2Face,train,8
ff-c23__Face2Face__730_815,1,ff-c23,Face2Face,train,8
ff-c23__Face2Face__827_817,1,ff-c23,Face2Face,train,8
ff-c23__Face2Face__734_699,1,ff-c23,Face2Face,train,8
ff-c23__Face2Face__647_622,1,ff-c23,Face2Face,holdout,8
ff-c23__Face2Face__248_232,1,ff-c23,Face2Face,train,8
ff-c23__Face2Face__474_281,1,ff-c23,Face2Face,train,8
ff-c23__Face2Face__549_531,1,ff-c23,Face2Face,train,8
ff-c23__Face2Face__055_147,1,ff-c23,Face2Face,train,8
ff-c23__Face2Face__401_395,1,ff-c23,Face2Face,train,8
ff-c23__Face2Face__927_912,1,ff-c23,Face2Face,test,8
ff-c23__Face2Face__674_744,1,ff-c23,Face2Face,train,8
ff-c23__Face2Face__603_575,1,ff-c23,Face2Face,train,8
ff-c23__Face2Face__314_347,1,ff-c23,Face2Face,train,8
ff-c23__Face2Face__033_097,1,ff-c23,Face2Face,test,8
ff-c23__Face2Face__288_321,1,ff-c23,Face2Face,holdout,8
ff-c23__Face2Face__330_162,1,ff-c23,Face2Face,holdout,8
ff-c23__Face2Face__688_645,1,ff-c23,Face2Face,train,8
ff-c23__Face2Face__545_553,1,ff-c23,Face2Face,test,8
ff-c23__Face2Face__402_453,1,ff-c23,Face2Face,holdout,8
ff-c23__Face2Face__576_155,1,ff-c23,Face2Face,train,8
ff-c23__Face2Face__112_892,1,ff-c23,Face2Face,train,8
ff-c23__Face2Face__656_666,1,ff-c23,Face2Face,train,8
ff-c23__Face2Face__411_410,1,ff-c23,Face2Face,train,8
ff-c23__Face2Face__764_850,1,ff-c23,Face2Face,train,8
ff-c23__Face2Face__719_737,1,ff-c23,Face2Face,train,8
ff-c23__Face2Face__857_909,1,ff-c23,Face2Face,test,8
ff-c23__Face2Face__542_520,1,ff-c23,Face2Face,val,8
ff-c23__Face2Face__534_490,1,ff-c23,Face2Face,train,8
ff-c23__Face2Face__874_291,1,ff-c23,Face2Face,test,8
ff-c23__Face2Face__526_436,1,ff-c23,Face2Face,train,8
ff-c23__Face2Face__847_906,1,ff-c23,Face2Face,train,8
ff-c23__Face2Face__233_995,1,ff-c23,Face2Face,train,8
ff-c23__Face2Face__492_325,1,ff-c23,Face2Face,train,8
ff-c23__Face2Face__770_791,1,ff-c23,Face2Face,test,8
ff-c23__Face2Face__870_001,1,ff-c23,Face2Face,train,8
ff-c23__Face2Face__616_614,1,ff-c23,Face2Face,val,8
ff-c23__Face2Face__898_922,1,ff-c23,Face2Face,train,8
ff-c23__Face2Face__796_740,1,ff-c23,Face2Face,train,8
ff-c23__Face2Face__893_913,1,ff-c23,Face2Face,train,8
ff-c23__Face2Face__170_186,1,ff-c23,Face2Face,train,8
ff-c23__Face2Face__181_199,1,ff-c23,Face2Face,val,8
ff-c23__Face2Face__977_075,1,ff-c23,Face2Face,train,8
ff-c23__Face2Face__555_516,1,ff-c23,Face2Face,train,8
ff-c23__Face2Face__493_538,1,ff-c23,Face2Face,holdout,8
ff-c23__Face2Face__979_875,1,ff-c23,Face2Face,train,8
ff-c23__Face2Face__460_678,1,ff-c23,Face2Face,train,8
ff-c23__Face2Face__293_296,1,ff-c23,Face2Face,holdout,8
ff-c23__Face2Face__125_038,1,ff-c23,Face2Face,train,8
ff-c23__Face2Face__446_667,1,ff-c23,Face2Face,train,8
ff-c23__Face2Face__292_294,1,ff-c23,Face2Face,train,8
ff-c23__Face2Face__995_233,1,ff-c23,Face2Face,train,8
ff-c23__Face2Face__205_184,1,ff-c23,Face2Face,train,8
ff-c23__Face2Face__475_265,1,ff-c23,Face2Face,train,8
ff-c23__Face2Face__084_042,1,ff-c23,Face2Face,train,8
ff-c23__Face2Face__596_609,1,ff-c23,Face2Face,train,8
ff-c23__Face2Face__660_634,1,ff-c23,Face2Face,val,8
ff-c23__Face2Face__935_733,1,ff-c23,Face2Face,train,8
ff-c23__Face2Face__903_792,1,ff-c23,Face2Face,val,8
ff-c23__Face2Face__861_858,1,ff-c23,Face2Face,train,8
ff-c23__Face2Face__317_359,1,ff-c23,Face2Face,train,8
ff-c23__Face2Face__890_837,1,ff-c23,Face2Face,train,8
ff-c23__Face2Face__565_589,1,ff-c23,Face2Face,val,8
ff-c23__Face2Face__363_343,1,ff-c23,Face2Face,holdout,8
ff-c23__Face2Face__450_533,1,ff-c23,Face2Face,train,8
ff-c23__Face2Face__486_680,1,ff-c23,Face2Face,train,8
ff-c23__Face2Face__087_081,1,ff-c23,Face2Face,val,8
ff-c23__Face2Face__939_115,1,ff-c23,Face2Face,test,8
ff-c23__Face2Face__344_020,1,ff-c23,Face2Face,holdout,8
ff-c23__Face2Face__413_372,1,ff-c23,Face2Face,holdout,8
ff-c23__Face2Face__953_974,1,ff-c23,Face2Face,train,8
ff-c23__Face2Face__148_133,1,ff-c23,Face2Face,val,8
ff-c23__Face2Face__239_218,1,ff-c23,Face2Face,train,8
ff-c23__Face2Face__781_806,1,ff-c23,Face2Face,train,8
ff-c23__Face2Face__273_807,1,ff-c23,Face2Face,train,8
ff-c23__Face2Face__622_647,1,ff-c23,Face2Face,train,8
ff-c23__Face2Face__956_958,1,ff-c23,Face2Face,train,8
ff-c23__Face2Face__811_920,1,ff-c23,Face2Face,train,8
ff-c23__Face2Face__528_510,1,ff-c23,Face2Face,train,8
ff-c23__Face2Face__176_190,1,ff-c23,Face2Face,train,8
ff-c23__Face2Face__149_152,1,ff-c23,Face2Face,holdout,8
ff-c23__Face2Face__290_240,1,ff-c23,Face2Face,train,8
ff-c23__Face2Face__891_876,1,ff-c23,Face2Face,train,8
ff-c23__Face2Face__098_092,1,ff-c23,Face2Face,train,8
ff-c23__Face2Face__059_050,1,ff-c23,Face2Face,train,8
ff-c23__Face2Face__322_315,1,ff-c23,Face2Face,train,8
ff-c23__Face2Face__302_323,1,ff-c23,Face2Face,train,8
ff-c23__Face2Face__682_669,1,ff-c23,Face2Face,train,8
ff-c23__Face2Face__457_398,1,ff-c23,Face2Face,train,8
ff-c23__Face2Face__191_188,1,ff-c23,Face2Face,train,8
ff-c23__Face2Face__867_765,1,ff-c23,Face2Face,test,8
ff-c23__Face2Face__824_419,1,ff-c23,Face2Face,train,8
ff-c23__Face2Face__973_970,1,ff-c23,Face2Face,holdout,8
ff-c23__Face2Face__166_167,1,ff-c23,Face2Face,holdout,8
ff-c23__Face2Face__032_944,1,ff-c23,Face2Face,train,8
ff-c23__Face2Face__210_241,1,ff-c23,Face2Face,train,8
ff-c23__Face2Face__808_829,1,ff-c23,Face2Face,holdout,8
ff-c23__Face2Face__399_488,1,ff-c23,Face2Face,train,8
ff-c23__Face2Face__733_935,1,ff-c23,Face2Face,train,8
ff-c23__Face2Face__944_032,1,ff-c23,Face2Face,train,8
ff-c23__Face2Face__561_998,1,ff-c23,Face2Face,val,8
ff-c23__Face2Face__260_331,1,ff-c23,Face2Face,train,8
ff-c23__Face2Face__035_036,1,ff-c23,Face2Face,train,8
ff-c23__Face2Face__304_300,1,ff-c23,Face2Face,train,8
ff-c23__Face2Face__529_633,1,ff-c23,Face2Face,train,8
ff-c23__Face2Face__332_051,1,ff-c23,Face2Face,train,8
ff-c23__Face2Face__346_351,1,ff-c23,Face2Face,train,8
ff-c23__Face2Face__608_675,1,ff-c23,Face2Face,train,8
ff-c23__Face2Face__437_360,1,ff-c23,Face2Face,train,8
ff-c23__Face2Face__312_021,1,ff-c23,Face2Face,test,8
ff-c23__Face2Face__427_637,1,ff-c23,Face2Face,train,8
ff-c23__Face2Face__339_392,1,ff-c23,Face2Face,train,8
ff-c23__Face2Face__350_349,1,ff-c23,Face2Face,test,8
ff-c23__Face2Face__090_086,1,ff-c23,Face2Face,train,8
ff-c23__Face2Face__849_771,1,ff-c23,Face2Face,train,8
ff-c23__Face2Face__352_319,1,ff-c23,Face2Face,train,8
ff-c23__Face2Face__574_547,1,ff-c23,Face2Face,train,8
ff-c23__Face2Face__519_515,1,ff-c23,Face2Face,train,8
ff-c23__Face2Face__294_292,1,ff-c23,Face2Face,train,8
ff-c23__Face2Face__975_978,1,ff-c23,Face2Face,val,8
ff-c23__Face2Face__110_043,1,ff-c23,Face2Face,train,8
ff-c23__Face2Face__473_366,1,ff-c23,Face2Face,train,8
ff-c23__Face2Face__463_464,1,ff-c23,Face2Face,train,8
ff-c23__Face2Face__373_394,1,ff-c23,Face2Face,train,8
ff-c23__Face2Face__101_096,1,ff-c23,Face2Face,holdout,8
ff-c23__Face2Face__133_148,1,ff-c23,Face2Face,train,8
ff-c23__Face2Face__445_494,1,ff-c23,Face2Face,train,8
ff-c23__Face2Face__869_780,1,ff-c23,Face2Face,train,8
ff-c23__Face2Face__443_514,1,ff-c23,Face2Face,holdout,8
ff-c23__Face2Face__577_593,1,ff-c23,Face2Face,train,8
ff-c23__Face2Face__491_226,1,ff-c23,Face2Face,holdout,8
ff-c23__Face2Face__634_660,1,ff-c23,Face2Face,train,8
ff-c23__Face2Face__278_306,1,ff-c23,Face2Face,train,8
ff-c23__Face2Face__419_824,1,ff-c23,Face2Face,train,8
ff-c23__Face2Face__683_607,1,ff-c23,Face2Face,train,8
ff-c23__Face2Face__391_406,1,ff-c23,Face2Face,train,8
ff-c23__Face2Face__175_159,1,ff-c23,Face2Face,train,8
ff-c23__Face2Face__158_379,1,ff-c23,Face2Face,val,8
ff-c23__Face2Face__766_761,1,ff-c23,Face2Face,train,8
ff-c23__Face2Face__280_249,1,ff-c23,Face2Face,val,8
ff-c23__Face2Face__513_305,1,ff-c23,Face2Face,test,8
ff-c23__Face2Face__369_316,1,ff-c23,Face2Face,train,8
ff-c23__Face2Face__984_967,1,ff-c23,Face2Face,train,8
ff-c23__Face2Face__203_201,1,ff-c23,Face2Face,train,8
ff-c23__Face2Face__359_317,1,ff-c23,Face2Face,train,8
ff-c23__Face2Face__444_655,1,ff-c23,Face2Face,train,8
ff-c23__Face2Face__425_485,1,ff-c23,Face2Face,val,8
ff-c23__Face2Face__323_302,1,ff-c23,Face2Face,test,8
ff-c23__Face2Face__324_356,1,ff-c23,Face2Face,train,8
ff-c23__Face2Face__337_522,1,ff-c23,Face2Face,train,8
ff-c23__Face2Face__017_803,1,ff-c23,Face2Face,train,8
ff-c23__Face2Face__572_554,1,ff-c23,Face2Face,train,8
ff-c23__Face2Face__198_106,1,ff-c23,Face2Face,train,8
ff-c23__Face2Face__924_917,1,ff-c23,Face2Face,train,8
ff-c23__Face2Face__896_128,1,ff-c23,Face2Face,train,8
ff-c23__Face2Face__812_821,1,ff-c23,Face2Face,holdout,8
ff-c23__Face2Face__138_142,1,ff-c23,Face2Face,test,8
ff-c23__Face2Face__480_389,1,ff-c23,Face2Face,train,8
ff-c23__Face2Face__980_992,1,ff-c23,Face2Face,train,8
ff-c23__Face2Face__107_109,1,ff-c23,Face2Face,train,8
ff-c23__Face2Face__884_968,1,ff-c23,Face2Face,holdout,8
ff-c23__Face2Face__209_016,1,ff-c23,Face2Face,train,8
ff-c23__Face2Face__264_271,1,ff-c23,Face2Face,val,8
ff-c23__Face2Face__068_028,1,ff-c23,Face2Face,val,8
ff-c23__Face2Face__502_504,1,ff-c23,Face2Face,val,8
ff-c23__Face2Face__167_166,1,ff-c23,Face2Face,test,8
ff-c23__Face2Face__938_987,1,ff-c23,Face2Face,val,8
ff-c23__Face2Face__111_094,1,ff-c23,Face2Face,train,8
ff-c23__Face2Face__862_047,1,ff-c23,Face2Face,train,8
ff-c23__Face2Face__447_431,1,ff-c23,Face2Face,val,8
ff-c23__Face2Face__527_454,1,ff-c23,Face2Face,train,8
ff-c23__Face2Face__223_586,1,ff-c23,Face2Face,train,8
ff-c23__Face2Face__063_041,1,ff-c23,Face2Face,train,8
ff-c23__Face2Face__507_418,1,ff-c23,Face2Face,train,8
ff-c23__Face2Face__497_403,1,ff-c23,Face2Face,train,8
ff-c23__Face2Face__785_736,1,ff-c23,Face2Face,val,8
ff-c23__Face2Face__790_014,1,ff-c23,Face2Face,train,8
ff-c23__Face2Face__593_577,1,ff-c23,Face2Face,val,8
ff-c23__Face2Face__296_293,1,ff-c23,Face2Face,val,8
ff-c23__Face2Face__791_770,1,ff-c23,Face2Face,test,8
ff-c23__Face2Face__752_751,1,ff-c23,Face2Face,train,8
ff-c23__Face2Face__590_034,1,ff-c23,Face2Face,train,8
ff-c23__Face2Face__739_865,1,ff-c23,Face2Face,test,8
ff-c23__Face2Face__708_772,1,ff-c23,Face2Face,holdout,8
ff-c23__Face2Face__439_441,1,ff-c23,Face2Face,val,8
ff-c23__Face2Face__846_845,1,ff-c23,Face2Face,train,8
ff-c23__Face2Face__817_827,1,ff-c23,Face2Face,train,8
ff-c23__Face2Face__129_127,1,ff-c23,Face2Face,train,8
ff-c23__Face2Face__729_727,1,ff-c23,Face2Face,train,8
ff-c23__Face2Face__131_518,1,ff-c23,Face2Face,train,8
ff-c23__Face2Face__887_275,1,ff-c23,Face2Face,train,8
ff-c23__Face2Face__153_150,1,ff-c23,Face2Face,train,8
ff-c23__Face2Face__150_153,1,ff-c23,Face2Face,test,8
ff-c23__Face2Face__007_132,1,ff-c23,Face2Face,train,8
ff-c23__Face2Face__258_246,1,ff-c23,Face2Face,test,8
ff-c23__Face2Face__202_348,1,ff-c23,Face2Face,train,8
ff-c23__Face2Face__666_656,1,ff-c23,Face2Face,train,8
ff-c23__Face2Face__266_252,1,ff-c23,Face2Face,train,8
ff-c23__Face2Face__833_826,1,ff-c23,Face2Face,train,8
ff-c23__Face2Face__737_719,1,ff-c23,Face2Face,train,8
ff-c23__Face2Face__062_066,1,ff-c23,Face2Face,train,8
ff-c23__Face2Face__395_401,1,ff-c23,Face2Face,train,8
ff-c23__Face2Face__782_787,1,ff-c23,Face2Face,train,8
ff-c23__Face2Face__383_353,1,ff-c23,Face2Face,train,8
ff-c23__Face2Face__845_846,1,ff-c23,Face2Face,test,8
ff-c23__Face2Face__858_861,1,ff-c23,Face2Face,train,8
ff-c23__Face2Face__851_552,1,ff-c23,Face2Face,holdout,8
ff-c23__Face2Face__244_822,1,ff-c23,Face2Face,test,8
ff-c23__Face2Face__516_555,1,ff-c23,Face2Face,train,8
ff-c23__Face2Face__716_712,1,ff-c23,Face2Face,train,8
ff-c23__Face2Face__661_670,1,ff-c23,Face2Face,train,8
ff-c23__Face2Face__515_519,1,ff-c23,Face2Face,val,8
ff-c23__Face2Face__854_747,1,ff-c23,Face2Face,train,8
ff-c23__Face2Face__192_134,1,ff-c23,Face2Face,train,8
ff-c23__Face2Face__299_145,1,ff-c23,Face2Face,train,8
ff-c23__Face2Face__751_752,1,ff-c23,Face2Face,train,8
ff-c23__Face2Face__742_775,1,ff-c23,Face2Face,train,8
ff-c23__Face2Face__194_235,1,ff-c23,Face2Face,train,8
ff-c23__Face2Face__477_487,1,ff-c23,Face2Face,train,8
ff-c23__Face2Face__506_478,1,ff-c23,Face2Face,train,8
ff-c23__Face2Face__160_928,1,ff-c23,Face2Face,train,8
ff-c23__Face2Face__892_112,1,ff-c23,Face2Face,test,8
ff-c23__Face2Face__091_116,1,ff-c23,Face2Face,train,8
ff-c23__Face2Face__886_877,1,ff-c23,Face2Face,train,8
ff-c23__Face2Face__605_591,1,ff-c23,Face2Face,train,8
ff-c23__Face2Face__426_287,1,ff-c23,Face2Face,train,8
ff-c23__Face2Face__678_460,1,ff-c23,Face2Face,train,8
ff-c23__Face2Face__347_314,1,ff-c23,Face2Face,train,8
ff-c23__Face2Face__804_738,1,ff-c23,Face2Face,train,8
ff-c23__Face2Face__381_376,1,ff-c23,Face2Face,holdout,8
ff-c23__Face2Face__544_532,1,ff-c23,Face2Face,val,8
ff-c23__Face2Face__092_098,1,ff-c23,Face2Face,train,8
ff-c23__Face2Face__517_521,1,ff-c23,Face2Face,train,8
ff-c23__Face2Face__787_782,1,ff-c23,Face2Face,test,8
ff-c23__Face2Face__085_124,1,ff-c23,Face2Face,train,8
ff-c23__Face2Face__215_208,1,ff-c23,Face2Face,test,8
ff-c23__Face2Face__650_625,1,ff-c23,Face2Face,train,8
ff-c23__Face2Face__356_324,1,ff-c23,Face2Face,train,8
ff-c23__Face2Face__393_405,1,ff-c23,Face2Face,test,8
ff-c23__Face2Face__109_107,1,ff-c23,Face2Face,train,8
ff-c23__Face2Face__698_693,1,ff-c23,Face2Face,train,8
ff-c23__Face2Face__231_663,1,ff-c23,Face2Face,holdout,8
ff-c23__Face2Face__162_330,1,ff-c23,Face2Face,val,8
ff-c23__Face2Face__743_750,1,ff-c23,Face2Face,train,8
ff-c23__Face2Face__124_085,1,ff-c23,Face2Face,val,8
ff-c23__Face2Face__095_053,1,ff-c23,Face2Face,train,8
ff-c23__Face2Face__981_985,1,ff-c23,Face2Face,test,8
ff-c23__Face2Face__249_280,1,ff-c23,Face2Face,holdout,8
ff-c23__Face2Face__848_894,1,ff-c23,Face2Face,train,8
ff-c23__Face2Face__305_513,1,ff-c23,Face2Face,train,8
ff-c23__Face2Face__246_258,1,ff-c23,Face2Face,test,8
ff-c23__Face2Face__353_383,1,ff-c23,Face2Face,train,8
ff-c23__Face2Face__826_833,1,ff-c23,Face2Face,test,8
ff-c23__Face2Face__496_417,1,ff-c23,Face2Face,train,8
ff-c23__Face2Face__778_798,1,ff-c23,Face2Face,holdout,8
ff-c23__Face2Face__310_196,1,ff-c23,Face2Face,holdout,8
ff-c23__Face2Face__054_071,1,ff-c23,Face2Face,train,8
ff-c23__Face2Face__955_078,1,ff-c23,Face2Face,train,8
ff-c23__Face2Face__821_812,1,ff-c23,Face2Face,test,8
ff-c23__Face2Face__816_649,1,ff-c23,Face2Face,train,8
ff-c23__Face2Face__018_019,1,ff-c23,Face2Face,train,8
ff-c23__Face2Face__910_911,1,ff-c23,Face2Face,holdout,8
ff-c23__Face2Face__585_599,1,ff-c23,Face2Face,test,8
ff-c23__Face2Face__218_239,1,ff-c23,Face2Face,train,8
ff-c23__Face2Face__255_214,1,ff-c23,Face2Face,train,8
ff-c23__Face2Face__745_777,1,ff-c23,Face2Face,train,8
ff-c23__Face2Face__550_452,1,ff-c23,Face2Face,train,8
ff-c23__Face2Face__019_018,1,ff-c23,Face2Face,train,8
ff-c23__Face2Face__267_286,1,ff-c23,Face2Face,val,8
ff-c23__Face2Face__997_040,1,ff-c23,Face2Face,train,8
ff-c23__Face2Face__965_948,1,ff-c23,Face2Face,train,8
ff-c23__Face2Face__704_723,1,ff-c23,Face2Face,train,8
ff-c23__Face2Face__368_378,1,ff-c23,Face2Face,train,8
ff-c23__Face2Face__354_362,1,ff-c23,Face2Face,train,8
ff-c23__Face2Face__991_064,1,ff-c23,Face2Face,train,8
ff-c23__Face2Face__773_652,1,ff-c23,Face2Face,test,8
ff-c23__Face2Face__978_975,1,ff-c23,Face2Face,train,8
ff-c23__Face2Face__177_211,1,ff-c23,Face2Face,holdout,8
ff-c23__Face2Face__199_181,1,ff-c23,Face2Face,val,8
ff-c23__Face2Face__010_005,1,ff-c23,Face2Face,train,8
ff-c23__Face2Face__429_404,1,ff-c23,Face2Face,train,8
ff-c23__Face2Face__286_267,1,ff-c23,Face2Face,train,8
ff-c23__Face2Face__712_716,1,ff-c23,Face2Face,train,8
ff-c23__Face2Face__126_104,1,ff-c23,Face2Face,train,8
ff-c23__Face2Face__642_635,1,ff-c23,Face2Face,val,8
ff-c23__Face2Face__115_939,1,ff-c23,Face2Face,train,8
ff-c23__Face2Face__718_972,1,ff-c23,Face2Face,holdout,8
ff-c23__Face2Face__880_135,1,ff-c23,Face2Face,train,8
ff-c23__Face2Face__554_572,1,ff-c23,Face2Face,val,8
ff-c23__Face2Face__276_185,1,ff-c23,Face2Face,train,8
ff-c23__Face2Face__971_564,1,ff-c23,Face2Face,train,8
ff-c23__Face2Face__409_382,1,ff-c23,Face2Face,test,8
ff-c23__Face2Face__067_025,1,ff-c23,Face2Face,train,8
ff-c23__Face2Face__618_629,1,ff-c23,Face2Face,train,8
ff-c23__Face2Face__732_691,1,ff-c23,Face2Face,test,8
ff-c23__Face2Face__628_568,1,ff-c23,Face2Face,holdout,8
ff-c23__Face2Face__476_400,1,ff-c23,Face2Face,train,8
ff-c23__Face2Face__421_423,1,ff-c23,Face2Face,train,8
ff-c23__Face2Face__146_256,1,ff-c23,Face2Face,train,8
ff-c23__Face2Face__053_095,1,ff-c23,Face2Face,train,8
ff-c23__Face2Face__078_955,1,ff-c23,Face2Face,train,8
ff-c23__Face2Face__020_344,1,ff-c23,Face2Face,train,8
ff-c23__Face2Face__709_390,1,ff-c23,Face2Face,holdout,8
ff-c23__Face2Face__357_432,1,ff-c23,Face2Face,train,8
ff-c23__Face2Face__494_445,1,ff-c23,Face2Face,train,8
ff-c23__Face2Face__798_778,1,ff-c23,Face2Face,train,8
ff-c23__Face2Face__836_950,1,ff-c23,Face2Face,val,8
ff-c23__Face2Face__522_337,1,ff-c23,Face2Face,train,8
ff-c23__Face2Face__985_981,1,ff-c23,Face2Face,train,8
ff-c23__Face2Face__895_915,1,ff-c23,Face2Face,train,8
ff-c23__Face2Face__449_451,1,ff-c23,Face2Face,train,8
ff-c23__Face2Face__106_198,1,ff-c23,Face2Face,train,8
ff-c23__Face2Face__163_031,1,ff-c23,Face2Face,train,8
ff-c23__Face2Face__877_886,1,ff-c23,Face2Face,test,8
ff-c23__Face2Face__960_999,1,ff-c23,Face2Face,train,8
ff-c23__Face2Face__430_459,1,ff-c23,Face2Face,train,8
ff-c23__Face2Face__829_808,1,ff-c23,Face2Face,train,8
ff-c23__Face2Face__342_416,1,ff-c23,Face2Face,train,8
ff-c23__Face2Face__464_463,1,ff-c23,Face2Face,train,8
ff-c23__Face2Face__064_991,1,ff-c23,Face2Face,train,8
ff-c23__Face2Face__905_860,1,ff-c23,Face2Face,train,8
ff-c23__Face2Face__505_600,1,ff-c23,Face2Face,val,8
ff-c23__Face2Face__380_358,1,ff-c23,Face2Face,holdout,8
ff-c23__Face2Face__604_703,1,ff-c23,Face2Face,train,8
ff-c23__Face2Face__056_996,1,ff-c23,Face2Face,train,8
ff-c23__Face2Face__541_523,1,ff-c23,Face2Face,train,8
ff-c23__Face2Face__636_578,1,ff-c23,Face2Face,train,8
ff-c23__Face2Face__386_154,1,ff-c23,Face2Face,train,8
ff-c23__Face2Face__060_088,1,ff-c23,Face2Face,train,8
ff-c23__Face2Face__029_048,1,ff-c23,Face2Face,train,8
ff-c23__Face2Face__099_295,1,ff-c23,Face2Face,train,8
ff-c23__Face2Face__410_411,1,ff-c23,Face2Face,train,8
ff-c23__Face2Face__830_828,1,ff-c23,Face2Face,train,8
ff-c23__Face2Face__016_209,1,ff-c23,Face2Face,train,8
ff-c23__Face2Face__333_377,1,ff-c23,Face2Face,train,8
ff-c23__Face2Face__901_902,1,ff-c23,Face2Face,test,8
ff-c23__Face2Face__340_341,1,ff-c23,Face2Face,train,8
ff-c23__Deepfakes__184_205,1,ff-c23,Deepfakes,train,8
ff-c23__Deepfakes__746_571,1,ff-c23,Deepfakes,val,8
ff-c23__Deepfakes__917_924,1,ff-c23,Deepfakes,train,8
ff-c23__Deepfakes__179_212,1,ff-c23,Deepfakes,holdout,8
ff-c23__Deepfakes__562_626,1,ff-c23,Deepfakes,holdout,8
ff-c23__Deepfakes__673_728,1,ff-c23,Deepfakes,train,8
ff-c23__Deepfakes__415_484,1,ff-c23,Deepfakes,train,8
ff-c23__Deepfakes__261_254,1,ff-c23,Deepfakes,train,8
ff-c23__Deepfakes__213_083,1,ff-c23,Deepfakes,train,8
ff-c23__Deepfakes__651_835,1,ff-c23,Deepfakes,holdout,8
ff-c23__Deepfakes__370_483,1,ff-c23,Deepfakes,train,8
ff-c23__Deepfakes__855_801,1,ff-c23,Deepfakes,train,8
ff-c23__Deepfakes__992_980,1,ff-c23,Deepfakes,train,8
ff-c23__Deepfakes__588_556,1,ff-c23,Deepfakes,train,8
ff-c23__Deepfakes__236_237,1,ff-c23,Deepfakes,train,8
ff-c23__Deepfakes__275_887,1,ff-c23,Deepfakes,holdout,8
ff-c23__Deepfakes__026_012,1,ff-c23,Deepfakes,holdout,8
ff-c23__Deepfakes__789_753,1,ff-c23,Deepfakes,train,8
ff-c23__Deepfakes__417_496,1,ff-c23,Deepfakes,train,8
ff-c23__Deepfakes__540_536,1,ff-c23,Deepfakes,train,8
ff-c23__Deepfakes__030_193,1,ff-c23,Deepfakes,train,8
ff-c23__Deepfakes__366_473,1,ff-c23,Deepfakes,holdout,8
ff-c23__Deepfakes__089_065,1,ff-c23,Deepfakes,train,8
ff-c23__Deepfakes__925_933,1,ff-c23,Deepfakes,val,8
ff-c23__Deepfakes__598_178,1,ff-c23,Deepfakes,train,8
ff-c23__Deepfakes__948_965,1,ff-c23,Deepfakes,train,8
ff-c23__Deepfakes__727_729,1,ff-c23,Deepfakes,train,8
ff-c23__Deepfakes__234_187,1,ff-c23,Deepfakes,test,8
ff-c23__Deepfakes__969_897,1,ff-c23,Deepfakes,train,8
ff-c23__Deepfakes__072_037,1,ff-c23,Deepfakes,train,8
ff-c23__Deepfakes__472_511,1,ff-c23,Deepfakes,test,8
ff-c23__Deepfakes__256_146,1,ff-c23,Deepfakes,val,8
ff-c23__Deepfakes__882_952,1,ff-c23,Deepfakes,train,8
ff-c23__Deepfakes__225_151,1,ff-c23,Deepfakes,train,8
ff-c23__Deepfakes__300_304,1,ff-c23,Deepfakes,train,8
ff-c23__Deepfakes__755_759,1,ff-c23,Deepfakes,train,8
ff-c23__Deepfakes__154_386,1,ff-c23,Deepfakes,train,8
ff-c23__Deepfakes__440_364,1,ff-c23,Deepfakes,train,8
ff-c23__Deepfakes__694_767,1,ff-c23,Deepfakes,test,8
ff-c23__Deepfakes__865_739,1,ff-c23,Deepfakes,holdout,8
ff-c23__Deepfakes__961_069,1,ff-c23,Deepfakes,val,8
ff-c23__Deepfakes__672_720,1,ff-c23,Deepfakes,train,8
ff-c23__Deepfakes__013_883,1,ff-c23,Deepfakes,train,8
ff-c23__Deepfakes__405_393,1,ff-c23,Deepfakes,test,8
ff-c23__Deepfakes__468_470,1,ff-c23,Deepfakes,val,8
ff-c23__Deepfakes__840_800,1,ff-c23,Deepfakes,train,8
ff-c23__Deepfakes__122_144,1,ff-c23,Deepfakes,train,8
ff-c23__Deepfakes__786_819,1,ff-c23,Deepfakes,holdout,8
ff-c23__Deepfakes__190_176,1,ff-c23,Deepfakes,train,8
ff-c23__Deepfakes__452_550,1,ff-c23,Deepfakes,train,8
ff-c23__Deepfakes__436_526,1,ff-c23,Deepfakes,train,8
ff-c23__Deepfakes__827_817,1,ff-c23,Deepfakes,train,8
ff-c23__Deepfakes__734_699,1,ff-c23,Deepfakes,train,8
ff-c23__Deepfakes__647_622,1,ff-c23,Deepfakes,holdout,8
ff-c23__Deepfakes__104_126,1,ff-c23,Deepfakes,test,8
ff-c23__Deepfakes__248_232,1,ff-c23,Deepfakes,train,8
ff-c23__Deepfakes__549_531,1,ff-c23,Deepfakes,train,8
ff-c23__Deepfakes__465_482,1,ff-c23,Deepfakes,train,8
ff-c23__Deepfakes__281_474,1,ff-c23,Deepfakes,train,8
ff-c23__Deepfakes__083_213,1,ff-c23,Deepfakes,train,8
ff-c23__Deepfakes__314_347,1,ff-c23,Deepfakes,train,8
ff-c23__Deepfakes__521_517,1,ff-c23,Deepfakes,holdout,8
ff-c23__Deepfakes__033_097,1,ff-c23,Deepfakes,test,8
ff-c23__Deepfakes__794_779,1,ff-c23,Deepfakes,train,8
ff-c23__Deepfakes__720_672,1,ff-c23,Deepfakes,train,8
ff-c23__Deepfakes__034_590,1,ff-c23,Deepfakes,train,8
ff-c23__Deepfakes__576_155,1,ff-c23,Deepfakes,train,8
ff-c23__Deepfakes__112_892,1,ff-c23,Deepfakes,train,8
ff-c23__Deepfakes__656_666,1,ff-c23,Deepfakes,train,8
ff-c23__Deepfakes__050_059,1,ff-c23,Deepfakes,train,8
ff-c23__Deepfakes__754_758,1,ff-c23,Deepfakes,train,8
ff-c23__Deepfakes__455_471,1,ff-c23,Deepfakes,train,8
ff-c23__Deepfakes__389_480,1,ff-c23,Deepfakes,train,8
ff-c23__Deepfakes__857_909,1,ff-c23,Deepfakes,test,8
ff-c23__Deepfakes__364_440,1,ff-c23,Deepfakes,train,8
ff-c23__Deepfakes__144_122,1,ff-c23,Deepfakes,test,8
ff-c23__Deepfakes__542_520,1,ff-c23,Deepfakes,val,8
ff-c23__Deepfakes__874_291,1,ff-c23,Deepfakes,test,8
ff-c23__Deepfakes__847_906,1,ff-c23,Deepfakes,train,8
ff-c23__Deepfakes__233_995,1,ff-c23,Deepfakes,train,8
ff-c23__Deepfakes__814_871,1,ff-c23,Deepfakes,holdout,8
ff-c23__Deepfakes__870_001,1,ff-c23,Deepfakes,train,8
ff-c23__Deepfakes__684_717,1,ff-c23,Deepfakes,val,8
ff-c23__Deepfakes__714_842,1,ff-c23,Deepfakes,train,8
ff-c23__Deepfakes__937_888,1,ff-c23,Deepfakes,val,8
ff-c23__Deepfakes__331_260,1,ff-c23,Deepfakes,holdout,8
ff-c23__Deepfakes__467_462,1,ff-c23,Deepfakes,train,8
ff-c23__Deepfakes__524_580,1,ff-c23,Deepfakes,train,8
ff-c23__Deepfakes__498_433,1,ff-c23,Deepfakes,train,8
ff-c23__Deepfakes__952_882,1,ff-c23,Deepfakes,train,8
ff-c23__Deepfakes__875_979,1,ff-c23,Deepfakes,train,8
ff-c23__Deepfakes__224_197,1,ff-c23,Deepfakes,train,8
ff-c23__Deepfakes__022_489,1,ff-c23,Deepfakes,holdout,8
ff-c23__Deepfakes__181_199,1,ff-c23,Deepfakes,val,8
ff-c23__Deepfakes__141_161,1,ff-c23,Deepfakes,train,8
ff-c23__Deepfakes__093_121,1,ff-c23,Deepfakes,train,8
ff-c23__Deepfakes__325_492,1,ff-c23,Deepfakes,holdout,8
ff-c23__Deepfakes__762_832,1,ff-c23,Deepfakes,train,8
ff-c23__Deepfakes__555_516,1,ff-c23,Deepfakes,train,8
ff-c23__Deepfakes__493_538,1,ff-c23,Deepfakes,holdout,8
ff-c23__Deepfakes__293_296,1,ff-c23,Deepfakes,holdout,8
ff-c23__Deepfakes__584_823,1,ff-c23,Deepfakes,train,8
ff-c23__Deepfakes__968_884,1,ff-c23,Deepfakes,train,8
ff-c23__Deepfakes__888_937,1,ff-c23,Deepfakes,train,8
ff-c23__Deepfakes__689_690,1,ff-c23,Deepfakes,train,8
ff-c23__Deepfakes__648_654,1,ff-c23,Deepfakes,train,8
ff-c23__Deepfakes__040_997,1,ff-c23,Deepfakes,train,8
ff-c23__Deepfakes__205_184,1,ff-c23,Deepfakes,train,8
ff-c23__Deepfakes__805_011,1,ff-c23,Deepfakes,train,8
ff-c23__Deepfakes__214_255,1,ff-c23,Deepfakes,train,8
ff-c23__Deepfakes__289_228,1,ff-c23,Deepfakes,val,8
ff-c23__Deepfakes__512_495,1,ff-c23,Deepfakes,train,8
ff-c23__Deepfakes__660_634,1,ff-c23,Deepfakes,val,8
ff-c23__Deepfakes__471_455,1,ff-c23,Deepfakes,train,8
ff-c23__Deepfakes__438_434,1,ff-c23,Deepfakes,val,8
ff-c23__Deepfakes__707_705,1,ff-c23,Deepfakes,val,8
ff-c23__Deepfakes__748_355,1,ff-c23,Deepfakes,train,8
ff-c23__Deepfakes__861_858,1,ff-c23,Deepfakes,train,8
ff-c23__Deepfakes__049_946,1,ff-c23,Deepfakes,train,8
ff-c23__Deepfakes__000_003,1,ff-c23,Deepfakes,val,8
ff-c23__Deepfakes__890_837,1,ff-c23,Deepfakes,train,8
ff-c23__Deepfakes__758_754,1,ff-c23,Deepfakes,train,8
ff-c23__Deepfakes__168_222,1,ff-c23,Deepfakes,train,8
ff-c23__Deepfakes__815_730,1,ff-c23,Deepfakes,train,8
ff-c23__Deepfakes__565_589,1,ff-c23,Deepfakes,val,8
ff-c23__Deepfakes__972_718,1,ff-c23,Deepfakes,train,8
ff-c23__Deepfakes__548_632,1,ff-c23,Deepfakes,train,8
ff-c23__Deepfakes__508_831,1,ff-c23,Deepfakes,train,8
ff-c23__Deepfakes__702_612,1,ff-c23,Deepfakes,train,8
ff-c23__Deepfakes__643_646,1,ff-c23,Deepfakes,val,8
ff-c23__Deepfakes__384_932,1,ff-c23,Deepfakes,holdout,8
ff-c23__Deepfakes__943_942,1,ff-c23,Deepfakes,train,8
ff-c23__Deepfakes__486_680,1,ff-c23,Deepfakes,train,8
ff-c23__Deepfakes__087_081,1,ff-c23,Deepfakes,val,8
ff-c23__Deepfakes__741_731,1,ff-c23,Deepfakes,val,8
ff-c23__Deepfakes__413_372,1,ff-c23,Deepfakes,holdout,8
ff-c23__Deepfakes__722_458,1,ff-c23,Deepfakes,val,8
ff-c23__Deepfakes__148_133,1,ff-c23,Deepfakes,val,8
ff-c23__Deepfakes__219_220,1,ff-c23,Deepfakes,val,8
ff-c23__Deepfakes__670_661,1,ff-c23,Deepfakes,test,8
ff-c23__Deepfakes__781_806,1,ff-c23,Deepfakes,train,8
ff-c23__Deepfakes__371_367,1,ff-c23,Deepfakes,train,8
ff-c23__Deepfakes__900_926,1,ff-c23,Deepfakes,train,8
ff-c23__Deepfakes__813_700,1,ff-c23,Deepfakes,train,8
ff-c23__Deepfakes__530_594,1,ff-c23,Deepfakes,test,8
ff-c23__Deepfakes__273_807,1,ff-c23,Deepfakes,train,8
ff-c23__Deepfakes__956_958,1,ff-c23,Deepfakes,train,8
ff-c23__Deepfakes__811_920,1,ff-c23,Deepfakes,train,8
ff-c23__Deepfakes__504_502,1,ff-c23,Deepfakes,holdout,8
ff-c23__Deepfakes__750_743,1,ff-c23,Deepfakes,train,8
ff-c23__Deepfakes__891_876,1,ff-c23,Deepfakes,train,8
ff-c23__Deepfakes__941_940,1,ff-c23,Deepfakes,train,8
ff-c23__Deepfakes__037_072,1,ff-c23,Deepfakes,test,8
ff-c23__Deepfakes__322_315,1,ff-c23,Deepfakes,train,8
ff-c23__Deepfakes__302_323,1,ff-c23,Deepfakes,train,8
ff-c23__Deepfakes__396_272,1,ff-c23,Deepfakes,val,8
ff-c23__Deepfakes__682_669,1,ff-c23,Deepfakes,train,8
ff-c23__Deepfakes__128_896,1,ff-c23,Deepfakes,train,8
ff-c23__Deepfakes__191_188,1,ff-c23,Deepfakes,train,8
ff-c23__Deepfakes__676_776,1,ff-c23,Deepfakes,val,8
ff-c23__Deepfakes__824_419,1,ff-c23,Deepfakes,train,8
ff-c23__Deepfakes__028_068,1,ff-c23,Deepfakes,train,8
ff-c23__Deepfakes__166_167,1,ff-c23,Deepfakes,holdout,8
ff-c23__Deepfakes__032_944,1,ff-c23,Deepfakes,train,8
ff-c23__Deepfakes__210_241,1,ff-c23,Deepfakes,train,8
ff-c23__Deepfakes__808_829,1,ff-c23,Deepfakes,holdout,8
ff-c23__Deepfakes__653_601,1,ff-c23,Deepfakes,train,8
ff-c23__Deepfakes__733_935,1,ff-c23,Deepfakes,train,8
ff-c23__Deepfakes__842_714,1,ff-c23,Deepfakes,train,8
ff-c23__Deepfakes__944_032,1,ff-c23,Deepfakes,train,8
ff-c23__Deepfakes__566_617,1,ff-c23,Deepfakes,holdout,8
ff-c23__Deepfakes__561_998,1,ff-c23,Deepfakes,val,8
ff-c23__Deepfakes__834_852,1,ff-c23,Deepfakes,train,8
ff-c23__Deepfakes__685_613,1,ff-c23,Deepfakes,holdout,8
ff-c23__Deepfakes__529_633,1,ff-c23,Deepfakes,train,8
ff-c23__Deepfakes__783_916,1,ff-c23,Deepfakes,train,8
ff-c23__Deepfakes__659_749,1,ff-c23,Deepfakes,train,8
ff-c23__Deepfakes__488_399,1,ff-c23,Deepfakes,val,8
ff-c23__Deepfakes__608_675,1,ff-c23,Deepfakes,train,8
ff-c23__Deepfakes__930_763,1,ff-c23,Deepfakes,train,8
ff-c23__Deepfakes__876_891,1,ff-c23,Deepfakes,test,8
ff-c23__Deepfakes__427_637,1,ff-c23,Deepfakes,train,8
ff-c23__Deepfakes__321_288,1,ff-c23,Deepfakes,train,8
ff-c23__Deepfakes__081_087,1,ff-c23,Deepfakes,train,8
ff-c23__Deepfakes__849_771,1,ff-c23,Deepfakes,train,8
ff-c23__Deepfakes__352_319,1,ff-c23,Deepfakes,train,8
ff-c23__Deepfakes__574_547,1,ff-c23,Deepfakes,train,8
ff-c23__Deepfakes__531_549,1,ff-c23,Deepfakes,train,8
ff-c23__Deepfakes__463_464,1,ff-c23,Deepfakes,train,8
ff-c23__Deepfakes__048_029,1,ff-c23,Deepfakes,test,8
ff-c23__Deepfakes__133_148,1,ff-c23,Deepfakes,train,8
ff-c23__Deepfakes__274_412,1,ff-c23,Deepfakes,train,8
ff-c23__Deepfakes__445_494,1,ff-c23,Deepfakes,train,8
ff-c23__Deepfakes__006_002,1,ff-c23,Deepfakes,train,8
ff-c23__Deepfakes__278_306,1,ff-c23,Deepfakes,train,8
ff-c23__Deepfakes__723_704,1,ff-c23,Deepfakes,train,8
ff-c23__Deepfakes__082_103,1,ff-c23,Deepfakes,train,8
ff-c23__Deepfakes__175_159,1,ff-c23,Deepfakes,train,8
ff-c23__Deepfakes__485_425,1,ff-c23,Deepfakes,train,8
ff-c23__Deepfakes__563_537,1,ff-c23,Deepfakes,train,8
ff-c23__Deepfakes__015_919,1,ff-c23,Deepfakes,train,8
ff-c23__Deepfakes__680_486,1,ff-c23,Deepfakes,train,8
ff-c23__Deepfakes__280_249,1,ff-c23,Deepfakes,val,8
ff-c23__Deepfakes__757_573,1,ff-c23,Deepfakes,train,8
ff-c23__Deepfakes__369_316,1,ff-c23,Deepfakes,train,8
ff-c23__Deepfakes__984_967,1,ff-c23,Deepfakes,train,8
ff-c23__Deepfakes__203_201,1,ff-c23,Deepfakes,train,8
ff-c23__Deepfakes__359_317,1,ff-c23,Deepfakes,train,8
ff-c23__Deepfakes__444_655,1,ff-c23,Deepfakes,train,8
ff-c23__Deepfakes__671_677,1,ff-c23,Deepfakes,train,8
ff-c23__Deepfakes__425_485,1,ff-c23,Deepfakes,val,8
ff-c23__Deepfakes__725_724,1,ff-c23,Deepfakes,val,8
ff-c23__Deepfakes__243_156,1,ff-c23,Deepfakes,holdout,8
ff-c23__Deepfakes__212_179,1,ff-c23,Deepfakes,holdout,8
ff-c23__Deepfakes__324_356,1,ff-c23,Deepfakes,train,8
ff-c23__Deepfakes__169_227,1,ff-c23,Deepfakes,train,8
ff-c23__Deepfakes__017_803,1,ff-c23,Deepfakes,train,8
ff-c23__Deepfakes__572_554,1,ff-c23,Deepfakes,train,8
ff-c23__Deepfakes__713_726,1,ff-c23,Deepfakes,train,8
ff-c23__Deepfakes__318_334,1,ff-c23,Deepfakes,train,8
ff-c23__Deepfakes__434_438,1,ff-c23,Deepfakes,train,8
ff-c23__Deepfakes__812_821,1,ff-c23,Deepfakes,holdout,8
ff-c23__Deepfakes__621_546,1,ff-c23,Deepfakes,test,8
ff-c23__Deepfakes__677_671,1,ff-c23,Deepfakes,train,8
ff-c23__Deepfakes__138_142,1,ff-c23,Deepfakes,test,8
ff-c23__Deepfakes__466_428,1,ff-c23,Deepfakes,train,8
ff-c23__Deepfakes__173_171,1,ff-c23,Deepfakes,train,8
ff-c23__Deepfakes__810_838,1,ff-c23,Deepfakes,val,8
ff-c23__Deepfakes__088_060,1,ff-c23,Deepfakes,train,8
ff-c23__Deepfakes__649_816,1,ff-c23,Deepfakes,train,8
ff-c23__Deepfakes__919_015,1,ff-c23,Deepfakes,train,8
ff-c23__Deepfakes__080_061,1,ff-c23,Deepfakes,train,8
ff-c23__Deepfakes__209_016,1,ff-c23,Deepfakes,train,8
ff-c23__Deepfakes__264_271,1,ff-c23,Deepfakes,val,8
ff-c23__Deepfakes__127_129,1,ff-c23,Deepfakes,train,8
ff-c23__Deepfakes__285_136,1,ff-c23,Deepfakes,train,8
ff-c23__Deepfakes__079_076,1,ff-c23,Deepfakes,val,8
ff-c23__Deepfakes__697_581,1,ff-c23,Deepfakes,holdout,8
ff-c23__Deepfakes__863_853,1,ff-c23,Deepfakes,holdout,8
ff-c23__Deepfakes__041_063,1,ff-c23,Deepfakes,test,8
ff-c23__Deepfakes__447_431,1,ff-c23,Deepfakes,val,8
ff-c23__Deepfakes__004_982,1,ff-c23,Deepfakes,train,8
ff-c23__Deepfakes__223_586,1,ff-c23,Deepfakes,train,8
ff-c23__Deepfakes__069_961,1,ff-c23,Deepfakes,train,8
ff-c23__Deepfakes__916_783,1,ff-c23,Deepfakes,train,8
ff-c23__Deepfakes__507_418,1,ff-c23,Deepfakes,train,8
ff-c23__Deepfakes__790_014,1,ff-c23,Deepfakes,train,8
ff-c23__Deepfakes__005_010,1,ff-c23,Deepfakes,val,8
ff-c23__Deepfakes__765_867,1,ff-c23,Deepfakes,train,8
ff-c23__Deepfakes__710_788,1,ff-c23,Deepfakes,train,8
ff-c23__Deepfakes__257_420,1,ff-c23,Deepfakes,train,8
ff-c23__Deepfakes__161_141,1,ff-c23,Deepfakes,train,8
ff-c23__Deepfakes__752_751,1,ff-c23,Deepfakes,train,8
ff-c23__Deepfakes__590_034,1,ff-c23,Deepfakes,train,8
ff-c23__Deepfakes__846_845,1,ff-c23,Deepfakes,train,8
ff-c23__Deepfakes__817_827,1,ff-c23,Deepfakes,train,8
ff-c23__Deepfakes__303_309,1,ff-c23,Deepfakes,train,8
ff-c23__Deepfakes__774_735,1,ff-c23,Deepfakes,train,8
ff-c23__Deepfakes__644_657,1,ff-c23,Deepfakes,train,8
ff-c23__Deepfakes__906_847,1,ff-c23,Deepfakes,train,8
ff-c23__Deepfakes__729_727,1,ff-c23,Deepfakes,train,8
ff-c23__Deepfakes__887_275,1,ff-c23,Deepfakes,train,8
ff-c23__Deepfakes__327_329,1,ff-c23,Deepfakes,train,8
ff-c23__Deepfakes__792_903,1,ff-c23,Deepfakes,train,8
ff-c23__Deepfakes__911_910,1,ff-c23,Deepfakes,train,8
ff-c23__Deepfakes__666_656,1,ff-c23,Deepfakes,train,8
ff-c23__Deepfakes__866_878,1,ff-c23,Deepfakes,train,8
ff-c23__Deepfakes__062_066,1,ff-c23,Deepfakes,train,8
ff-c23__Deepfakes__001_870,1,ff-c23,Deepfakes,holdout,8
ff-c23__Deepfakes__383_353,1,ff-c23,Deepfakes,train,8
ff-c23__Deepfakes__627_658,1,ff-c23,Deepfakes,train,8
ff-c23__Deepfakes__632_548,1,ff-c23,Deepfakes,train,8
ff-c23__Deepfakes__858_861,1,ff-c23,Deepfakes,train,8
ff-c23__Deepfakes__851_552,1,ff-c23,Deepfakes,holdout,8
ff-c23__Deepfakes__244_822,1,ff-c23,Deepfakes,test,8
ff-c23__Deepfakes__716_712,1,ff-c23,Deepfakes,train,8
ff-c23__Deepfakes__854_747,1,ff-c23,Deepfakes,train,8
ff-c23__Deepfakes__192_134,1,ff-c23,Deepfakes,train,8
ff-c23__Deepfakes__185_276,1,ff-c23,Deepfakes,val,8
ff-c23__Deepfakes__070_057,1,ff-c23,Deepfakes,test,8
ff-c23__Deepfakes__137_165,1,ff-c23,Deepfakes,val,8
ff-c23__Deepfakes__408_424,1,ff-c23,Deepfakes,val,8
ff-c23__Deepfakes__299_145,1,ff-c23,Deepfakes,train,8
ff-c23__Deepfakes__194_235,1,ff-c23,Deepfakes,train,8
ff-c23__Deepfakes__859_843,1,ff-c23,Deepfakes,train,8
ff-c23__Deepfakes__348_202,1,ff-c23,Deepfakes,train,8
ff-c23__Deepfakes__379_158,1,ff-c23,Deepfakes,train,8
ff-c23__Deepfakes__886_877,1,ff-c23,Deepfakes,train,8
ff-c23__Deepfakes__130_139,1,ff-c23,Deepfakes,train,8
ff-c23__Deepfakes__678_460,1,ff-c23,Deepfakes,train,8
ff-c23__Deepfakes__114_102,1,ff-c23,Deepfakes,train,8
ff-c23__Deepfakes__546_621,1,ff-c23,Deepfakes,test,8
ff-c23__Deepfakes__431_447,1,ff-c23,Deepfakes,train,8
ff-c23__Deepfakes__381_376,1,ff-c23,Deepfakes,holdout,8
ff-c23__Deepfakes__385_414,1,ff-c23,Deepfakes,train,8
ff-c23__Deepfakes__517_521,1,ff-c23,Deepfakes,train,8
ff-c23__Deepfakes__533_450,1,ff-c23,Deepfakes,val,8
ff-c23__Deepfakes__215_208,1,ff-c23,Deepfakes,test,8
ff-c23__Deepfakes__838_810,1,ff-c23,Deepfakes,test,8
ff-c23__Deepfakes__999_960,1,ff-c23,Deepfakes,train,8
ff-c23__Deepfakes__558_583,1,ff-c23,Deepfakes,train,8
ff-c23__Deepfakes__057_070,1,ff-c23,Deepfakes,train,8
ff-c23__Deepfakes__915_895,1,ff-c23,Deepfakes,train,8
ff-c23__Deepfakes__217_117,1,ff-c23,Deepfakes,train,8
ff-c23__Deepfakes__619_620,1,ff-c23,Deepfakes,train,8
ff-c23__Deepfakes__461_250,1,ff-c23,Deepfakes,train,8
ff-c23__Deepfakes__393_405,1,ff-c23,Deepfakes,test,8
ff-c23__Deepfakes__698_693,1,ff-c23,Deepfakes,train,8
ff-c23__Deepfakes__269_268,1,ff-c23,Deepfakes,train,8
ff-c23__Deepfakes__222_168,1,ff-c23,Deepfakes,val,8
ff-c23__Deepfakes__881_856,1,ff-c23,Deepfakes,train,8
ff-c23__Deepfakes__470_468,1,ff-c23,Deepfakes,train,8
ff-c23__Deepfakes__249_280,1,ff-c23,Deepfakes,holdout,8
ff-c23__Deepfakes__885_802,1,ff-c23,Deepfakes,holdout,8
ff-c23__Deepfakes__459_430,1,ff-c23,Deepfakes,train,8
ff-c23__Deepfakes__951_947,1,ff-c23,Deepfakes,train,8
ff-c23__Deepfakes__536_540,1,ff-c23,Deepfakes,test,8
ff-c23__Deepfakes__305_513,1,ff-c23,Deepfakes,train,8
ff-c23__Deepfakes__246_258,1,ff-c23,Deepfakes,test,8
ff-c23__Deepfakes__353_383,1,ff-c23,Deepfakes,train,8
ff-c23__Deepfakes__051_332,1,ff-c23,Deepfakes,train,8
ff-c23__Deepfakes__011_805,1,ff-c23,Deepfakes,train,8
ff-c23__Deepfakes__159_175,1,ff-c23,Deepfakes,train,8
ff-c23__Deepfakes__187_234,1,ff-c23,Deepfakes,train,8
ff-c23__Deepfakes__778_798,1,ff-c23,Deepfakes,holdout,8
ff-c23__Deepfakes__238_282,1,ff-c23,Deepfakes,train,8
ff-c23__Deepfakes__054_071,1,ff-c23,Deepfakes,train,8
ff-c23__Deepfakes__818_820,1,ff-c23,Deepfakes,train,8
ff-c23__Deepfakes__423_421,1,ff-c23,Deepfakes,train,8
ff-c23__Deepfakes__216_164,1,ff-c23,Deepfakes,train,8
ff-c23__Deepfakes__424_408,1,ff-c23,Deepfakes,test,8
ff-c23__Deepfakes__816_649,1,ff-c23,Deepfakes,train,8
ff-c23__Deepfakes__585_599,1,ff-c23,Deepfakes,test,8
ff-c23__Deepfakes__218_239,1,ff-c23,Deepfakes,train,8
ff-c23__Deepfakes__837_890,1,ff-c23,Deepfakes,train,8
ff-c23__Deepfakes__183_253,1,ff-c23,Deepfakes,holdout,8
ff-c23__Deepfakes__151_225,1,ff-c23,Deepfakes,test,8
ff-c23__Deepfakes__267_286,1,ff-c23,Deepfakes,val,8
ff-c23__Deepfakes__520_542,1,ff-c23,Deepfakes,train,8
ff-c23__Deepfakes__308_388,1,ff-c23,Deepfakes,holdout,8
ff-c23__Deepfakes__991_064,1,ff-c23,Deepfakes,train,8
ff-c23__Deepfakes__773_652,1,ff-c23,Deepfakes,test,8
ff-c23__Deepfakes__978_975,1,ff-c23,Deepfakes,train,8
ff-c23__Deepfakes__077_100,1,ff-c23,Deepfakes,train,8
ff-c23__Deepfakes__177_211,1,ff-c23,Deepfakes,holdout,8
ff-c23__Deepfakes__010_005,1,ff-c23,Deepfakes,train,8
ff-c23__Deepfakes__844_797,1,ff-c23,Deepfakes,train,8
ff-c23__Deepfakes__412_274,1,ff-c23,Deepfakes,test,8
ff-c23__Deepfakes__946_049,1,ff-c23,Deepfakes,train,8
ff-c23__Deepfakes__626_562,1,ff-c23,Deepfakes,train,8
ff-c23__Deepfakes__117_217,1,ff-c23,Deepfakes,train,8
ff-c23__Deepfakes__712_716,1,ff-c23,Deepfakes,train,8
ff-c23__Deepfakes__335_277,1,ff-c23,Deepfakes,train,8
ff-c23__Deepfakes__640_638,1,ff-c23,Deepfakes,train,8
ff-c23__Deepfakes__642_635,1,ff-c23,Deepfakes,val,8
ff-c23__Deepfakes__115_939,1,ff-c23,Deepfakes,train,8
ff-c23__Deepfakes__718_972,1,ff-c23,Deepfakes,holdout,8
ff-c23__Deepfakes__880_135,1,ff-c23,Deepfakes,train,8
ff-c23__Deepfakes__301_262,1,ff-c23,Deepfakes,val,8
ff-c23__Deepfakes__511_472,1,ff-c23,Deepfakes,train,8
ff-c23__Deepfakes__802_885,1,ff-c23,Deepfakes,test,8
ff-c23__Deepfakes__554_572,1,ff-c23,Deepfakes,val,8
ff-c23__Deepfakes__276_185,1,ff-c23,Deepfakes,train,8
ff-c23__Deepfakes__458_722,1,ff-c23,Deepfakes,val,8
ff-c23__Deepfakes__971_564,1,ff-c23,Deepfakes,train,8
ff-c23__Deepfakes__409_382,1,ff-c23,Deepfakes,test,8
ff-c23__Deepfakes__699_734,1,ff-c23,Deepfakes,train,8
ff-c23__Deepfakes__043_110,1,ff-c23,Deepfakes,val,8
ff-c23__Deepfakes__263_284,1,ff-c23,Deepfakes,train,8
ff-c23__Deepfakes__476_400,1,ff-c23,Deepfakes,train,8
ff-c23__Deepfakes__172_582,1,ff-c23,Deepfakes,train,8
ff-c23__Deepfakes__146_256,1,ff-c23,Deepfakes,train,8
ff-c23__Deepfakes__798_778,1,ff-c23,Deepfakes,train,8
ff-c23__Deepfakes__985_981,1,ff-c23,Deepfakes,train,8
ff-c23__Deepfakes__895_915,1,ff-c23,Deepfakes,train,8
ff-c23__Deepfakes__449_451,1,ff-c23,Deepfakes,train,8
ff-c23__Deepfakes__046_904,1,ff-c23,Deepfakes,train,8
ff-c23__Deepfakes__097_033,1,ff-c23,Deepfakes,train,8
ff-c23__Deepfakes__061_080,1,ff-c23,Deepfakes,train,8
ff-c23__Deepfakes__121_093,1,ff-c23,Deepfakes,test,8
ff-c23__Deepfakes__433_498,1,ff-c23,Deepfakes,train,8
ff-c23__Deepfakes__877_886,1,ff-c23,Deepfakes,test,8
ff-c23__Deepfakes__430_459,1,ff-c23,Deepfakes,train,8
ff-c23__Deepfakes__195_442,1,ff-c23,Deepfakes,train,8
ff-c23__Deepfakes__355_748,1,ff-c23,Deepfakes,train,8
ff-c23__Deepfakes__342_416,1,ff-c23,Deepfakes,train,8
ff-c23__Deepfakes__690_689,1,ff-c23,Deepfakes,holdout,8
ff-c23__Deepfakes__064_991,1,ff-c23,Deepfakes,train,8
ff-c23__Deepfakes__693_698,1,ff-c23,Deepfakes,train,8
ff-c23__Deepfakes__387_311,1,ff-c23,Deepfakes,val,8
ff-c23__Deepfakes__380_358,1,ff-c23,Deepfakes,holdout,8
ff-c23__Deepfakes__386_154,1,ff-c23,Deepfakes,train,8
ff-c23__Deepfakes__060_088,1,ff-c23,Deepfakes,train,8
ff-c23__Deepfakes__052_108,1,ff-c23,Deepfakes,train,8
ff-c23__Deepfakes__099_295,1,ff-c23,Deepfakes,train,8
ff-c23__Deepfakes__410_411,1,ff-c23,Deepfakes,train,8
ff-c23__Deepfakes__830_828,1,ff-c23,Deepfakes,train,8
ff-c23__Deepfakes__333_377,1,ff-c23,Deepfakes,train,8
ff-c23__Deepfakes__901_902,1,ff-c23,Deepfakes,test,8
ff-c23__Deepfakes__025_067,1,ff-c23,Deepfakes,train,8
ff-c23__DeepFakeDetection__02_09__kitchen_pan__9TDCEK1Q,1,ff-c23,DeepFakeDetection,train,7
ff-c23__DeepFakeDetection__24_10__walking_down_street_outside_angry__356HPS7R,1,ff-c23,DeepFakeDetection,train,8
ff-c23__DeepFakeDetection__26_12__walking_down_street_outside_angry__OVOQACG8,1,ff-c23,DeepFakeDetection,holdout,8
ff-c23__DeepFakeDetection__15_06__exit_phone_room__E98QYYXO,1,ff-c23,DeepFakeDetection,train,8
ff-c23__DeepFakeDetection__26_25__outside_talking_still_laughing__7ZRKCFMS,1,ff-c23,DeepFakeDetection,holdout,8
ff-c23__DeepFakeDetection__15_03__podium_speech_happy__Y11NT1YX,1,ff-c23,DeepFakeDetection,train,8
ff-c23__DeepFakeDetection__07_26__walking_down_street_outside_angry__FGNGC2GT,1,ff-c23,DeepFakeDetection,train,8
ff-c23__DeepFakeDetection__19_24__walk_down_hall_angry__59PN7WZ2,1,ff-c23,DeepFakeDetection,test,8
ff-c23__DeepFakeDetection__20_14__talking_angry_couch__R7SPX6OK,1,ff-c23,DeepFakeDetection,train,8
ff-c23__DeepFakeDetection__21_09__talking_against_wall__LBQF8ZN1,1,ff-c23,DeepFakeDetection,val,8
ff-c23__DeepFakeDetection__20_14__podium_speech_happy__B014BKVO,1,ff-c23,DeepFakeDetection,train,8
ff-c23__DeepFakeDetection__07_04__outside_talking_still_laughing__XRK7FGZX,1,ff-c23,DeepFakeDetection,train,8
ff-c23__DeepFakeDetection__25_12__secret_conversation__MA71PDNV,1,ff-c23,DeepFakeDetection,train,8
ff-c23__DeepFakeDetection__01_04__talking_angry_couch__0XUW13RW,1,ff-c23,DeepFakeDetection,train,8
ff-c23__DeepFakeDetection__25_26__podium_speech_happy__PQ41U3IJ,1,ff-c23,DeepFakeDetection,train,8
ff-c23__DeepFakeDetection__20_25__walk_down_hall_angry__DW2L6D2V,1,ff-c23,DeepFakeDetection,train,8
ff-c23__DeepFakeDetection__07_09__walk_down_hall_angry__N9CWME71,1,ff-c23,DeepFakeDetection,train,8
ff-c23__DeepFakeDetection__19_24__secret_conversation__59PN7WZ2,1,ff-c23,DeepFakeDetection,test,8
ff-c23__DeepFakeDetection__23_19__walking_down_indoor_hall_disgust__H4SUVFTL,1,ff-c23,DeepFakeDetection,train,8
ff-c23__DeepFakeDetection__07_03__podium_speech_happy__6PHZRQ4H,1,ff-c23,DeepFakeDetection,train,8
ff-c23__DeepFakeDetection__23_19__secret_conversation__H4SUVFTL,1,ff-c23,DeepFakeDetection,train,8
ff-c23__DeepFakeDetection__18_11__secret_conversation__JJ1YREUN,1,ff-c23,DeepFakeDetection,holdout,8
ff-c23__DeepFakeDetection__21_01__kitchen_pan__03X7CELV,1,ff-c23,DeepFakeDetection,val,8
ff-c23__DeepFakeDetection__06_18__outside_talking_pan_laughing__DEA1TCLN,1,ff-c23,DeepFakeDetection,train,8
ff-c23__DeepFakeDetection__15_12__walking_down_indoor_hall_disgust__RK17XFJ9,1,ff-c23,DeepFakeDetection,train,8
ff-c23__DeepFakeDetection__01_03__talking_against_wall__JZUXXFRB,1,ff-c23,DeepFakeDetection,train,8
ff-c23__DeepFakeDetection__24_23__kitchen_still__YR5OVD4S,1,ff-c23,DeepFakeDetection,train,8
ff-c23__DeepFakeDetection__19_24__outside_talking_pan_laughing__59PN7WZ2,1,ff-c23,DeepFakeDetection,test,7
ff-c23__DeepFakeDetection__15_01__kitchen_still__02HILKYO,1,ff-c23,DeepFakeDetection,train,8
ff-c23__DeepFakeDetection__12_06__outside_talking_pan_laughing__0VR4Y891,1,ff-c23,DeepFakeDetection,train,8
ff-c23__DeepFakeDetection__12_21__outside_talking_still_laughing__J54W3PV1,1,ff-c23,DeepFakeDetection,train,8
ff-c23__DeepFakeDetection__25_21__talking_against_wall__NFBISHIN,1,ff-c23,DeepFakeDetection,train,8
ff-c23__DeepFakeDetection__09_07__kitchen_pan__N9CWME71,1,ff-c23,DeepFakeDetection,train,8
ff-c23__DeepFakeDetection__13_27__walking_outside_cafe_disgusted__A1OSUJE9,1,ff-c23,DeepFakeDetection,train,8
ff-c23__DeepFakeDetection__01_02__walk_down_hall_angry__YVGY8LOK,1,ff-c23,DeepFakeDetection,train,8
ff-c23__DeepFakeDetection__24_19__outside_talking_pan_laughing__LVZNRK9S,1,ff-c23,DeepFakeDetection,train,8
ff-c23__DeepFakeDetection__15_06__walking_down_street_outside_angry__YDX3GHFS,1,ff-c23,DeepFakeDetection,train,8
ff-c23__DeepFakeDetection__24_19__secret_conversation__NPZW2Z9L,1,ff-c23,DeepFakeDetection,train,8
ff-c23__DeepFakeDetection__02_06__talking_angry_couch__MKZTXQ2T,1,ff-c23,DeepFakeDetection,train,8
ff-c23__DeepFakeDetection__27_13__kitchen_still__A1OSUJE9,1,ff-c23,DeepFakeDetection,train,8
ff-c23__DeepFakeDetection__15_04__kitchen_pan__46TJ9IOJ,1,ff-c23,DeepFakeDetection,train,8
ff-c23__DeepFakeDetection__02_15__talking_angry_couch__I8G2LWD1,1,ff-c23,DeepFakeDetection,train,8
ff-c23__DeepFakeDetection__12_14__outside_talking_pan_laughing__Z7EWFA0P,1,ff-c23,DeepFakeDetection,train,8
ff-c23__DeepFakeDetection__23_10__outside_talking_pan_laughing__ZHJO34DY,1,ff-c23,DeepFakeDetection,train,8
ff-c23__DeepFakeDetection__16_05__walking_outside_cafe_disgusted__053HPS1G,1,ff-c23,DeepFakeDetection,train,8
ff-c23__DeepFakeDetection__14_13__talking_angry_couch__KMQ3AW6A,1,ff-c23,DeepFakeDetection,train,8
ff-c23__DeepFakeDetection__02_13__secret_conversation__CP5HFV3K,1,ff-c23,DeepFakeDetection,train,8
ff-c23__DeepFakeDetection__18_09__kitchen_still__3VP8836C,1,ff-c23,DeepFakeDetection,holdout,8
ff-c23__DeepFakeDetection__14_01__talking_angry_couch__0S0NS5C6,1,ff-c23,DeepFakeDetection,train,8
ff-c23__DeepFakeDetection__14_01__walking_and_outside_surprised__01YF7VQM,1,ff-c23,DeepFakeDetection,train,8
ff-c23__DeepFakeDetection__22_10__walk_down_hall_angry__FY7YI0AJ,1,ff-c23,DeepFakeDetection,train,8
ff-c23__DeepFakeDetection__04_01__outside_talking_still_laughing__6I623VU9,1,ff-c23,DeepFakeDetection,train,8
ff-c23__DeepFakeDetection__14_03__kitchen_still__Q9NSXM88,1,ff-c23,DeepFakeDetection,train,8
ff-c23__DeepFakeDetection__14_01__outside_talking_still_laughing__01YF7VQM,1,ff-c23,DeepFakeDetection,train,8
ff-c23__DeepFakeDetection__13_26__walking_outside_cafe_disgusted__SU8J9CBG,1,ff-c23,DeepFakeDetection,train,8
ff-c23__DeepFakeDetection__11_01__secret_conversation__WIZ7GKOD,1,ff-c23,DeepFakeDetection,train,8
ff-c23__DeepFakeDetection__09_03__talking_angry_couch__RCETIXYL,1,ff-c23,DeepFakeDetection,train,8
ff-c23__DeepFakeDetection__20_26__talking_angry_couch__01OJA93K,1,ff-c23,DeepFakeDetection,train,8
ff-c23__DeepFakeDetection__02_09__podium_speech_happy__9TDCEK1Q,1,ff-c23,DeepFakeDetection,train,8
ff-c23__DeepFakeDetection__26_18__kitchen_pan__C9VUQS9O,1,ff-c23,DeepFakeDetection,holdout,8
ff-c23__DeepFakeDetection__05_08__talking_against_wall__PRBCE28Z,1,ff-c23,DeepFakeDetection,train,8
ff-c23__DeepFakeDetection__02_18__secret_conversation__B95S4G6F,1,ff-c23,DeepFakeDetection,train,8
ff-c23__DeepFakeDetection__02_11__meeting_serious__NZJ1YEWE,1,ff-c23,DeepFakeDetection,train,8
ff-c23__DeepFakeDetection__13_12__secret_conversation__6G44TDN4,1,ff-c23,DeepFakeDetection,train,8
ff-c23__DeepFakeDetection__20_13__hugging_happy__C50CSOEX,1,ff-c23,DeepFakeDetection,train,8
ff-c23__DeepFakeDetection__23_24__kitchen_pan__YR5OVD4S,1,ff-c23,DeepFakeDetection,train,8
ff-c23__DeepFakeDetection__27_18__kitchen_still__NYHE8D0J,1,ff-c23,DeepFakeDetection,train,8
ff-c23__DeepFakeDetection__03_06__hugging_happy__2XWC5JED,1,ff-c23,DeepFakeDetection,train,8
ff-c23__DeepFakeDetection__15_12__hugging_happy__N0SRODQD,1,ff-c23,DeepFakeDetection,train,8
ff-c23__DeepFakeDetection__18_15__kitchen_still__V5VHLCOW,1,ff-c23,DeepFakeDetection,holdout,8
ff-c23__DeepFakeDetection__14_20__podium_speech_happy__R7SPX6OK,1,ff-c23,DeepFakeDetection,train,8
ff-c23__DeepFakeDetection__26_25__talking_against_wall__PQ41U3IJ,1,ff-c23,DeepFakeDetection,holdout,8
ff-c23__DeepFakeDetection__18_06__outside_talking_pan_laughing__DEA1TCLN,1,ff-c23,DeepFakeDetection,holdout,8
ff-c23__DeepFakeDetection__27_01__hugging_happy__ZYCZ30C0,1,ff-c23,DeepFakeDetection,train,8
ff-c23__DeepFakeDetection__14_18__outside_talking_still_laughing__6SB2BR0A,1,ff-c23,DeepFakeDetection,train,8
ff-c23__DeepFakeDetection__15_02__kitchen_still__SB6PMCO0,1,ff-c23,DeepFakeDetection,train,8
ff-c23__DeepFakeDetection__14_06__secret_conversation__8U9ULZDT,1,ff-c23,DeepFakeDetection,train,8
ff-c23__DeepFakeDetection__01_20__walk_down_hall_angry__FW94AIMJ,1,ff-c23,DeepFakeDetection,train,8
ff-c23__DeepFakeDetection__11_06__outside_talking_still_laughing__C8C4FW99,1,ff-c23,DeepFakeDetection,train,8
ff-c23__DeepFakeDetection__03_15__kitchen_pan__AIOM1U5V,1,ff-c23,DeepFakeDetection,train,8
ff-c23__DeepFakeDetection__05_16__kitchen_still__053HPS1G,1,ff-c23,DeepFakeDetection,train,8
ff-c23__DeepFakeDetection__22_24__walking_down_street_outside_angry__7E3GY85F,1,ff-c23,DeepFakeDetection,train,8
ff-c23__DeepFakeDetection__21_07__talking_angry_couch__MKU99DVX,1,ff-c23,DeepFakeDetection,val,8
ff-c23__DeepFakeDetection__02_15__secret_conversation__MZWH8ATN,1,ff-c23,DeepFakeDetection,train,8
ff-c23__DeepFakeDetection__14_20__hugging_happy__B014BKVO,1,ff-c23,DeepFakeDetection,train,8
ff-c23__DeepFakeDetection__01_11__talking_against_wall__9229VVZ3,1,ff-c23,DeepFakeDetection,train,8
ff-c23__DeepFakeDetection__22_24__kitchen_pan__XL557XC6,1,ff-c23,DeepFakeDetection,train,8
ff-c23__DeepFakeDetection__26_12__outside_talking_still_laughing__FWFQ5YB8,1,ff-c23,DeepFakeDetection,holdout,8
ff-c23__DeepFakeDetection__15_14__exit_phone_room__OMLZILK3,1,ff-c23,DeepFakeDetection,train,8
ff-c23__DeepFakeDetection__01_11__walking_outside_cafe_disgusted__FAFWDR4W,1,ff-c23,DeepFakeDetection,train,8
ff-c23__DeepFakeDetection__15_12__outside_talking_still_laughing__RK17XFJ9,1,ff-c23,DeepFakeDetection,train,8
ff-c23__DeepFakeDetection__27_26__outside_talking_still_laughing__IE9N0ZI9,1,ff-c23,DeepFakeDetection,train,8
ff-c23__DeepFakeDetection__03_01__podium_speech_happy__JZUXXFRB,1,ff-c23,DeepFakeDetection,train,8
ff-c23__DeepFakeDetection__13_03__exit_phone_room__GBYWJW06,1,ff-c23,DeepFakeDetection,train,8
ff-c23__DeepFakeDetection__15_02__talking_against_wall__HTG660F8,1,ff-c23,DeepFakeDetection,train,8
ff-c23__DeepFakeDetection__18_26__outside_talking_still_laughing__UMEX6HWU,1,ff-c23,DeepFakeDetection,holdout,8
ff-c23__DeepFakeDetection__14_26__podium_speech_happy__ILLP29ZH,1,ff-c23,DeepFakeDetection,train,8
ff-c23__DeepFakeDetection__12_07__outside_talking_pan_laughing__KAG65PEE,1,ff-c23,DeepFakeDetection,train,8
ff-c23__DeepFakeDetection__12_13__walking_and_outside_surprised__DJ7MF331,1,ff-c23,DeepFakeDetection,train,8
ff-c23__DeepFakeDetection__16_05__walking_down_street_outside_angry__BY646B4R,1,ff-c23,DeepFakeDetection,train,8
ff-c23__DeepFakeDetection__07_03__walking_outside_cafe_disgusted__F0YYEA5W,1,ff-c23,DeepFakeDetection,train,8
ff-c23__DeepFakeDetection__09_02__walking_down_street_outside_angry__6KUOFMZW,1,ff-c23,DeepFakeDetection,train,8
ff-c23__DeepFakeDetection__08_28__kitchen_pan__LVT0XNQG,1,ff-c23,DeepFakeDetection,train,8
ff-c23__DeepFakeDetection__02_13__secret_conversation__PLNVLO74,1,ff-c23,DeepFakeDetection,train,8
ff-c23__DeepFakeDetection__19_24__talking_angry_couch__W1DEM0XM,1,ff-c23,DeepFakeDetection,test,8
ff-c23__DeepFakeDetection__04_06__kitchen_still__ZK95PQDE,1,ff-c23,DeepFakeDetection,train,8
ff-c23__DeepFakeDetection__06_02__podium_speech_happy__N8OSN8P6,1,ff-c23,DeepFakeDetection,train,8
ff-c23__DeepFakeDetection__03_27__walk_down_hall_angry__IL675GCI,1,ff-c23,DeepFakeDetection,train,8
ff-c23__DeepFakeDetection__02_13__meeting_serious__CP5HFV3K,1,ff-c23,DeepFakeDetection,train,8
ff-c23__DeepFakeDetection__01_03__hugging_happy__ISF9SP4G,1,ff-c23,DeepFakeDetection,train,8
ff-c23__DeepFakeDetection__18_03__kitchen_still__22UBC0BS,1,ff-c23,DeepFakeDetection,holdout,8
ff-c23__DeepFakeDetection__10_19__walking_down_street_outside_angry__IDX76N5R,1,ff-c23,DeepFakeDetection,test,8
ff-c23__DeepFakeDetection__12_26__talking_angry_couch__LI63E4TS,1,ff-c23,DeepFakeDetection,train,8
ff-c23__DeepFakeDetection__28_05__walking_outside_cafe_disgusted__U9LRLJ6N,1,ff-c23,DeepFakeDetection,holdout,8
ff-c23__DeepFakeDetection__26_13__outside_talking_pan_laughing__WK3NZ3UV,1,ff-c23,DeepFakeDetection,holdout,8
ff-c23__DeepFakeDetection__11_21__kitchen_pan__T7DK03O1,1,ff-c23,DeepFakeDetection,train,8
ff-c23__DeepFakeDetection__09_18__outside_talking_pan_laughing__3VP8836C,1,ff-c23,DeepFakeDetection,train,8
ff-c23__DeepFakeDetection__07_06__outside_talking_still_laughing__NMGYPBXE,1,ff-c23,DeepFakeDetection,train,8
ff-c23__DeepFakeDetection__14_09__walking_down_indoor_hall_disgust__6TEK3ZX0,1,ff-c23,DeepFakeDetection,train,8
ff-c23__DeepFakeDetection__19_24__kitchen_still__GNHYZ84G,1,ff-c23,DeepFakeDetection,test,8
ff-c23__DeepFakeDetection__18_14__podium_speech_happy__0YRBHIKG,1,ff-c23,DeepFakeDetection,holdout,8
ff-c23__DeepFakeDetection__16_05__kitchen_still__053HPS1G,1,ff-c23,DeepFakeDetection,train,8
ff-c23__DeepFakeDetection__12_13__podium_speech_happy__N8IGC93J,1,ff-c23,DeepFakeDetection,train,8
ff-c23__DeepFakeDetection__09_18__walking_down_street_outside_angry__3VP8836C,1,ff-c23,DeepFakeDetection,train,8
ff-c23__DeepFakeDetection__03_18__kitchen_pan__22UBC0BS,1,ff-c23,DeepFakeDetection,train,8
ff-c23__DeepFakeDetection__18_02__kitchen_still__B95S4G6F,1,ff-c23,DeepFakeDetection,holdout,8
ff-c23__DeepFakeDetection__18_15__kitchen_pan__V5VHLCOW,1,ff-c23,DeepFakeDetection,holdout,8
ff-c23__DeepFakeDetection__02_06__exit_phone_room__HZAXM70B,1,ff-c23,DeepFakeDetection,train,8
ff-c23__DeepFakeDetection__02_07__secret_conversation__0IYV5DQ5,1,ff-c23,DeepFakeDetection,train,8
ff-c23__DeepFakeDetection__03_26__walk_down_hall_angry__WBSXBL82,1,ff-c23,DeepFakeDetection,train,8
ff-c23__DeepFakeDetection__01_11__meeting_serious__FCNL2OVP,1,ff-c23,DeepFakeDetection,train,8
ff-c23__DeepFakeDetection__03_27__walking_and_outside_surprised__KWGI1LSZ,1,ff-c23,DeepFakeDetection,train,8
ff-c23__DeepFakeDetection__06_12__outside_talking_pan_laughing__3K21NFNM,1,ff-c23,DeepFakeDetection,train,8
ff-c23__DeepFakeDetection__04_01__walk_down_hall_angry__GBC7ZGDP,1,ff-c23,DeepFakeDetection,train,8
ff-c23__DeepFakeDetection__06_15__walking_down_indoor_hall_disgust__QRCD27P8,1,ff-c23,DeepFakeDetection,train,8
ff-c23__DeepFakeDetection__02_13__walking_and_outside_surprised__CP5HFV3K,1,ff-c23,DeepFakeDetection,train,8
ff-c23__DeepFakeDetection__03_07__walking_outside_cafe_disgusted__CDSNLDQ8,1,ff-c23,DeepFakeDetection,train,8
ff-c23__DeepFakeDetection__06_25__outside_talking_pan_laughing__MI9BDQ7M,1,ff-c23,DeepFakeDetection,train,8
ff-c23__DeepFakeDetection__20_03__talking_angry_couch__61SVZ2J7,1,ff-c23,DeepFakeDetection,train,8
ff-c23__DeepFakeDetection__13_12__walk_down_hall_angry__Q442U52P,1,ff-c23,DeepFakeDetection,train,8
ff-c23__DeepFakeDetection__24_19__walking_down_street_outside_angry__QD5K7BP2,1,ff-c23,DeepFakeDetection,train,8
ff-c23__DeepFakeDetection__24_23__outside_talking_still_laughing__YR5OVD4S,1,ff-c23,DeepFakeDetection,train,8
ff-c23__DeepFakeDetection__12_21__kitchen_pan__ME7E3R1D,1,ff-c23,DeepFakeDetection,train,8
ff-c23__DeepFakeDetection__02_15__outside_talking_pan_laughing__I8G2LWD1,1,ff-c23,DeepFakeDetection,train,8
ff-c23__DeepFakeDetection__19_24__walk_down_hall_angry__RKQTC50P,1,ff-c23,DeepFakeDetection,test,8
ff-c23__DeepFakeDetection__07_09__secret_conversation__N9CWME71,1,ff-c23,DeepFakeDetection,train,8
ff-c23__DeepFakeDetection__24_19__kitchen_pan__QD5K7BP2,1,ff-c23,DeepFakeDetection,train,8
ff-c23__DeepFakeDetection__07_25__walk_down_hall_angry__PAE9HCA8,1,ff-c23,DeepFakeDetection,train,8
ff-c23__DeepFakeDetection__27_25__walk_down_hall_angry__1KU29EUL,1,ff-c23,DeepFakeDetection,train,8
ff-c23__DeepFakeDetection__08_16__talking_against_wall__8Q7JCS95,1,ff-c23,DeepFakeDetection,train,8
ff-c23__DeepFakeDetection__18_25__outside_talking_pan_laughing__AUC0HY5T,1,ff-c23,DeepFakeDetection,holdout,8
ff-c23__DeepFakeDetection__03_13__exit_phone_room__GBYWJW06,1,ff-c23,DeepFakeDetection,train,8
ff-c23__DeepFakeDetection__22_19__walk_down_hall_angry__VK6BF5NV,1,ff-c23,DeepFakeDetection,train,8
ff-c23__DeepFakeDetection__21_09__walking_outside_cafe_disgusted__J7SQKGUR,1,ff-c23,DeepFakeDetection,val,8
ff-c23__DeepFakeDetection__21_11__walking_down_street_outside_angry__USLHUQDI,1,ff-c23,DeepFakeDetection,val,8
ff-c23__DeepFakeDetection__12_15__walking_and_outside_surprised__N0SRODQD,1,ff-c23,DeepFakeDetection,train,8
ff-c23__DeepFakeDetection__15_06__walking_down_indoor_hall_disgust__QRCD27P8,1,ff-c23,DeepFakeDetection,train,8
ff-c23__DeepFakeDetection__09_13__exit_phone_room__YP7MGDQ6,1,ff-c23,DeepFakeDetection,train,8
ff-c23__DeepFakeDetection__02_15__podium_speech_happy__MZWH8ATN,1,ff-c23,DeepFakeDetection,train,8
ff-c23__DeepFakeDetection__24_19__exit_phone_room__QD5K7BP2,1,ff-c23,DeepFakeDetection,train,8
ff-c23__DeepFakeDetection__03_11__exit_phone_room__P08VGHTA,1,ff-c23,DeepFakeDetection,train,8
ff-c23__DeepFakeDetection__20_21__walking_down_street_outside_angry__ZCB5OMEW,1,ff-c23,DeepFakeDetection,train,8
ff-c23__DeepFakeDetection__03_07__kitchen_pan__WPT3Z2KN,1,ff-c23,DeepFakeDetection,train,8
ff-c23__DeepFakeDetection__13_20__kitchen_still__NJEO6L5O,1,ff-c23,DeepFakeDetection,train,8
ff-c23__DeepFakeDetection__14_26__kitchen_still__ILLP29ZH,1,ff-c23,DeepFakeDetection,train,8
ff-c23__DeepFakeDetection__20_15__outside_talking_pan_laughing__99NHTFBM,1,ff-c23,DeepFakeDetection,train,8
ff-c23__DeepFakeDetection__06_15__outside_talking_still_laughing__E98QYYXO,1,ff-c23,DeepFakeDetection,train,8
ff-c23__DeepFakeDetection__03_06__meeting_serious__83ABVHC3,1,ff-c23,DeepFakeDetection,train,8
ff-c23__DeepFakeDetection__05_17__hugging_happy__YTJYYDO9,1,ff-c23,DeepFakeDetection,train,8
ff-c23__DeepFakeDetection__03_07__walking_outside_cafe_disgusted__PWXXULHR,1,ff-c23,DeepFakeDetection,train,8
ff-c23__DeepFakeDetection__28_05__kitchen_pan__W3J028UG,1,ff-c23,DeepFakeDetection,holdout,8
ff-c23__DeepFakeDetection__07_06__walking_down_street_outside_angry__NMGYPBXE,1,ff-c23,DeepFakeDetection,train,8
ff-c23__DeepFakeDetection__14_15__walking_down_street_outside_angry__OMLZILK3,1,ff-c23,DeepFakeDetection,train,8
ff-c23__DeepFakeDetection__09_25__walking_down_street_outside_angry__5041ODBN,1,ff-c23,DeepFakeDetection,train,8
ff-c23__DeepFakeDetection__07_12__outside_talking_still_laughing__0VN0A2T3,1,ff-c23,DeepFakeDetection,train,8
ff-c23__DeepFakeDetection__03_06__podium_speech_happy__83ABVHC3,1,ff-c23,DeepFakeDetection,train,8
ff-c23__DeepFakeDetection__24_19__talking_against_wall__QD5K7BP2,1,ff-c23,DeepFakeDetection,train,8
ff-c23__DeepFakeDetection__07_12__outside_talking_pan_laughing__0VN0A2T3,1,ff-c23,DeepFakeDetection,train,8
ff-c23__DeepFakeDetection__18_27__outside_talking_still_laughing__G7OOOUCX,1,ff-c23,DeepFakeDetection,holdout,8
ff-c23__DeepFakeDetection__20_25__talking_against_wall__AMY6M1KL,1,ff-c23,DeepFakeDetection,train,8
ff-c23__DeepFakeDetection__20_03__walk_down_hall_angry__61SVZ2J7,1,ff-c23,DeepFakeDetection,train,8
ff-c23__DeepFakeDetection__22_10__exit_phone_room__8YQ2EUQP,1,ff-c23,DeepFakeDetection,train,8
ff-c23__DeepFakeDetection__15_20__outside_talking_pan_laughing__99NHTFBM,1,ff-c23,DeepFakeDetection,train,8
ff-c23__DeepFakeDetection__20_25__outside_talking_still_laughing__RSCD7KXO,1,ff-c23,DeepFakeDetection,train,8
ff-c23__DeepFakeDetection__16_05__outside_talking_pan_laughing__053HPS1G,1,ff-c23,DeepFakeDetection,train,8
ff-c23__DeepFakeDetection__09_13__walk_down_hall_angry__BVZGDFD8,1,ff-c23,DeepFakeDetection,train,8
ff-c23__DeepFakeDetection__18_03__exit_phone_room__32DBR8L4,1,ff-c23,DeepFakeDetection,holdout,8
ff-c23__DeepFakeDetection__20_14__outside_talking_pan_laughing__R7SPX6OK,1,ff-c23,DeepFakeDetection,train,8
ff-c23__DeepFakeDetection__18_12__outside_talking_still_laughing__IKH1LBBY,1,ff-c23,DeepFakeDetection,holdout,8
ff-c23__DeepFakeDetection__06_27__walking_and_outside_surprised__SZWVBWY4,1,ff-c23,DeepFakeDetection,train,8
ff-c23__DeepFakeDetection__09_20__talking_angry_couch__0IRM5ADD,1,ff-c23,DeepFakeDetection,train,8
ff-c23__DeepFakeDetection__19_10__podium_speech_happy__FFXB67PI,1,ff-c23,DeepFakeDetection,test,8
ff-c23__DeepFakeDetection__21_18__walking_down_indoor_hall_disgust__PQFTWVRQ,1,ff-c23,DeepFakeDetection,val,8
ff-c23__DeepFakeDetection__05_16__exit_phone_room__B62WCGUN,1,ff-c23,DeepFakeDetection,train,8
ff-c23__DeepFakeDetection__14_13__hugging_happy__KMQ3AW6A,1,ff-c23,DeepFakeDetection,train,8
ff-c23__DeepFakeDetection__18_15__outside_talking_still_laughing__V5VHLCOW,1,ff-c23,DeepFakeDetection,holdout,8
ff-c23__DeepFakeDetection__04_26__outside_talking_still_laughing__WX836VLY,1,ff-c23,DeepFakeDetection,train,8
ff-c23__DeepFakeDetection__02_09__talking_angry_couch__6KUOFMZW,1,ff-c23,DeepFakeDetection,train,8
ff-c23__DeepFakeDetection__15_21__kitchen_pan__87WSBJP3,1,ff-c23,DeepFakeDetection,train,8
ff-c23__DeepFakeDetection__21_07__exit_phone_room__K7KXUHMU,1,ff-c23,DeepFakeDetection,val,8
ff-c23__DeepFakeDetection__06_18__walk_down_hall_angry__LH0KWJKM,1,ff-c23,DeepFakeDetection,train,8
ff-c23__DeepFakeDetection__06_18__talking_angry_couch__DEA1TCLN,1,ff-c23,DeepFakeDetection,train,8
ff-c23__DeepFakeDetection__03_14__walking_down_indoor_hall_disgust__KJ221YN0,1,ff-c23,DeepFakeDetection,train,8
ff-c23__DeepFakeDetection__04_13__secret_conversation__00T3UYOR,1,ff-c23,DeepFakeDetection,train,8
ff-c23__DeepFakeDetection__01_20__hugging_happy__FW94AIMJ,1,ff-c23,DeepFakeDetection,train,8
ff-c23__DeepFakeDetection__18_11__secret_conversation__PT4YKO2R,1,ff-c23,DeepFakeDetection,holdout,8
ff-c23__DeepFakeDetection__07_27__walking_down_street_outside_angry__3RH5PR6S,1,ff-c23,DeepFakeDetection,train,8
ff-c23__DeepFakeDetection__21_09__kitchen_pan__Z8H2TRCI,1,ff-c23,DeepFakeDetection,val,8
ff-c23__DeepFakeDetection__20_09__walking_down_indoor_hall_disgust__0IRM5ADD,1,ff-c23,DeepFakeDetection,train,8
ff-c23__DeepFakeDetection__25_18__walk_down_hall_angry__AUC0HY5T,1,ff-c23,DeepFakeDetection,train,8
ff-c23__DeepFakeDetection__12_25__walking_outside_cafe_disgusted__0SA36BZ5,1,ff-c23,DeepFakeDetection,train,8
ff-c23__DeepFakeDetection__03_15__outside_talking_still_laughing__DNUJD8M2,1,ff-c23,DeepFakeDetection,train,8
ff-c23__DeepFakeDetection__11_06__outside_talking_pan_laughing__C8C4FW99,1,ff-c23,DeepFakeDetection,train,8
ff-c23__DeepFakeDetection__02_18__exit_phone_room__OXMEEFUQ,1,ff-c23,DeepFakeDetection,train,8
ff-c23__DeepFakeDetection__06_14__walking_down_indoor_hall_disgust__8U9ULZDT,1,ff-c23,DeepFakeDetection,train,8
ff-c23__DeepFakeDetection__01_02__outside_talking_still_laughing__YVGY8LOK,1,ff-c23,DeepFakeDetection,train,8
ff-c23__DeepFakeDetection__07_21__outside_talking_still_laughing__K7KXUHMU,1,ff-c23,DeepFakeDetection,train,8
ff-c23__DeepFakeDetection__04_07__outside_talking_still_laughing__XRK7FGZX,1,ff-c23,DeepFakeDetection,train,8
ff-c23__DeepFakeDetection__17_08__hugging_happy__05AN86QA,1,ff-c23,DeepFakeDetection,train,8
ff-c23__DeepFakeDetection__12_25__walking_outside_cafe_disgusted__G26LG5N7,1,ff-c23,DeepFakeDetection,train,8
ff-c23__DeepFakeDetection__25_06__outside_talking_still_laughing__MI9BDQ7M,1,ff-c23,DeepFakeDetection,train,8
ff-c23__DeepFakeDetection__01_15__outside_talking_pan_laughing__02HILKYO,1,ff-c23,DeepFakeDetection,train,8
ff-c23__DeepFakeDetection__01_02__walking_down_indoor_hall_disgust__YVGY8LOK,1,ff-c23,DeepFakeDetection,train,8
ff-c23__DeepFakeDetection__02_12__podium_speech_happy__9D2ZHEKW,1,ff-c23,DeepFakeDetection,train,8
ff-c23__DeepFakeDetection__01_27__outside_talking_pan_laughing__S2YCUY48,1,ff-c23,DeepFakeDetection,train,8
ff-c23__DeepFakeDetection__21_09__hugging_happy__O9ER29Z6,1,ff-c23,DeepFakeDetection,val,8
ff-c23__DeepFakeDetection__01_27__meeting_serious__ZYCZ30C0,1,ff-c23,DeepFakeDetection,train,8
ff-c23__DeepFakeDetection__13_02__walking_down_street_outside_angry__2YSYT2N3,1,ff-c23,DeepFakeDetection,train,8
ff-c23__DeepFakeDetection__26_25__exit_phone_room__7ZRKCFMS,1,ff-c23,DeepFakeDetection,holdout,8
ff-c23__DeepFakeDetection__14_06__podium_speech_happy__8U9ULZDT,1,ff-c23,DeepFakeDetection,train,8
ff-c23__DeepFakeDetection__26_13__podium_speech_happy__U5ELHUN5,1,ff-c23,DeepFakeDetection,holdout,8
ff-c23__DeepFakeDetection__15_27__outside_talking_still_laughing__WZ4MLUAV,1,ff-c23,DeepFakeDetection,train,8
ff-c23__DeepFakeDetection__12_20__walking_outside_cafe_disgusted__B0X1CGG2,1,ff-c23,DeepFakeDetection,train,8
ff-c23__DeepFakeDetection__15_02__talking_against_wall__TSRK8QS4,1,ff-c23,DeepFakeDetection,train,8
ff-c23__DeepFakeDetection__21_01__walk_down_hall_angry__03X7CELV,1,ff-c23,DeepFakeDetection,val,8
ff-c23__DeepFakeDetection__20_09__kitchen_pan__MKEWB4SM,1,ff-c23,DeepFakeDetection,train,8
ff-c23__DeepFakeDetection__07_02__exit_phone_room__1KPVZAAP,1,ff-c23,DeepFakeDetection,train,8
ff-c23__DeepFakeDetection__12_15__kitchen_pan__N0SRODQD,1,ff-c23,DeepFakeDetection,train,8
ff-c23__DeepFakeDetection__14_13__outside_talking_pan_laughing__KMQ3AW6A,1,ff-c23,DeepFakeDetection,train,8
ff-c23__DeepFakeDetection__02_13__hugging_happy__PLNVLO74,1,ff-c23,DeepFakeDetection,train,8
ff-c23__DeepFakeDetection__18_14__exit_phone_room__0YRBHIKG,1,ff-c23,DeepFakeDetection,holdout,8
ff-c23__DeepFakeDetection__14_26__secret_conversation__SU8SAHTT,1,ff-c23,DeepFakeDetection,train,8
ff-c23__DeepFakeDetection__06_25__walking_and_outside_surprised__MI9BDQ7M,1,ff-c23,DeepFakeDetection,train,8
ff-c23__DeepFakeDetection__25_09__secret_conversation__ODAQ7BZL,1,ff-c23,DeepFakeDetection,train,8
ff-c23__DeepFakeDetection__20_25__outside_talking_still_laughing__M786RTSM,1,ff-c23,DeepFakeDetection,train,8
ff-c23__DeepFakeDetection__12_06__hugging_happy__3K21NFNM,1,ff-c23,DeepFakeDetection,train,8
ff-c23__DeepFakeDetection__13_02__exit_phone_room__CP5HFV3K,1,ff-c23,DeepFakeDetection,train,8
ff-c23__DeepFakeDetection__25_15__walk_down_hall_angry__BXVA6VQB,1,ff-c23,DeepFakeDetection,train,8
ff-c23__DeepFakeDetection__02_18__outside_talking_pan_laughing__OXMEEFUQ,1,ff-c23,DeepFakeDetection,train,8
ff-c23__DeepFakeDetection__24_19__exit_phone_room__0ZFOV5ZE,1,ff-c23,DeepFakeDetection,train,8
ff-c23__DeepFakeDetection__18_27__walking_outside_cafe_disgusted__NYHE8D0J,1,ff-c23,DeepFakeDetection,holdout,8
ff-c23__DeepFakeDetection__14_21__walking_down_street_outside_angry__N0WM4GSV,1,ff-c23,DeepFakeDetection,train,8
ff-c23__DeepFakeDetection__13_04__walking_outside_cafe_disgusted__00T3UYOR,1,ff-c23,DeepFakeDetection,train,8
ff-c23__DeepFakeDetection__07_20__talking_against_wall__KV6Q7D6C,1,ff-c23,DeepFakeDetection,train,8
ff-c23__DeepFakeDetection__03_07__walking_down_indoor_hall_disgust__PWXXULHR,1,ff-c23,DeepFakeDetection,train,8
ff-c23__DeepFakeDetection__07_13__walking_outside_cafe_disgusted__RVQCPCJF,1,ff-c23,DeepFakeDetection,train,8
ff-c23__DeepFakeDetection__06_11__walking_and_outside_surprised__C8C4FW99,1,ff-c23,DeepFakeDetection,train,8
ff-c23__DeepFakeDetection__27_02__kitchen_pan__3L1MLH3D,1,ff-c23,DeepFakeDetection,train,8
ff-c23__DeepFakeDetection__06_07__talking_against_wall__NMGYPBXE,1,ff-c23,DeepFakeDetection,train,8
ff-c23__DeepFakeDetection__21_14__hugging_happy__N0WM4GSV,1,ff-c23,DeepFakeDetection,val,8
ff-c23__DeepFakeDetection__03_14__exit_phone_room__H0VQHGS3,1,ff-c23,DeepFakeDetection,train,8
ff-c23__DeepFakeDetection__12_06__podium_speech_happy__0VR4Y891,1,ff-c23,DeepFakeDetection,train,8
ff-c23__DeepFakeDetection__09_13__kitchen_pan__21H6XSPE,1,ff-c23,DeepFakeDetection,train,8
ff-c23__DeepFakeDetection__26_12__exit_phone_room__HEKDCIHW,1,ff-c23,DeepFakeDetection,holdout,8
ff-c23__DeepFakeDetection__04_01__outside_talking_still_laughing__0XUW13RW,1,ff-c23,DeepFakeDetection,train,8
ff-c23__DeepFakeDetection__18_26__walking_outside_cafe_disgusted__UMEX6HWU,1,ff-c23,DeepFakeDetection,holdout,8
ff-c23__DeepFakeDetection__02_07__exit_phone_room__9NVRE2KQ,1,ff-c23,DeepFakeDetection,train,8
ff-c23__DeepFakeDetection__09_13__outside_talking_pan_laughing__6K90KFOQ,1,ff-c23,DeepFakeDetection,train,8
ff-c23__DeepFakeDetection__02_27__walking_down_street_outside_angry__3L1MLH3D,1,ff-c23,DeepFakeDetection,train,8
ff-c23__DeepFakeDetection__03_04__outside_talking_pan_laughing__T04P6ELC,1,ff-c23,DeepFakeDetection,train,8
ff-c23__DeepFakeDetection__18_02__exit_phone_room__B95S4G6F,1,ff-c23,DeepFakeDetection,holdout,8
ff-c23__DeepFakeDetection__25_20__talking_against_wall__MUS0X71T,1,ff-c23,DeepFakeDetection,train,8
ff-c23__DeepFakeDetection__27_25__exit_phone_room__1KU29EUL,1,ff-c23,DeepFakeDetection,train,8
ff-c23__DeepFakeDetection__12_20__outside_talking_pan_laughing__GHPWDH3C,1,ff-c23,DeepFakeDetection,train,8
ff-c23__DeepFakeDetection__12_15__kitchen_still__RK17XFJ9,1,ff-c23,DeepFakeDetection,train,8
ff-c23__DeepFakeDetection__10_23__talking_against_wall__W02WYPCX,1,ff-c23,DeepFakeDetection,test,8
ff-c23__DeepFakeDetection__11_07__kitchen_still__R7R86Z62,1,ff-c23,DeepFakeDetection,train,8
ff-c23__DeepFakeDetection__26_25__secret_conversation__0UFFR3U1,1,ff-c23,DeepFakeDetection,holdout,8
ff-c23__DeepFakeDetection__18_03__exit_phone_room__22UBC0BS,1,ff-c23,DeepFakeDetection,holdout,8
ff-c23__DeepFakeDetection__12_18__outside_talking_pan_laughing__IKH1LBBY,1,ff-c23,DeepFakeDetection,train,8
ff-c23__DeepFakeDetection__15_12__walking_down_street_outside_angry__N0SRODQD,1,ff-c23,DeepFakeDetection,train,8
ff-c23__DeepFakeDetection__01_26__outside_talking_pan_laughing__ZMEJ535O,1,ff-c23,DeepFakeDetection,train,8
ff-c23__DeepFakeDetection__07_04__kitchen_pan__XRK7FGZX,1,ff-c23,DeepFakeDetection,train,8
ff-c23__DeepFakeDetection__07_09__outside_talking_still_laughing__N9CWME71,1,ff-c23,DeepFakeDetection,train,8
ff-c23__DeepFakeDetection__09_20__outside_talking_still_laughing__MKEWB4SM,1,ff-c23,DeepFakeDetection,train,8
ff-c23__DeepFakeDetection__13_02__kitchen_pan__2YSYT2N3,1,ff-c23,DeepFakeDetection,train,8
ff-c23__DeepFakeDetection__28_08__podium_speech_happy__KXO8S7OP,1,ff-c23,DeepFakeDetection,holdout,8
ff-c23__DeepFakeDetection__25_27__outside_talking_pan_laughing__1KU29EUL,1,ff-c23,DeepFakeDetection,train,8
ff-c23__DeepFakeDetection__12_20__secret_conversation__B0X1CGG2,1,ff-c23,DeepFakeDetection,train,8
ff-c23__DeepFakeDetection__11_01__talking_against_wall__4OJNJLOO,1,ff-c23,DeepFakeDetection,train,8
ff-c23__DeepFakeDetection__24_19__outside_talking_still_laughing__RKQTC50P,1,ff-c23,DeepFakeDetection,train,8
ff-c23__DeepFakeDetection__03_09__kitchen_pan__8DTEGQ54,1,ff-c23,DeepFakeDetection,train,8
ff-c23__DeepFakeDetection__08_28__outside_talking_pan_laughing__8BC35RFU,1,ff-c23,DeepFakeDetection,train,8
ff-c23__DeepFakeDetection__12_15__talking_angry_couch__N0SRODQD,1,ff-c23,DeepFakeDetection,train,8
ff-c23__DeepFakeDetection__20_06__outside_talking_pan_laughing__6SUW7063,1,ff-c23,DeepFakeDetection,train,8
ff-c23__DeepFakeDetection__22_23__walking_and_outside_surprised__NUTQ0HJ5,1,ff-c23,DeepFakeDetection,train,8
ff-c23__DeepFakeDetection__24_22__walk_down_hall_angry__7E3GY85F,1,ff-c23,DeepFakeDetection,train,8
ff-c23__DeepFakeDetection__14_18__exit_phone_room__0YRBHIKG,1,ff-c23,DeepFakeDetection,train,8
ff-c23__DeepFakeDetection__05_28__hugging_happy__VR9127O1,1,ff-c23,DeepFakeDetection,train,8
ff-c23__DeepFakeDetection__03_01__walking_and_outside_surprised__JZUXXFRB,1,ff-c23,DeepFakeDetection,train,8
ff-c23__DeepFakeDetection__16_28__hugging_happy__X5FNCYON,1,ff-c23,DeepFakeDetection,train,8
ff-c23__DeepFakeDetection__15_06__walking_outside_cafe_disgusted__QRCD27P8,1,ff-c23,DeepFakeDetection,train,8
ff-c23__DeepFakeDetection__06_25__talking_angry_couch__MI9BDQ7M,1,ff-c23,DeepFakeDetection,train,8
ff-c23__DeepFakeDetection__02_01__secret_conversation__YVGY8LOK,1,ff-c23,DeepFakeDetection,train,8
ff-c23__DeepFakeDetection__26_27__talking_against_wall__IE9N0ZI9,1,ff-c23,DeepFakeDetection,holdout,8
ff-c23__DeepFakeDetection__03_04__talking_angry_couch__T04P6ELC,1,ff-c23,DeepFakeDetection,train,8
ff-c23__DeepFakeDetection__02_18__walking_down_street_outside_angry__21JTDDEL,1,ff-c23,DeepFakeDetection,train,8
ff-c23__DeepFakeDetection__11_01__talking_angry_couch__LL4RUKZA,1,ff-c23,DeepFakeDetection,train,8
ff-c23__DeepFakeDetection__02_15__walking_and_outside_surprised__I8G2LWD1,1,ff-c23,DeepFakeDetection,train,8
ff-c23__DeepFakeDetection__26_25__walking_down_street_outside_angry__PQ41U3IJ,1,ff-c23,DeepFakeDetection,holdout,8
ff-c23__DeepFakeDetection__25_26__walking_outside_cafe_disgusted__7ZRKCFMS,1,ff-c23,DeepFakeDetection,train,8
ff-c23__DeepFakeDetection__26_25__outside_talking_pan_laughing__GJT740J9,1,ff-c23,DeepFakeDetection,holdout,8
ff-c23__DeepFakeDetection__09_02__walking_down_street_outside_angry__9TDCEK1Q,1,ff-c23,DeepFakeDetection,train,8
ff-c23__DeepFakeDetection__16_17__exit_phone_room__S7UMSIQV,1,ff-c23,DeepFakeDetection,train,8
ff-c23__DeepFakeDetection__03_07__talking_against_wall__PWXXULHR,1,ff-c23,DeepFakeDetection,train,8
ff-c23__DeepFakeDetection__03_09__outside_talking_still_laughing__RCETIXYL,1,ff-c23,DeepFakeDetection,train,8
ff-c23__DeepFakeDetection__26_11__outside_talking_pan_laughing__ALJ0OHNM,1,ff-c23,DeepFakeDetection,holdout,8
ff-c23__DeepFakeDetection__24_19__walk_down_hall_angry__OF8LF68K,1,ff-c23,DeepFakeDetection,train,8
ff-c23__DeepFakeDetection__26_20__walk_down_hall_angry__XWMKFMF6,1,ff-c23,DeepFakeDetection,holdout,8
ff-c23__DeepFakeDetection__13_02__walking_down_indoor_hall_disgust__AROBAY8R,1,ff-c23,DeepFakeDetection,train,8
ff-c23__DeepFakeDetection__18_06__kitchen_pan__XJ76YU5A,1,ff-c23,DeepFakeDetection,holdout,8
ff-c23__DeepFakeDetection__06_07__outside_talking_pan_laughing__NMGYPBXE,1,ff-c23,DeepFakeDetection,train,8
ff-c23__DeepFakeDetection__14_21__walking_and_outside_surprised__N0WM4GSV,1,ff-c23,DeepFakeDetection,train,8
ff-c23__DeepFakeDetection__11_21__kitchen_still__N6YQW2AP,1,ff-c23,DeepFakeDetection,train,8
ff-c23__DeepFakeDetection__01_11__talking_against_wall__UQ0BOBNO,1,ff-c23,DeepFakeDetection,train,8
ff-c23__DeepFakeDetection__03_20__walk_down_hall_angry__61SVZ2J7,1,ff-c23,DeepFakeDetection,train,8
ff-c23__DeepFakeDetection__25_20__walking_outside_cafe_disgusted__RSCD7KXO,1,ff-c23,DeepFakeDetection,train,8
ff-c23__DeepFakeDetection__07_14__walking_down_street_outside_angry__VOX29AK0,1,ff-c23,DeepFakeDetection,train,8
ff-c23__DeepFakeDetection__03_14__podium_speech_happy__Q9NSXM88,1,ff-c23,DeepFakeDetection,train,8
ff-c23__DeepFakeDetection__21_06__walking_down_indoor_hall_disgust__058I9NIZ,1,ff-c23,DeepFakeDetection,val,8
ff-c23__DeepFakeDetection__02_01__walking_down_indoor_hall_disgust__YVGY8LOK,1,ff-c23,DeepFakeDetection,train,8
ff-c23__DeepFakeDetection__10_24__exit_phone_room__356HPS7R,1,ff-c23,DeepFakeDetection,test,8
ff-c23__DeepFakeDetection__06_12__podium_speech_happy__0VR4Y891,1,ff-c23,DeepFakeDetection,train,8
ff-c23__DeepFakeDetection__11_18__secret_conversation__PT4YKO2R,1,ff-c23,DeepFakeDetection,train,8
ff-c23__DeepFakeDetection__02_15__hugging_happy__XNJIS4S3,1,ff-c23,DeepFakeDetection,train,8
ff-c23__DeepFakeDetection__26_04__talking_against_wall__WX836VLY,1,ff-c23,DeepFakeDetection,holdout,8
ff-c23__DeepFakeDetection__02_15__talking_angry_couch__HTG660F8,1,ff-c23,DeepFakeDetection,train,8
ff-c23__DeepFakeDetection__05_28__kitchen_still__W3J028UG,1,ff-c23,DeepFakeDetection,train,8
ff-c23__DeepFakeDetection__28_08__kitchen_pan__GQN9WHLD,1,ff-c23,DeepFakeDetection,holdout,8
ff-c23__DeepFakeDetection__13_09__hugging_happy__LPT427RY,1,ff-c23,DeepFakeDetection,train,8
ff-c23__DeepFakeDetection__09_26__walk_down_hall_angry__QSE5A0GF,1,ff-c23,DeepFakeDetection,train,8
ff-c23__DeepFakeDetection__14_18__podium_speech_happy__0YRBHIKG,1,ff-c23,DeepFakeDetection,train,8
ff-c23__DeepFakeDetection__10_22__podium_speech_happy__EHARPYBT,1,ff-c23,DeepFakeDetection,test,8
ff-c23__DeepFakeDetection__20_15__podium_speech_happy__99NHTFBM,1,ff-c23,DeepFakeDetection,train,8
ff-c23__DeepFakeDetection__18_06__podium_speech_happy__M36D0OJT,1,ff-c23,DeepFakeDetection,holdout,8
ff-c23__DeepFakeDetection__15_02__talking_against_wall__MZWH8ATN,1,ff-c23,DeepFakeDetection,train,8
ff-c23__DeepFakeDetection__13_25__walking_down_street_outside_angry__IW9OFVMG,1,ff-c23,DeepFakeDetection,train,8
ff-c23__DeepFakeDetection__06_26__kitchen_pan__L5BVR5L9,1,ff-c23,DeepFakeDetection,train,8
ff-c23__DeepFakeDetection__17_08__walking_down_indoor_hall_disgust__JZYRLJ8T,1,ff-c23,DeepFakeDetection,train,8
ff-c23__DeepFakeDetection__02_07__hugging_happy__1JCLEEBQ,1,ff-c23,DeepFakeDetection,train,8
ff-c23__DeepFakeDetection__04_26__outside_talking_pan_laughing__WX836VLY,1,ff-c23,DeepFakeDetection,train,7
ff-c23__DeepFakeDetection__27_18__outside_talking_pan_laughing__NYHE8D0J,1,ff-c23,DeepFakeDetection,train,8
ff-c23__DeepFakeDetection__06_15__kitchen_pan__E98QYYXO,1,ff-c23,DeepFakeDetection,train,8
ff-c23__DeepFakeDetection__13_12__walking_down_street_outside_angry__2TM4IFSF,1,ff-c23,DeepFakeDetection,train,8
ff-c23__DeepFakeDetection__04_13__walking_down_street_outside_angry__00T3UYOR,1,ff-c23,DeepFakeDetection,train,8
ff-c23__DeepFakeDetection__28_05__talking_angry_couch__V20UNLJ5,1,ff-c23,DeepFakeDetection,holdout,8
ff-c23__DeepFakeDetection__07_03__walk_down_hall_angry__W3MXGEU9,1,ff-c23,DeepFakeDetection,train,8
ff-c23__DeepFakeDetection__07_14__outside_talking_pan_laughing__P9QFO50U,1,ff-c23,DeepFakeDetection,train,8
ff-c23__DeepFakeDetection__20_01__kitchen_pan__6UBMLXK3,1,ff-c23,DeepFakeDetection,train,8
ff-c23__DeepFakeDetection__21_09__walking_outside_cafe_disgusted__Z8H2TRCI,1,ff-c23,DeepFakeDetection,val,8
ff-c23__DeepFakeDetection__01_15__exit_phone_room__02HILKYO,1,ff-c23,DeepFakeDetection,train,8
ff-c23__DeepFakeDetection__03_06__exit_phone_room__1IXGY2FK,1,ff-c23,DeepFakeDetection,train,8
ff-c23__DeepFakeDetection__26_20__kitchen_pan__C8GN41DU,1,ff-c23,DeepFakeDetection,holdout,8
ff-c23__DeepFakeDetection__18_03__secret_conversation__32DBR8L4,1,ff-c23,DeepFakeDetection,holdout,8
ff-c23__DeepFakeDetection__04_12__walking_down_street_outside_angry__96TQKDFJ,1,ff-c23,DeepFakeDetection,train,8
ff-c23__DeepFakeDetection__20_25__walking_and_outside_surprised__RSCD7KXO,1,ff-c23,DeepFakeDetection,train,8
ff-c23__DeepFakeDetection__20_26__outside_talking_pan_laughing__2VS0S1P5,1,ff-c23,DeepFakeDetection,train,8
ff-c23__DeepFakeDetection__21_07__kitchen_pan__K7KXUHMU,1,ff-c23,DeepFakeDetection,val,8
ff-c23__DeepFakeDetection__13_09__walking_down_indoor_hall_disgust__BVZGDFD8,1,ff-c23,DeepFakeDetection,train,8
ff-c23__DeepFakeDetection__13_14__hugging_happy__KMQ3AW6A,1,ff-c23,DeepFakeDetection,train,8
ff-c23__DeepFakeDetection__27_13__outside_talking_pan_laughing__A1OSUJE9,1,ff-c23,DeepFakeDetection,train,8
ff-c23__DeepFakeDetection__25_02__walking_outside_cafe_disgusted__Z7FQ69VP,1,ff-c23,DeepFakeDetection,train,8
ff-c23__DeepFakeDetection__02_01__outside_talking_still_laughing__YVGY8LOK,1,ff-c23,DeepFakeDetection,train,8
ff-c23__DeepFakeDetection__06_15__walking_and_outside_surprised__QRCD27P8,1,ff-c23,DeepFakeDetection,train,8
ff-c23__DeepFakeDetection__25_12__walking_down_street_outside_angry__MA71PDNV,1,ff-c23,DeepFakeDetection,train,8
ff-c23__DeepFakeDetection__23_24__talking_angry_couch__MDSDXSNU,1,ff-c23,DeepFakeDetection,train,8
ff-c23__DeepFakeDetection__05_08__exit_phone_room__YN1Q9TER,1,ff-c23,DeepFakeDetection,train,8
ff-c23__DeepFakeDetection__14_20__kitchen_pan__R7SPX6OK,1,ff-c23,DeepFakeDetection,train,8
ff-c23__DeepFakeDetection__24_19__secret_conversation__LVZNRK9S,1,ff-c23,DeepFakeDetection,train,8
ff-c23__DeepFakeDetection__21_07__exit_phone_room__MKU99DVX,1,ff-c23,DeepFakeDetection,val,8
ff-c23__DeepFakeDetection__14_18__walking_down_indoor_hall_disgust__0YRBHIKG,1,ff-c23,DeepFakeDetection,train,8
ff-c23__DeepFakeDetection__09_03__talking_against_wall__8DTEGQ54,1,ff-c23,DeepFakeDetection,train,8
ff-c23__DeepFakeDetection__21_25__walk_down_hall_angry__NFBISHIN,1,ff-c23,DeepFakeDetection,val,8
ff-c23__DeepFakeDetection__26_20__secret_conversation__34DJQS3E,1,ff-c23,DeepFakeDetection,holdout,8
ff-c23__DeepFakeDetection__09_14__outside_talking_still_laughing__FRY0IZ4R,1,ff-c23,DeepFakeDetection,train,8
ff-c23__DeepFakeDetection__18_14__outside_talking_still_laughing__6SB2BR0A,1,ff-c23,DeepFakeDetection,holdout,8
ff-c23__DeepFakeDetection__02_06__walking_down_indoor_hall_disgust__U6MDWIHG,1,ff-c23,DeepFakeDetection,train,8
ff-c23__DeepFakeDetection__07_02__talking_against_wall__34PVT42V,1,ff-c23,DeepFakeDetection,train,8
ff-c23__DeepFakeDetection__27_18__kitchen_pan__BSOLX3SI,1,ff-c23,DeepFakeDetection,train,8
ff-c23__DeepFakeDetection__13_03__outside_talking_still_laughing__GBYWJW06,1,ff-c23,DeepFakeDetection,train,8
ff-c23__DeepFakeDetection__14_21__exit_phone_room__IRKML4J0,1,ff-c23,DeepFakeDetection,train,8
ff-c23__DeepFakeDetection__13_07__secret_conversation__RVQCPCJF,1,ff-c23,DeepFakeDetection,train,8
ff-c23__DeepFakeDetection__20_26__outside_talking_pan_laughing__KGFLR0PH,1,ff-c23,DeepFakeDetection,train,8
ff-c23__DeepFakeDetection__06_27__talking_angry_couch__JOG5PB18,1,ff-c23,DeepFakeDetection,train,8
ff-c23__DeepFakeDetection__18_26__kitchen_still__UMEX6HWU,1,ff-c23,DeepFakeDetection,holdout,8
ff-c23__DeepFakeDetection__02_12__walking_and_outside_surprised__9D2ZHEKW,1,ff-c23,DeepFakeDetection,train,8
ff-c23__DeepFakeDetection__14_15__kitchen_pan__RF38N10R,1,ff-c23,DeepFakeDetection,train,8
ff-c23__DeepFakeDetection__13_09__hugging_happy__BVZGDFD8,1,ff-c23,DeepFakeDetection,train,8
ff-c23__DeepFakeDetection__25_09__talking_against_wall__ODAQ7BZL,1,ff-c23,DeepFakeDetection,train,8
ff-c23__DeepFakeDetection__09_26__exit_phone_room__XXGYLT82,1,ff-c23,DeepFakeDetection,train,8
ff-c23__original__123,0,ff-c23,original,train,8
ff-c23__original__738,0,ff-c23,original,val,8
ff-c23__original__479,0,ff-c23,original,train,8
ff-c23__original__660,0,ff-c23,original,val,8
ff-c23__original__565,0,ff-c23,original,val,8
ff-c23__original__033,0,ff-c23,original,test,8
ff-c23__original__726,0,ff-c23,original,test,8
ff-c23__original__410,0,ff-c23,original,train,8
ff-c23__original__581,0,ff-c23,original,val,8
ff-c23__original__566,0,ff-c23,original,holdout,8
ff-c23__original__408,0,ff-c23,original,val,8
ff-c23__original__245,0,ff-c23,original,train,8
ff-c23__original__312,0,ff-c23,original,test,8
ff-c23__original__929,0,ff-c23,original,train,8
ff-c23__original__324,0,ff-c23,original,train,8
ff-c23__original__280,0,ff-c23,original,val,8
ff-c23__original__113,0,ff-c23,original,val,8
ff-c23__original__989,0,ff-c23,original,train,8
ff-c23__original__668,0,ff-c23,original,train,8
ff-c23__original__222,0,ff-c23,original,val,8
ff-c23__original__491,0,ff-c23,original,holdout,8
ff-c23__original__254,0,ff-c23,original,train,8
ff-c23__original__227,0,ff-c23,original,val,8
ff-c23__original__357,0,ff-c23,original,train,8
ff-c23__original__127,0,ff-c23,original,train,8
ff-c23__original__106,0,ff-c23,original,train,8
ff-c23__original__731,0,ff-c23,original,test,8
ff-c23__original__879,0,ff-c23,original,train,8
ff-c23__original__258,0,ff-c23,original,test,8
ff-c23__original__019,0,ff-c23,original,train,8
ff-c23__original__846,0,ff-c23,original,train,8
ff-c23__original__714,0,ff-c23,original,train,8
ff-c23__original__866,0,ff-c23,original,train,8
ff-c23__original__017,0,ff-c23,original,train,8
ff-c23__original__957,0,ff-c23,original,val,8
ff-c23__original__765,0,ff-c23,original,train,8
ff-c23__original__299,0,ff-c23,original,train,8
ff-c23__original__424,0,ff-c23,original,test,8
ff-c23__original__743,0,ff-c23,original,train,8
ff-c23__original__648,0,ff-c23,original,train,8
ff-c23__original__081,0,ff-c23,original,train,8
ff-c23__original__298,0,ff-c23,original,train,8
ff-c23__original__638,0,ff-c23,original,train,8
ff-c23__original__114,0,ff-c23,original,train,8
ff-c23__original__640,0,ff-c23,original,train,8
ff-c23__original__837,0,ff-c23,original,train,8
ff-c23__original__990,0,ff-c23,original,train,8
ff-c23__original__652,0,ff-c23,original,holdout,8
ff-c23__original__974,0,ff-c23,original,holdout,8
ff-c23__original__608,0,ff-c23,original,train,8
ff-c23__original__429,0,ff-c23,original,train,8
ff-c23__original__693,0,ff-c23,original,train,8
ff-c23__original__577,0,ff-c23,original,train,8
ff-c23__original__480,0,ff-c23,original,train,8
ff-c23__original__437,0,ff-c23,original,train,8
ff-c23__original__042,0,ff-c23,original,train,8
ff-c23__original__844,0,ff-c23,original,train,8
ff-c23__original__058,0,ff-c23,original,train,8
ff-c23__original__715,0,ff-c23,original,train,8
ff-c23__original__266,0,ff-c23,original,train,8
ff-c23__original__303,0,ff-c23,original,train,8
ff-c23__original__647,0,ff-c23,original,holdout,8
ff-c23__original__139,0,ff-c23,original,test,8
ff-c23__original__834,0,ff-c23,original,train,8
ff-c23__original__120,0,ff-c23,original,train,8
ff-c23__original__987,0,ff-c23,original,train,8
ff-c23__original__309,0,ff-c23,original,train,8
ff-c23__original__302,0,ff-c23,original,train,8
ff-c23__original__026,0,ff-c23,original,holdout,8
ff-c23__original__078,0,ff-c23,original,train,8
ff-c23__original__085,0,ff-c23,original,train,8
ff-c23__original__991,0,ff-c23,original,train,8
ff-c23__original__689,0,ff-c23,original,train,8
ff-c23__original__030,0,ff-c23,original,train,8
ff-c23__original__045,0,ff-c23,original,train,8
ff-c23__original__000,0,ff-c23,original,val,8
ff-c23__original__196,0,ff-c23,original,test,8
ff-c23__original__747,0,ff-c23,original,train,8
ff-c23__original__262,0,ff-c23,original,test,8
ff-c23__original__359,0,ff-c23,original,train,8
ff-c23__original__088,0,ff-c23,original,train,8
ff-c23__original__420,0,ff-c23,original,train,8
ff-c23__original__462,0,ff-c23,original,train,8
ff-c23__original__886,0,ff-c23,original,train,8
ff-c23__original__586,0,ff-c23,original,train,8
ff-c23__original__703,0,ff-c23,original,train,8
ff-c23__original__890,0,ff-c23,original,train,8
ff-c23__original__672,0,ff-c23,original,train,8
ff-c23__original__602,0,ff-c23,original,val,8
ff-c23__original__667,0,ff-c23,original,holdout,8
ff-c23__original__793,0,ff-c23,original,test,8
ff-c23__original__670,0,ff-c23,original,test,8
ff-c23__original__968,0,ff-c23,original,train,8
ff-c23__original__818,0,ff-c23,original,train,8
ff-c23__original__766,0,ff-c23,original,train,8
ff-c23__original__351,0,ff-c23,original,train,8
ff-c23__original__854,0,ff-c23,original,train,8
ff-c23__original__799,0,ff-c23,original,train,8
ff-c23__original__093,0,ff-c23,original,train,8
ff-c23__original__532,0,ff-c23,original,train,8
ff-c23__original__163,0,ff-c23,original,train,8
ff-c23__original__055,0,ff-c23,original,train,8
ff-c23__original__414,0,ff-c23,original,train,8
ff-c23__original__993,0,ff-c23,original,val,8
ff-c23__original__441,0,ff-c23,original,train,8
ff-c23__original__678,0,ff-c23,original,train,8
ff-c23__original__211,0,ff-c23,original,train,8
ff-c23__original__201,0,ff-c23,original,train,8
ff-c23__original__529,0,ff-c23,original,train,8
ff-c23__original__233,0,ff-c23,original,train,8
ff-c23__original__899,0,ff-c23,original,test,8
ff-c23__original__954,0,ff-c23,original,train,8
ff-c23__original__752,0,ff-c23,original,train,8
ff-c23__original__195,0,ff-c23,original,train,8
ff-c23__original__207,0,ff-c23,original,holdout,8
ff-c23__original__630,0,ff-c23,original,train,8
ff-c23__original__009,0,ff-c23,original,test,8
ff-c23__original__833,0,ff-c23,original,train,8
ff-c23__original__758,0,ff-c23,original,train,8
ff-c23__original__074,0,ff-c23,original,train,8
ff-c23__original__182,0,ff-c23,original,train,8
ff-c23__original__865,0,ff-c23,original,holdout,8
ff-c23__original__044,0,ff-c23,original,train,8
ff-c23__original__530,0,ff-c23,original,test,8
ff-c23__original__499,0,ff-c23,original,val,8
ff-c23__original__878,0,ff-c23,original,train,8
ff-c23__original__147,0,ff-c23,original,train,8
ff-c23__original__268,0,ff-c23,original,train,8
ff-c23__original__978,0,ff-c23,original,train,8
ff-c23__original__552,0,ff-c23,original,train,8
ff-c23__original__177,0,ff-c23,original,holdout,8
ff-c23__original__453,0,ff-c23,original,holdout,8
ff-c23__original__035,0,ff-c23,original,train,8
ff-c23__original__880,0,ff-c23,original,train,8
ff-c23__original__405,0,ff-c23,original,test,8
ff-c23__original__265,0,ff-c23,original,train,8
ff-c23__original__369,0,ff-c23,original,train,8
ff-c23__original__728,0,ff-c23,original,train,8
ff-c23__original__690,0,ff-c23,original,holdout,8
ff-c23__original__940,0,ff-c23,original,train,8
ff-c23__original__101,0,ff-c23,original,holdout,8
ff-c23__original__028,0,ff-c23,original,train,8
ff-c23__original__712,0,ff-c23,original,train,8
ff-c23__original__116,0,ff-c23,original,holdout,8
ff-c23__original__519,0,ff-c23,original,train,8
ff-c23__original__757,0,ff-c23,original,train,8
ff-c23__original__967,0,ff-c23,original,val,8
ff-c23__original__585,0,ff-c23,original,test,8
ff-c23__original__507,0,ff-c23,original,train,8
ff-c23__original__428,0,ff-c23,original,val,8
ff-c23__original__263,0,ff-c23,original,train,8
ff-c23__original__015,0,ff-c23,original,train,8
ff-c23__original__092,0,ff-c23,original,train,8
ff-c23__original__975,0,ff-c23,original,val,8
ff-c23__original__870,0,ff-c23,original,train,8
ff-c23__original__680,0,ff-c23,original,train,8
ff-c23__original__508,0,ff-c23,original,train,8
ff-c23__original__330,0,ff-c23,original,holdout,8
ff-c23__original__514,0,ff-c23,original,train,8
ff-c23__original__013,0,ff-c23,original,train,8
ff-c23__original__924,0,ff-c23,original,train,8
ff-c23__original__174,0,ff-c23,original,train,8
ff-c23__original__433,0,ff-c23,original,train,8
ff-c23__original__610,0,ff-c23,original,holdout,8
ff-c23__original__061,0,ff-c23,original,train,8
ff-c23__original__214,0,ff-c23,original,train,8
ff-c23__original__905,0,ff-c23,original,train,8
ff-c23__original__048,0,ff-c23,original,test,8
ff-c23__original__767,0,ff-c23,original,train,8
ff-c23__original__294,0,ff-c23,original,train,8
ff-c23__original__427,0,ff-c23,original,train,8
ff-c23__original__402,0,ff-c23,original,holdout,8
ff-c23__original__067,0,ff-c23,original,train,8
ff-c23__original__336,0,ff-c23,original,train,8
ff-c23__original__872,0,ff-c23,original,train,8
ff-c23__original__861,0,ff-c23,original,train,8
ff-c23__original__249,0,ff-c23,original,holdout,8
ff-c23__original__884,0,ff-c23,original,holdout,8
ff-c23__original__099,0,ff-c23,original,train,8
ff-c23__original__264,0,ff-c23,original,val,8
ff-c23__original__815,0,ff-c23,original,train,8
ff-c23__original__928,0,ff-c23,original,train,8
ff-c23__original__161,0,ff-c23,original,train,8
ff-c23__original__130,0,ff-c23,original,train,8
ff-c23__original__189,0,ff-c23,original,train,8
ff-c23__original__805,0,ff-c23,original,train,8
ff-c23__original__958,0,ff-c23,original,holdout,8
ff-c23__original__220,0,ff-c23,original,test,8
ff-c23__original__810,0,ff-c23,original,val,8
ff-c23__original__822,0,ff-c23,original,train,8
ff-c23__original__547,0,ff-c23,original,train,8
ff-c23__original__159,0,ff-c23,original,train,8
ff-c23__original__525,0,ff-c23,original,train,8
ff-c23__original__831,0,ff-c23,original,train,8
ff-c23__original__774,0,ff-c23,original,train,8
ff-c23__original__917,0,ff-c23,original,train,8
ff-c23__original__241,0,ff-c23,original,val,8
ff-c23__original__658,0,ff-c23,original,holdout,8
ff-c23__original__482,0,ff-c23,original,train,8
ff-c23__original__603,0,ff-c23,original,train,8
ff-c23__original__671,0,ff-c23,original,train,8
ff-c23__original__390,0,ff-c23,original,holdout,8
ff-c23__original__713,0,ff-c23,original,train,8
ff-c23__original__860,0,ff-c23,original,train,8
ff-c23__original__274,0,ff-c23,original,train,8
ff-c23__original__595,0,ff-c23,original,train,8
ff-c23__original__699,0,ff-c23,original,train,8
ff-c23__original__633,0,ff-c23,original,train,8
ff-c23__original__372,0,ff-c23,original,train,8
ff-c23__original__681,0,ff-c23,original,train,8
ff-c23__original__332,0,ff-c23,original,train,8
ff-c23__original__244,0,ff-c23,original,test,8
ff-c23__original__994,0,ff-c23,original,holdout,8
ff-c23__original__365,0,ff-c23,original,val,8
ff-c23__original__329,0,ff-c23,original,train,8
ff-c23__original__925,0,ff-c23,original,val,8
ff-c23__original__501,0,ff-c23,original,train,8
ff-c23__original__138,0,ff-c23,original,test,8
ff-c23__original__190,0,ff-c23,original,train,8
ff-c23__original__250,0,ff-c23,original,test,8
ff-c23__original__347,0,ff-c23,original,train,8
ff-c23__original__270,0,ff-c23,original,train,8
ff-c23__original__160,0,ff-c23,original,train,8
ff-c23__original__043,0,ff-c23,original,val,8
ff-c23__original__469,0,ff-c23,original,train,8
ff-c23__original__449,0,ff-c23,original,train,8
ff-c23__original__845,0,ff-c23,original,test,8
ff-c23__original__221,0,ff-c23,original,train,8
ff-c23__original__898,0,ff-c23,original,train,8
ff-c23__original__524,0,ff-c23,original,train,8
ff-c23__original__735,0,ff-c23,original,train,8
ff-c23__original__134,0,ff-c23,original,train,8
ff-c23__original__392,0,ff-c23,original,train,8
ff-c23__original__835,0,ff-c23,original,holdout,8
ff-c23__original__238,0,ff-c23,original,train,8
ff-c23__original__591,0,ff-c23,original,test,8
ff-c23__original__037,0,ff-c23,original,test,8
ff-c23__original__521,0,ff-c23,original,holdout,8
ff-c23__original__500,0,ff-c23,original,train,8
ff-c23__original__252,0,ff-c23,original,train,8
ff-c23__original__511,0,ff-c23,original,train,8
ff-c23__original__474,0,ff-c23,original,train,8
ff-c23__original__012,0,ff-c23,original,train,8
ff-c23__original__759,0,ff-c23,original,train,8
ff-c23__original__642,0,ff-c23,original,val,8
ff-c23__original__229,0,ff-c23,original,train,8
ff-c23__original__543,0,ff-c23,original,train,8
ff-c23__original__386,0,ff-c23,original,train,8
ff-c23__original__984,0,ff-c23,original,train,8
ff-c23__original__422,0,ff-c23,original,val,8
ff-c23__original__122,0,ff-c23,original,train,8
ff-c23__original__144,0,ff-c23,original,test,8
ff-c23__original__772,0,ff-c23,original,train,8
ff-c23__original__004,0,ff-c23,original,train,8
ff-c23__original__901,0,ff-c23,original,test,8
ff-c23__original__452,0,ff-c23,original,train,8
ff-c23__original__792,0,ff-c23,original,train,8
ff-c23__original__237,0,ff-c23,original,holdout,8
ff-c23__original__215,0,ff-c23,original,test,8
ff-c23__original__992,0,ff-c23,original,train,8
ff-c23__original__003,0,ff-c23,original,test,8
ff-c23__original__537,0,ff-c23,original,test,8
ff-c23__original__654,0,ff-c23,original,test,8
ff-c23__original__311,0,ff-c23,original,holdout,8
ff-c23__original__455,0,ff-c23,original,train,8
ff-c23__original__760,0,ff-c23,original,train,8
ff-c23__original__277,0,ff-c23,original,train,8
ff-c23__original__496,0,ff-c23,original,train,8
ff-c23__original__582,0,ff-c23,original,holdout,8
ff-c23__original__503,0,ff-c23,original,train,8
ff-c23__original__828,0,ff-c23,original,train,8
ff-c23__original__297,0,ff-c23,original,train,8
ff-c23__original__520,0,ff-c23,original,train,8
ff-c23__original__020,0,ff-c23,original,train,8
ff-c23__original__253,0,ff-c23,original,test,8
ff-c23__original__468,0,ff-c23,original,val,8
ff-c23__original__425,0,ff-c23,original,val,8
ff-c23__original__087,0,ff-c23,original,val,8
ff-c23__original__634,0,ff-c23,original,train,8
ff-c23__original__320,0,ff-c23,original,train,8
ff-c23__original__754,0,ff-c23,original,train,8
ff-c23__original__125,0,ff-c23,original,train,8
ff-c23__original__979,0,ff-c23,original,train,8
ff-c23__original__982,0,ff-c23,original,holdout,8
ff-c23__original__902,0,ff-c23,original,train,8
ff-c23__original__354,0,ff-c23,original,train,8
ff-c23__original__502,0,ff-c23,original,val,8
ff-c23__original__897,0,ff-c23,original,test,8
ff-c23__original__631,0,ff-c23,original,train,8
ff-c23__original__823,0,ff-c23,original,train,8
ff-c23__original__484,0,ff-c23,original,train,8
ff-c23__original__168,0,ff-c23,original,train,8
ff-c23__original__716,0,ff-c23,original,train,8
ff-c23__original__314,0,ff-c23,original,train,8
ff-c23__original__904,0,ff-c23,original,train,8
ff-c23__original__417,0,ff-c23,original,train,8
ff-c23__original__881,0,ff-c23,original,train,8
ff-c23__original__070,0,ff-c23,original,test,8
ff-c23__original__331,0,ff-c23,original,holdout,8
ff-c23__original__194,0,ff-c23,original,train,8
ff-c23__original__382,0,ff-c23,original,train,8
ff-c23__original__621,0,ff-c23,original,test,8
ff-c23__original__921,0,ff-c23,original,train,8
ff-c23__original__843,0,ff-c23,original,train,8
ff-c23__original__809,0,ff-c23,original,train,8
ff-c23__original__868,0,ff-c23,original,train,8
ff-c23__original__333,0,ff-c23,original,train,8
ff-c23__original__343,0,ff-c23,original,train,8
ff-c23__original__256,0,ff-c23,original,val,8
ff-c23__original__162,0,ff-c23,original,val,8
ff-c23__original__576,0,ff-c23,original,train,8
ff-c23__original__596,0,ff-c23,original,train,8
ff-c23__original__170,0,ff-c23,original,train,8
ff-c23__original__053,0,ff-c23,original,train,8
ff-c23__original__874,0,ff-c23,original,test,8
ff-c23__original__459,0,ff-c23,original,train,8
ff-c23__original__292,0,ff-c23,original,train,8
ff-c23__original__025,0,ff-c23,original,train,8
ff-c23__original__650,0,ff-c23,original,train,8
ff-c23__original__570,0,ff-c23,original,train,8
ff-c23__original__166,0,ff-c23,original,holdout,8
ff-c23__original__464,0,ff-c23,original,train,8
ff-c23__original__812,0,ff-c23,original,holdout,8
ff-c23__original__684,0,ff-c23,original,val,8
ff-c23__original__002,0,ff-c23,original,train,8
ff-c23__original__857,0,ff-c23,original,test,8
ff-c23__original__811,0,ff-c23,original,train,8
ff-c23__original__791,0,ff-c23,original,test,8
ff-c23__original__613,0,ff-c23,original,val,8
ff-c23__original__691,0,ff-c23,original,train,8
ff-c23__original__165,0,ff-c23,original,test,8
ff-c23__original__310,0,ff-c23,original,holdout,8
ff-c23__original__611,0,ff-c23,original,train,8
ff-c23__original__562,0,ff-c23,original,holdout,8
ff-c23__original__702,0,ff-c23,original,train,8
ff-c23__original__741,0,ff-c23,original,val,8
ff-c23__original__942,0,ff-c23,original,train,8
ff-c23__original__589,0,ff-c23,original,train,8
ff-c23__original__858,0,ff-c23,original,train,8
ff-c23__original__698,0,ff-c23,original,train,8
ff-c23__original__560,0,ff-c23,original,train,8
ff-c23__original__935,0,ff-c23,original,train,8
ff-c23__original__115,0,ff-c23,original,train,8
ff-c23__original__930,0,ff-c23,original,train,8
ff-c23__original__544,0,ff-c23,original,val,8
ff-c23__original__288,0,ff-c23,original,holdout,8
ff-c23__original__706,0,ff-c23,original,test,8
ff-c23__original__510,0,ff-c23,original,train,8
ff-c23__original__172,0,ff-c23,original,train,8
ff-c23__original__413,0,ff-c23,original,holdout,8
ff-c23__original__540,0,ff-c23,original,train,8
ff-c23__original__185,0,ff-c23,original,val,8
ff-c23__original__869,0,ff-c23,original,train,8
ff-c23__original__775,0,ff-c23,original,train,8
ff-c23__original__953,0,ff-c23,original,train,8
ff-c23__original__539,0,ff-c23,original,holdout,8
ff-c23__original__615,0,ff-c23,original,train,8
ff-c23__original__849,0,ff-c23,original,train,8
ff-c23__original__132,0,ff-c23,original,train,8
ff-c23__original__853,0,ff-c23,original,test,8
ff-c23__original__705,0,ff-c23,original,train,8
ff-c23__original__696,0,ff-c23,original,train,8
ff-c23__original__430,0,ff-c23,original,train,8
ff-c23__original__839,0,ff-c23,original,holdout,8
ff-c23__original__875,0,ff-c23,original,train,8
ff-c23__original__470,0,ff-c23,original,train,8
ff-c23__original__626,0,ff-c23,original,train,8
ff-c23__original__316,0,ff-c23,original,train,8
ff-c23__original__473,0,ff-c23,original,train,8
ff-c23__original__446,0,ff-c23,original,train,8
ff-c23__original__419,0,ff-c23,original,train,8
ff-c23__original__187,0,ff-c23,original,train,8
ff-c23__original__259,0,ff-c23,original,train,8
ff-c23__original__317,0,ff-c23,original,train,8
ff-c23__original__675,0,ff-c23,original,test,8
ff-c23__original__538,0,ff-c23,original,test,8
ff-c23__original__931,0,ff-c23,original,train,8
ff-c23__original__394,0,ff-c23,original,test,8
ff-c23__original__080,0,ff-c23,original,train,8
ff-c23__original__686,0,ff-c23,original,train,8
ff-c23__original__142,0,ff-c23,original,train,8
ff-c23__original__656,0,ff-c23,original,train,8
ff-c23__original__883,0,ff-c23,original,test,8
ff-c23__original__224,0,ff-c23,original,train,8
ff-c23__original__176,0,ff-c23,original,train,8
ff-c23__original__493,0,ff-c23,original,holdout,8
ff-c23__original__180,0,ff-c23,original,train,8
ff-c23__original__246,0,ff-c23,original,test,8
ff-c23__original__295,0,ff-c23,original,train,8
ff-c23__original__995,0,ff-c23,original,train,8
ff-c23__original__461,0,ff-c23,original,train,8
ff-c23__original__117,0,ff-c23,original,train,8
ff-c23__original__923,0,ff-c23,original,val,8
ff-c23__original__896,0,ff-c23,original,train,8
ff-c23__original__563,0,ff-c23,original,train,8
ff-c23__original__090,0,ff-c23,original,train,8
ff-c23__original__109,0,ff-c23,original,train,8
ff-c23__original__353,0,ff-c23,original,train,8
ff-c23__original__725,0,ff-c23,original,val,8
ff-c23__original__919,0,ff-c23,original,train,8
ff-c23__original__518,0,ff-c23,original,train,8
ff-c23__original__862,0,ff-c23,original,train,8
ff-c23__original__564,0,ff-c23,original,train,8
ff-c23__original__580,0,ff-c23,original,train,8
ff-c23__original__318,0,ff-c23,original,train,8
ff-c23__original__352,0,ff-c23,original,train,8
ff-c23__original__403,0,ff-c23,original,train,8
ff-c23__original__724,0,ff-c23,original,holdout,8
ff-c23__original__366,0,ff-c23,original,holdout,8
ff-c23__original__248,0,ff-c23,original,train,8
ff-c23__original__234,0,ff-c23,original,test,8
ff-c23__original__798,0,ff-c23,original,train,8
ff-c23__original__478,0,ff-c23,original,val,8
ff-c23__original__191,0,ff-c23,original,train,8
ff-c23__original__746,0,ff-c23,original,val,8
ff-c23__original__522,0,ff-c23,original,train,8
ff-c23__original__377,0,ff-c23,original,train,8
ff-c23__original__912,0,ff-c23,original,train,8
ff-c23__original__802,0,ff-c23,original,test,8
ff-c23__original__531,0,ff-c23,original,train,8
ff-c23__original__709,0,ff-c23,original,holdout,8
ff-c23__original__400,0,ff-c23,original,train,8
ff-c23__original__800,0,ff-c23,original,val,8
ff-c23__original__447,0,ff-c23,original,val,8
ff-c23__original__313,0,ff-c23,original,test,8
ff-c23__original__567,0,ff-c23,original,train,8
ff-c23__original__750,0,ff-c23,original,train,8
ff-c23__original__483,0,ff-c23,original,train,8
ff-c23__original__375,0,ff-c23,original,train,8
ff-c23__original__341,0,ff-c23,original,train,8
ff-c23__original__908,0,ff-c23,original,train,8
ff-c23__original__071,0,ff-c23,original,train,8
ff-c23__original__618,0,ff-c23,original,train,8
ff-c23__original__779,0,ff-c23,original,train,8
ff-c23__original__197,0,ff-c23,original,train,8
ff-c23__original__662,0,ff-c23,original,train,8
ff-c23__original__235,0,ff-c23,original,train,8
ff-c23__original__920,0,ff-c23,original,train,8
ff-c23__original__236,0,ff-c23,original,train,8
ff-c23__original__629,0,ff-c23,original,train,8
ff-c23__original__360,0,ff-c23,original,holdout,8
ff-c23__original__209,0,ff-c23,original,train,8
ff-c23__original__748,0,ff-c23,original,train,8
ff-c23__original__745,0,ff-c23,original,train,8
ff-c23__original__516,0,ff-c23,original,train,8
ff-c23__original__228,0,ff-c23,original,val,8
ff-c23__original__956,0,ff-c23,original,train,8
ff-c23__original__907,0,ff-c23,original,holdout,8
ff-c23__original__734,0,ff-c23,original,train,8
ff-c23__original__273,0,ff-c23,original,train,8
ff-c23__original__079,0,ff-c23,original,val,8
ff-c23__original__824,0,ff-c23,original,train,8
ff-c23__original__060,0,ff-c23,original,train,8
ff-c23__original__322,0,ff-c23,original,train,8
ff-c23__original__356,0,ff-c23,original,train,8
ff-c23__original__933,0,ff-c23,original,train,8
ff-c23__original__444,0,ff-c23,original,train,8
ff-c23__original__204,0,ff-c23,original,val,8
ff-c23__original__677,0,ff-c23,original,train,8
ff-c23__original__906,0,ff-c23,original,train,8
ff-c23__original__388,0,ff-c23,original,test,8
ff-c23__original__959,0,ff-c23,original,train,8
ff-c23__original__961,0,ff-c23,original,val,8
ff-c23__original__801,0,ff-c23,original,train,8
ff-c23__original__338,0,ff-c23,original,test,8
ff-c23__original__719,0,ff-c23,original,train,8
ff-c23__original__047,0,ff-c23,original,val,8
ff-c23__original__900,0,ff-c23,original,train,8
ff-c23__original__556,0,ff-c23,original,train,8
ff-c23__original__701,0,ff-c23,original,train,8
ff-c23__original__636,0,ff-c23,original,train,8
ff-c23__original__859,0,ff-c23,original,train,8
ff-c23__original__049,0,ff-c23,original,train,8
ff-c23__original__784,0,ff-c23,original,train,8
ff-c23__original__128,0,ff-c23,original,train,8
ff-c23__original__431,0,ff-c23,original,train,8
ff-c23__original__572,0,ff-c23,original,train,8
ff-c23__original__568,0,ff-c23,original,test,8
ff-c23__original__697,0,ff-c23,original,holdout,8
ff-c23__original__289,0,ff-c23,original,val,8
ff-c23__original__018,0,ff-c23,original,train,8
ff-c23__original__980,0,ff-c23,original,train,8
ff-c23__original__981,0,ff-c23,original,test,8
ff-c23__original__753,0,ff-c23,original,train,8
ff-c23__original__291,0,ff-c23,original,train,8
ff-c23__original__569,0,ff-c23,original,train,8
ff-c23__original__771,0,ff-c23,original,train,8
ff-c23__original__305,0,ff-c23,original,train,8
ff-c23__original__126,0,ff-c23,original,train,8
ff-c23__original__711,0,ff-c23,original,train,8
ff-c23__original__504,0,ff-c23,original,holdout,8
ff-c23__original__072,0,ff-c23,original,train,8
ff-c23__original__749,0,ff-c23,original,train,8
ff-c23__original__231,0,ff-c23,original,holdout,8
ff-c23__original__614,0,ff-c23,original,train,8
ff-c23__original__290,0,ff-c23,original,train,8
ff-c23__original__836,0,ff-c23,original,val,8
ff-c23__original__397,0,ff-c23,original,train,8
ff-c23__original__304,0,ff-c23,original,train,8
ff-c23__original__683,0,ff-c23,original,train,8
ff-c23__original__965,0,ff-c23,original,train,8
ff-c23__original__593,0,ff-c23,original,val,8
ff-c23__original__171,0,ff-c23,original,train,8
ff-c23__original__077,0,ff-c23,original,train,8
ff-c23__original__951,0,ff-c23,original,train,8
ff-c23__original__826,0,ff-c23,original,test,8
ff-c23__original__008,0,ff-c23,original,train,8
ff-c23__original__825,0,ff-c23,original,train,8
ff-c23__original__436,0,ff-c23,original,train,8
ff-c23__original__535,0,ff-c23,original,train,8
ff-c23__original__657,0,ff-c23,original,test,8
ff-c23__original__643,0,ff-c23,original,val,8
ff-c23__original__604,0,ff-c23,original,train,8
ff-c23__original__964,0,ff-c23,original,train,8
ff-c23__original__370,0,ff-c23,original,train,8
ff-c23__original__098,0,ff-c23,original,train,8
ff-c23__original__796,0,ff-c23,original,train,8
ff-c23__original__934,0,ff-c23,original,train,8
ff-c23__original__285,0,ff-c23,original,train,8
ff-c23__original__154,0,ff-c23,original,train,8
ff-c23__original__583,0,ff-c23,original,train,8
ff-c23__original__384,0,ff-c23,original,holdout,8
ff-c23__original__031,0,ff-c23,original,train,8
ff-c23__original__722,0,ff-c23,original,val,8
ff-c23__original__888,0,ff-c23,original,train,8
ff-c23__original__573,0,ff-c23,original,train,8
ff-c23__original__014,0,ff-c23,original,train,8
ff-c23__original__371,0,ff-c23,original,train,8
ff-c23__original__855,0,ff-c23,original,train,8
ff-c23__original__141,0,ff-c23,original,train,8
ff-c23__original__588,0,ff-c23,original,train,8
ff-c23__original__659,0,ff-c23,original,train,8
ff-c23__original__770,0,ff-c23,original,test,8
ff-c23__original__960,0,ff-c23,original,train,8
ff-c23__original__335,0,ff-c23,original,train,8
ff-c23__original__178,0,ff-c23,original,train,8
ff-c23__original__893,0,ff-c23,original,train,8
ff-c23__original__022,0,ff-c23,original,holdout,8
ff-c23__original__952,0,ff-c23,original,train,8
ff-c23__original__485,0,ff-c23,original,train,8
ff-c23__original__152,0,ff-c23,original,train,8
ff-c23__original__762,0,ff-c23,original,train,8
ff-c23__original__732,0,ff-c23,original,test,8
ff-c23__original__848,0,ff-c23,original,train,8
ff-c23__original__704,0,ff-c23,original,train,8
ff-c23__original__082,0,ff-c23,original,train,8
ff-c23__original__416,0,ff-c23,original,holdout,8
ff-c23__original__334,0,ff-c23,original,test,8
ff-c23__original__286,0,ff-c23,original,train,8
ff-c23__original__840,0,ff-c23,original,train,8
ff-c23__original__873,0,ff-c23,original,val,8
ff-c23__original__223,0,ff-c23,original,train,8
ff-c23__original__768,0,ff-c23,original,train,8
ff-c23__original__323,0,ff-c23,original,test,8
ff-c23__original__876,0,ff-c23,original,test,8
ff-c23__original__219,0,ff-c23,original,val,8
ff-c23__original__832,0,ff-c23,original,train,8
ff-c23__original__777,0,ff-c23,original,holdout,8
ff-c23__original__769,0,ff-c23,original,train,8
ff-c23__original__645,0,ff-c23,original,train,8
ff-c23__original__328,0,ff-c23,original,train,8
ff-c23__original__212,0,ff-c23,original,holdout,8
ff-c23__original__674,0,ff-c23,original,train,8
ff-c23__original__438,0,ff-c23,original,val,8
ff-c23__original__131,0,ff-c23,original,train,8
ff-c23__original__027,0,ff-c23,original,train,8
ff-c23__original__623,0,ff-c23,original,train,8
ff-c23__original__040,0,ff-c23,original,train,8
ff-c23__original__029,0,ff-c23,original,train,8
ff-c23__original__733,0,ff-c23,original,train,8
ff-c23__original__976,0,ff-c23,original,train,8
ff-c23__original__584,0,ff-c23,original,train,8
ff-c23__original__918,0,ff-c23,original,train,8
ff-c23__original__362,0,ff-c23,original,train,8
ff-c23__original__146,0,ff-c23,original,train,8
ff-c23__original__816,0,ff-c23,original,train,8
ff-c23__original__065,0,ff-c23,original,holdout,8
ff-c23__original__632,0,ff-c23,original,train,8
ff-c23__original__927,0,ff-c23,original,test,8
ff-c23__original__797,0,ff-c23,original,holdout,8
ff-c23__original__515,0,ff-c23,original,val,8
ff-c23__original__283,0,ff-c23,original,val,8
ff-c23__original__010,0,ff-c23,original,train,8
ff-c23__original__541,0,ff-c23,original,train,8
ff-c23__original__279,0,ff-c23,original,train,8
ff-c23__original__350,0,ff-c23,original,test,8
ff-c23__original__032,0,ff-c23,original,train,8
ff-c23__original__395,0,ff-c23,original,train,8
ff-c23__original__100,0,ff-c23,original,holdout,8
ff-c23__original__579,0,ff-c23,original,train,8
ff-c23__original__494,0,ff-c23,original,train,8
ff-c23__original__782,0,ff-c23,original,train,8
ff-c23__original__600,0,ff-c23,original,train,8
ff-c23__original__673,0,ff-c23,original,train,8
ff-c23__original__946,0,ff-c23,original,train,8
ff-c23__original__813,0,ff-c23,original,train,8
ff-c23__original__307,0,ff-c23,original,train,8
ff-c23__original__676,0,ff-c23,original,val,8
ff-c23__original__941,0,ff-c23,original,train,8
ff-c23__original__742,0,ff-c23,original,train,8
ff-c23__original__226,0,ff-c23,original,train,8
ff-c23__original__692,0,ff-c23,original,train,8
ff-c23__original__284,0,ff-c23,original,holdout,8
ff-c23__original__894,0,ff-c23,original,train,8
ff-c23__original__205,0,ff-c23,original,train,8
ff-c23__original__069,0,ff-c23,original,train,8
ff-c23__original__411,0,ff-c23,original,train,8
ff-c23__original__239,0,ff-c23,original,train,8
ff-c23__original__059,0,ff-c23,original,train,8
ff-c23__original__011,0,ff-c23,original,train,8
ff-c23__original__321,0,ff-c23,original,train,8
ff-c23__original__885,0,ff-c23,original,holdout,8
ff-c23__original__553,0,ff-c23,original,train,8
ff-c23__original__456,0,ff-c23,original,val,8
ff-c23__original__308,0,ff-c23,original,holdout,8
ff-c23__original__208,0,ff-c23,original,holdout,8
ff-c23__original__649,0,ff-c23,original,train,8
ff-c23__original__736,0,ff-c23,original,train,8
ff-c23__original__296,0,ff-c23,original,val,8
ff-c23__original__534,0,ff-c23,original,train,8
ff-c23__original__795,0,ff-c23,original,train,8
ff-c23__original__096,0,ff-c23,original,test,8
ff-c23__original__490,0,ff-c23,original,train,8
ff-c23__original__184,0,ff-c23,original,train,8
ff-c23__original__641,0,ff-c23,original,train,8
ff-c23__original__054,0,ff-c23,original,train,8
ff-c23__original__472,0,ff-c23,original,test,8
ff-c23__original__383,0,ff-c23,original,train,8
ff-c23__original__778,0,ff-c23,original,holdout,8
ff-c23__original__051,0,ff-c23,original,train,8
ff-c23__original__509,0,ff-c23,original,train,8
ff-c23__original__181,0,ff-c23,original,val,8
ff-c23__original__864,0,ff-c23,original,holdout,8
ff-c23__original__606,0,ff-c23,original,val,8
ff-c23__original__068,0,ff-c23,original,val,8
ff-c23__original__345,0,ff-c23,original,test,8
ff-c23__original__528,0,ff-c23,original,train,8
ff-c23__original__806,0,ff-c23,original,train,8
ff-c23__original__167,0,ff-c23,original,test,8
ff-c23__original__913,0,ff-c23,original,train,8
ff-c23__original__922,0,ff-c23,original,holdout,8
ff-c23__original__807,0,ff-c23,original,train,8
ff-c23__original__442,0,ff-c23,original,train,8
ff-c23__original__460,0,ff-c23,original,train,8
ff-c23__original__985,0,ff-c23,original,train,8
ff-c23__original__476,0,ff-c23,original,train,8
ff-c23__original__401,0,ff-c23,original,train,8
ff-c23__original__533,0,ff-c23,original,val,8
ff-c23__original__877,0,ff-c23,original,test,8
ff-c23__original__827,0,ff-c23,original,train,8
ff-c23__original__406,0,ff-c23,original,train,8
ff-c23__original__708,0,ff-c23,original,holdout,8
ff-c23__original__326,0,ff-c23,original,train,8
ff-c23__original__102,0,ff-c23,original,train,8
ff-c23__original__694,0,ff-c23,original,test,8
ff-c23__original__062,0,ff-c23,original,train,8
ff-c23__original__034,0,ff-c23,original,train,8
ff-c23__original__847,0,ff-c23,original,train,8
ff-c23__original__786,0,ff-c23,original,holdout,8
ff-c23__original__513,0,ff-c23,original,test,8
ff-c23__original__021,0,ff-c23,original,train,8
ff-c23__original__551,0,ff-c23,original,train,8
ff-c23__original__083,0,ff-c23,original,train,8
ff-c23__original__481,0,ff-c23,original,train,8
ff-c23__original__355,0,ff-c23,original,train,8
ff-c23__original__199,0,ff-c23,original,val,8
ff-c23__original__803,0,ff-c23,original,train,8
ff-c23__original__186,0,ff-c23,original,holdout,8
ff-c23__original__729,0,ff-c23,original,train,8
ff-c23__original__998,0,ff-c23,original,train,8
ff-c23__original__737,0,ff-c23,original,train,8
ff-c23__original__448,0,ff-c23,original,val,8
ff-c23__original__466,0,ff-c23,original,train,8
ff-c23__original__744,0,ff-c23,original,train,8
ff-c23__original__389,0,ff-c23,original,train,8
ff-c23__original__046,0,ff-c23,original,train,8
ff-c23__original__587,0,ff-c23,original,train,8
ff-c23__original__415,0,ff-c23,original,train,8
ff-c23__original__949,0,ff-c23,original,train,8
ff-c23__original__561,0,ff-c23,original,val,8
ff-c23__original__740,0,ff-c23,original,train,8
ff-c23__original__695,0,ff-c23,original,train,8
ff-c23__original__542,0,ff-c23,original,val,8
ff-c23__original__851,0,ff-c23,original,holdout,8
ff-c23__original__193,0,ff-c23,original,test,8
ff-c23__original__617,0,ff-c23,original,train,8
ff-c23__original__488,0,ff-c23,original,val,8
ff-c23__original__973,0,ff-c23,original,holdout,8
ff-c23__original__112,0,ff-c23,original,train,8
ff-c23__original__685,0,ff-c23,original,holdout,8
ff-c23__original__376,0,ff-c23,original,train,8
ff-c23__original__057,0,ff-c23,original,train,8
ff-c23__original__598,0,ff-c23,original,train,8
ff-c23__original__463,0,ff-c23,original,train,8
ff-c23__original__213,0,ff-c23,original,train,8
ff-c23__original__367,0,ff-c23,original,train,8
ff-c23__original__895,0,ff-c23,original,train,8
ff-c23__original__594,0,ff-c23,original,train,8
ff-c23__original__892,0,ff-c23,original,test,8
ff-c23__original__391,0,ff-c23,original,train,8
ff-c23__original__001,0,ff-c23,original,holdout,8
ff-c23__original__850,0,ff-c23,original,train,8
ff-c23__original__075,0,ff-c23,original,train,8
ff-c23__original__340,0,ff-c23,original,train,8
ff-c23__original__052,0,ff-c23,original,train,8
ff-c23__original__601,0,ff-c23,original,train,8
ff-c23__original__344,0,ff-c23,original,holdout,8
ff-c23__original__773,0,ff-c23,original,test,8
ff-c23__original__780,0,ff-c23,original,train,8
ff-c23__original__914,0,ff-c23,original,train,8
ff-c23__original__787,0,ff-c23,original,test,8
ff-c23__original__498,0,ff-c23,original,train,8
ff-c23__original__409,0,ff-c23,original,test,8
ff-c23__original__251,0,ff-c23,original,train,8
ff-c23__original__969,0,ff-c23,original,train,8
ff-c23__original__819,0,ff-c23,original,train,8
ff-c23__original__129,0,ff-c23,original,train,8
ff-c23__original__038,0,ff-c23,original,train,8
ff-c23__original__830,0,ff-c23,original,train,8
ff-c23__original__399,0,ff-c23,original,train,8
ff-c23__original__272,0,ff-c23,original,train,8
ff-c23__original__625,0,ff-c23,original,train,8
ff-c23__original__153,0,ff-c23,original,train,8
ff-c23__original__363,0,ff-c23,original,holdout,8
ff-c23__original__039,0,ff-c23,original,test,8
ff-c23__original__050,0,ff-c23,original,train,8
ff-c23__original__926,0,ff-c23,original,train,8
ff-c23__original__776,0,ff-c23,original,val,8
ff-c23__original__016,0,ff-c23,original,train,8
ff-c23__original__489,0,ff-c23,original,test,8
ff-c23__original__755,0,ff-c23,original,train,8
ff-c23__original__972,0,ff-c23,original,train,8
ff-c23__original__158,0,ff-c23,original,val,8
ff-c23__original__301,0,ff-c23,original,val,8
ff-c23__original__555,0,ff-c23,original,train,8
ff-c23__original__086,0,ff-c23,original,test,8
ff-c23__original__944,0,ff-c23,original,train,8
ff-c23__original__571,0,ff-c23,original,train,8
ff-c23__original__663,0,ff-c23,original,val,8
ff-c23__original__889,0,ff-c23,original,train,8
ff-c23__original__783,0,ff-c23,original,train,8
ff-c23__original__095,0,ff-c23,original,train,8
ff-c23__original__891,0,ff-c23,original,train,8
ff-c23__original__999,0,ff-c23,original,train,8
ff-c23__original__423,0,ff-c23,original,train,8
ff-c23__original__364,0,ff-c23,original,train,8
ff-c23__original__718,0,ff-c23,original,holdout,8
ff-c23__original__527,0,ff-c23,original,train,8
ff-c23__original__554,0,ff-c23,original,val,8
ff-c23__original__145,0,ff-c23,original,test,8
ff-c23__original__136,0,ff-c23,original,train,8
ff-c23__original__242,0,ff-c23,original,train,8
ff-c23__original__592,0,ff-c23,original,holdout,8
ff-c23__original__574,0,ff-c23,original,train,8
ff-c23__original__121,0,ff-c23,original,test,8
ff-c23__original__426,0,ff-c23,original,train,8
ff-c23__original__276,0,ff-c23,original,train,8
ff-c23__original__646,0,ff-c23,original,val,8
ff-c23__original__091,0,ff-c23,original,train,8
ff-c23__original__548,0,ff-c23,original,train,8
ff-c23__original__997,0,ff-c23,original,train,8
ff-c23__original__232,0,ff-c23,original,test,8
ff-c23__original__628,0,ff-c23,original,holdout,8
ff-c23__original__820,0,ff-c23,original,train,8
ff-c23__original__381,0,ff-c23,original,holdout,8
ff-c23__original__374,0,ff-c23,original,train,8
ff-c23__original__111,0,ff-c23,original,train,8
ff-c23__original__216,0,ff-c23,original,train,8
ff-c23__original__164,0,ff-c23,original,val,8
ff-c23__original__607,0,ff-c23,original,test,8
ff-c23__original__421,0,ff-c23,original,train,8
ff-c23__original__105,0,ff-c23,original,train,8
ff-c23__original__971,0,ff-c23,original,train,8
ff-c23__original__348,0,ff-c23,original,train,8
ff-c23__original__260,0,ff-c23,original,train,8
ff-c23__original__346,0,ff-c23,original,train,8
ff-c23__original__871,0,ff-c23,original,train,8
ff-c23__original__536,0,ff-c23,original,test,8
ff-c23__original__841,0,ff-c23,original,train,8
ff-c23__original__487,0,ff-c23,original,train,8
ff-c23__original__635,0,ff-c23,original,train,8
ff-c23__original__996,0,ff-c23,original,train,8
ff-c23__original__558,0,ff-c23,original,train,8
ff-c23__original__149,0,ff-c23,original,holdout,8
ff-c23__original__559,0,ff-c23,original,train,8
ff-c23__original__387,0,ff-c23,original,val,8
ff-c23__original__247,0,ff-c23,original,holdout,8
ff-c23__original__327,0,ff-c23,original,train,8
ff-c23__original__089,0,ff-c23,original,train,8
ff-c23__original__622,0,ff-c23,original,train,8
ff-c23__original__465,0,ff-c23,original,train,8
ff-c23__original__066,0,ff-c23,original,train,8
ff-c23__original__319,0,ff-c23,original,train,8
ff-c23__original__506,0,ff-c23,original,train,8
ff-c23__original__639,0,ff-c23,original,train,8
ff-c23__original__546,0,ff-c23,original,test,8
ff-c23__original__457,0,ff-c23,original,train,8
ff-c23__original__679,0,ff-c23,original,test,8
ff-c23__original__932,0,ff-c23,original,test,8
ff-c23__original__590,0,ff-c23,original,train,8
ff-c23__original__842,0,ff-c23,original,train,8
ff-c23__original__751,0,ff-c23,original,train,8
ff-c23__original__665,0,ff-c23,original,val,8
ff-c23__original__173,0,ff-c23,original,train,8
ff-c23__original__937,0,ff-c23,original,val,8
ff-c23__original__435,0,ff-c23,original,train,8
ff-c23__original__947,0,ff-c23,original,train,8
ff-c23__original__148,0,ff-c23,original,val,8
ff-c23__original__278,0,ff-c23,original,train,8
ff-c23__original__817,0,ff-c23,original,train,8
ff-c23__original__661,0,ff-c23,original,train,8
ff-c23__original__203,0,ff-c23,original,train,8
ff-c23__original__790,0,ff-c23,original,train,8
ff-c23__original__107,0,ff-c23,original,train,8
ff-c23__original__550,0,ff-c23,original,train,8
ff-c23__original__785,0,ff-c23,original,val,8
ff-c23__original__887,0,ff-c23,original,train,8
ff-c23__original__700,0,ff-c23,original,train,8
ff-c23__original__609,0,ff-c23,original,train,8
ff-c23__original__526,0,ff-c23,original,train,8
ff-c23__original__183,0,ff-c23,original,holdout,8
ff-c23__original__124,0,ff-c23,original,val,8
ff-c23__original__156,0,ff-c23,original,train,8
ff-c23__original__342,0,ff-c23,original,train,8
ff-c23__original__445,0,ff-c23,original,train,8
ff-c23__original__549,0,ff-c23,original,train,8
ff-c23__original__337,0,ff-c23,original,train,8
ff-c23__original__838,0,ff-c23,original,test,8
ff-c23__original__118,0,ff-c23,original,train,8
ff-c23__original__707,0,ff-c23,original,val,8
ff-c23__original__418,0,ff-c23,original,holdout,8
ff-c23__original__110,0,ff-c23,original,train,8
ff-c23__original__477,0,ff-c23,original,train,8
ff-c23__original__300,0,ff-c23,original,train,8
ff-c23__original__006,0,ff-c23,original,train,8
ff-c23__original__230,0,ff-c23,original,val,8
ff-c23__original__108,0,ff-c23,original,holdout,8
ff-c23__original__943,0,ff-c23,original,train,8
ff-c23__original__451,0,ff-c23,original,train,8
ff-c23__original__306,0,ff-c23,original,holdout,8
ff-c23__original__155,0,ff-c23,original,train,8
ff-c23__original__202,0,ff-c23,original,train,8
ff-c23__original__179,0,ff-c23,original,holdout,8
ff-c23__original__454,0,ff-c23,original,train,8
ff-c23__original__104,0,ff-c23,original,test,8
ff-c23__original__763,0,ff-c23,original,holdout,8
ff-c23__original__938,0,ff-c23,original,val,8
ff-c23__original__756,0,ff-c23,original,train,8
ff-c23__original__007,0,ff-c23,original,train,8
ff-c23__original__143,0,ff-c23,original,train,8
ff-c23__original__575,0,ff-c23,original,train,8
ff-c23__original__955,0,ff-c23,original,train,8
ff-c23__original__882,0,ff-c23,original,train,8
ff-c23__original__804,0,ff-c23,original,train,8
ff-c23__original__281,0,ff-c23,original,train,8
ff-c23__original__257,0,ff-c23,original,train,8
ff-c23__original__150,0,ff-c23,original,test,8
ff-c23__original__407,0,ff-c23,original,val,8
ff-c23__original__966,0,ff-c23,original,holdout,8
ff-c23__original__023,0,ff-c23,original,test,8
ff-c23__original__916,0,ff-c23,original,train,8
ff-c23__original__915,0,ff-c23,original,train,8
ff-c23__original__578,0,ff-c23,original,train,8
ff-c23__original__243,0,ff-c23,original,holdout,8
ff-c23__original__137,0,ff-c23,original,val,8
ff-c23__original__903,0,ff-c23,original,val,8
ff-c23__original__378,0,ff-c23,original,train,8
ff-c23__original__393,0,ff-c23,original,test,8
ff-c23__original__963,0,ff-c23,original,train,8
ff-c23__original__911,0,ff-c23,original,train,8
ff-c23__original__599,0,ff-c23,original,val,8
ff-c23__original__358,0,ff-c23,original,train,8
ff-c23__original__486,0,ff-c23,original,train,8
ff-c23__original__721,0,ff-c23,original,train,8
ff-c23__original__275,0,ff-c23,original,holdout,8
ff-c23__original__950,0,ff-c23,original,train,8
ff-c23__original__041,0,ff-c23,original,test,8
ff-c23__original__945,0,ff-c23,original,train,8
ff-c23__original__404,0,ff-c23,original,train,8
ff-c23__original__644,0,ff-c23,original,train,8
ff-c23__original__287,0,ff-c23,original,test,8
ff-c23__original__910,0,ff-c23,original,holdout,8
ff-c23__original__727,0,ff-c23,original,train,8
ff-c23__original__439,0,ff-c23,original,val,8
ff-c23__original__492,0,ff-c23,original,train,8
ff-c23__original__073,0,ff-c23,original,train,8
ff-c23__original__687,0,ff-c23,original,train,8
ff-c23__original__271,0,ff-c23,original,train,8
ff-c23__original__076,0,ff-c23,original,train,8
ff-c23__original__962,0,ff-c23,original,train,8
ff-c23__original__710,0,ff-c23,original,train,8
ff-c23__original__140,0,ff-c23,original,train,8
ff-c23__original__730,0,ff-c23,original,train,8
ff-c23__original__225,0,ff-c23,original,train,8
ff-c23__original__948,0,ff-c23,original,train,8
ff-c23__original__761,0,ff-c23,original,test,8
ff-c23__original__863,0,ff-c23,original,holdout,8
ff-c23__original__157,0,ff-c23,original,train,8
ff-c23__original__339,0,ff-c23,original,train,8
ff-c23__original__443,0,ff-c23,original,holdout,8
ff-c23__original__936,0,ff-c23,original,holdout,8
ff-c23__original__380,0,ff-c23,original,holdout,8
ff-c23__original__368,0,ff-c23,original,train,8
ff-c23__original__624,0,ff-c23,original,test,8
ff-c23__original__794,0,ff-c23,original,train,8
ff-c23__original__434,0,ff-c23,original,train,8
ff-c23__original__282,0,ff-c23,original,train,8
ff-c23__original__385,0,ff-c23,original,train,8
ff-c23__original__517,0,ff-c23,original,train,8
ff-c23__original__867,0,ff-c23,original,test,8
ff-c23__original__939,0,ff-c23,original,test,8
ff-c23__original__064,0,ff-c23,original,train,8
ff-c23__original__349,0,ff-c23,original,train,8
ff-c23__original__788,0,ff-c23,original,train,8
ff-c23__original__169,0,ff-c23,original,train,8
ff-c23__original__688,0,ff-c23,original,train,8
ff-c23__original__664,0,ff-c23,original,train,8
ff-c23__original__655,0,ff-c23,original,val,8
ff-c23__original__188,0,ff-c23,original,train,8
ff-c23__original__829,0,ff-c23,original,train,8
ff-c23__original__133,0,ff-c23,original,train,8
ff-c23__original__036,0,ff-c23,original,holdout,8
ff-c23__original__475,0,ff-c23,original,train,8
ff-c23__original__970,0,ff-c23,original,train,8
ff-c23__original__620,0,ff-c23,original,val,8
ff-c23__original__988,0,ff-c23,original,train,8
ff-c23__original__056,0,ff-c23,original,train,8
ff-c23__original__458,0,ff-c23,original,val,8
ff-c23__original__471,0,ff-c23,original,train,8
ff-c23__original__545,0,ff-c23,original,test,8
ff-c23__original__293,0,ff-c23,original,holdout,8
ff-c23__original__206,0,ff-c23,original,train,8
ff-c23__original__717,0,ff-c23,original,train,8
ff-c23__original__267,0,ff-c23,original,val,8
ff-c23__original__808,0,ff-c23,original,holdout,8
ff-c23__original__505,0,ff-c23,original,val,8
ff-c23__original__627,0,ff-c23,original,train,8
ff-c23__original__024,0,ff-c23,original,train,8
ff-c23__original__856,0,ff-c23,original,test,8
ff-c23__original__637,0,ff-c23,original,train,8
ff-c23__original__612,0,ff-c23,original,train,8
ff-c23__original__720,0,ff-c23,original,train,8
ff-c23__original__852,0,ff-c23,original,train,8
ff-c23__original__739,0,ff-c23,original,test,8
ff-c23__original__619,0,ff-c23,original,train,8
ff-c23__original__821,0,ff-c23,original,test,8
ff-c23__original__682,0,ff-c23,original,train,8
ff-c23__original__192,0,ff-c23,original,train,8
ff-c23__original__653,0,ff-c23,original,train,8
ff-c23__original__269,0,ff-c23,original,train,8
ff-c23__original__005,0,ff-c23,original,val,8
ff-c23__original__512,0,ff-c23,original,train,8
ff-c23__original__063,0,ff-c23,original,train,8
ff-c23__original__523,0,ff-c23,original,holdout,8
ff-c23__original__315,0,ff-c23,original,val,8
ff-c23__original__218,0,ff-c23,original,train,8
ff-c23__original__557,0,ff-c23,original,train,8
ff-c23__original__983,0,ff-c23,original,train,8
ff-c23__original__255,0,ff-c23,original,train,8
ff-c23__original__398,0,ff-c23,original,train,8
ff-c23__original__450,0,ff-c23,original,train,8
ff-c23__original__986,0,ff-c23,original,test,8
ff-c23__original__084,0,ff-c23,original,train,8
ff-c23__original__094,0,ff-c23,original,train,8
ff-c23__original__814,0,ff-c23,original,holdout,8
ff-c23__original__781,0,ff-c23,original,train,8
ff-c23__original__119,0,ff-c23,original,test,8
ff-c23__original__432,0,ff-c23,original,val,8
ff-c23__original__495,0,ff-c23,original,holdout,8
ff-c23__original__379,0,ff-c23,original,train,8
ff-c23__original__396,0,ff-c23,original,val,8
ff-c23__original__909,0,ff-c23,original,train,8
ff-c23__original__175,0,ff-c23,original,train,8
ff-c23__original__097,0,ff-c23,original,train,8
ff-c23__original__210,0,ff-c23,original,train,8
ff-c23__original__977,0,ff-c23,original,train,8
ff-c23__original__240,0,ff-c23,original,train,8
ff-c23__original__616,0,ff-c23,original,val,8
ff-c23__original__440,0,ff-c23,original,train,8
ff-c23__original__651,0,ff-c23,original,holdout,8
ff-c23__original__467,0,ff-c23,original,train,8
ff-c23__original__200,0,ff-c23,original,train,8
ff-c23__original__261,0,ff-c23,original,train,8
ff-c23__original__373,0,ff-c23,original,train,8
ff-c23__original__198,0,ff-c23,original,train,8
ff-c23__original__325,0,ff-c23,original,holdout,8
ff-c23__original__666,0,ff-c23,original,train,8
ff-c23__original__605,0,ff-c23,original,train,8
ff-c23__original__103,0,ff-c23,original,train,8
ff-c23__original__412,0,ff-c23,original,test,8
ff-c23__original__217,0,ff-c23,original,train,8
ff-c23__original__151,0,ff-c23,original,test,8
ff-c23__original__597,0,ff-c23,original,val,8
ff-c23__original__723,0,ff-c23,original,train,8
ff-c23__original__135,0,ff-c23,original,train,8
ff-c23__original__497,0,ff-c23,original,train,8
ff-c23__original__764,0,ff-c23,original,train,8
ff-c23__original__669,0,ff-c23,original,train,8
ff-c23__original__361,0,ff-c23,original,train,8
ff-c23__original__789,0,ff-c23,original,train,8
ff-c23__NeuralTextures__481_469,1,ff-c23,NeuralTextures,train,8
ff-c23__NeuralTextures__315_322,1,ff-c23,NeuralTextures,val,8
ff-c23__NeuralTextures__645_688,1,ff-c23,NeuralTextures,train,8
ff-c23__NeuralTextures__692_610,1,ff-c23,NeuralTextures,train,8
ff-c23__NeuralTextures__562_626,1,ff-c23,NeuralTextures,holdout,8
ff-c23__NeuralTextures__074_825,1,ff-c23,NeuralTextures,train,8
ff-c23__NeuralTextures__392_339,1,ff-c23,NeuralTextures,train,8
ff-c23__NeuralTextures__914_899,1,ff-c23,NeuralTextures,train,8
ff-c23__NeuralTextures__415_484,1,ff-c23,NeuralTextures,train,8
ff-c23__NeuralTextures__478_506,1,ff-c23,NeuralTextures,val,8
ff-c23__NeuralTextures__208_215,1,ff-c23,NeuralTextures,holdout,8
ff-c23__NeuralTextures__370_483,1,ff-c23,NeuralTextures,train,8
ff-c23__NeuralTextures__855_801,1,ff-c23,NeuralTextures,train,8
ff-c23__NeuralTextures__351_346,1,ff-c23,NeuralTextures,train,8
ff-c23__NeuralTextures__992_980,1,ff-c23,NeuralTextures,train,8
ff-c23__NeuralTextures__793_768,1,ff-c23,NeuralTextures,test,8
ff-c23__NeuralTextures__275_887,1,ff-c23,NeuralTextures,holdout,8
ff-c23__NeuralTextures__575_603,1,ff-c23,NeuralTextures,train,8
ff-c23__NeuralTextures__241_210,1,ff-c23,NeuralTextures,val,8
ff-c23__NeuralTextures__552_851,1,ff-c23,NeuralTextures,train,8
ff-c23__NeuralTextures__560_557,1,ff-c23,NeuralTextures,train,8
ff-c23__NeuralTextures__795_907,1,ff-c23,NeuralTextures,train,8
ff-c23__NeuralTextures__089_065,1,ff-c23,NeuralTextures,train,8
ff-c23__NeuralTextures__270_297,1,ff-c23,NeuralTextures,train,8
ff-c23__NeuralTextures__100_077,1,ff-c23,NeuralTextures,holdout,8
ff-c23__NeuralTextures__598_178,1,ff-c23,NeuralTextures,train,8
ff-c23__NeuralTextures__948_965,1,ff-c23,NeuralTextures,train,8
ff-c23__NeuralTextures__747_854,1,ff-c23,NeuralTextures,train,8
ff-c23__NeuralTextures__654_648,1,ff-c23,NeuralTextures,test,8
ff-c23__NeuralTextures__949_868,1,ff-c23,NeuralTextures,train,8
ff-c23__NeuralTextures__665_679,1,ff-c23,NeuralTextures,val,8
ff-c23__NeuralTextures__652_773,1,ff-c23,NeuralTextures,holdout,8
ff-c23__NeuralTextures__969_897,1,ff-c23,NeuralTextures,train,8
ff-c23__NeuralTextures__343_363,1,ff-c23,NeuralTextures,train,8
ff-c23__NeuralTextures__495_512,1,ff-c23,NeuralTextures,holdout,8
ff-c23__NeuralTextures__807_273,1,ff-c23,NeuralTextures,train,8
ff-c23__NeuralTextures__284_263,1,ff-c23,NeuralTextures,holdout,8
ff-c23__NeuralTextures__358_380,1,ff-c23,NeuralTextures,train,8
ff-c23__NeuralTextures__009_027,1,ff-c23,NeuralTextures,test,8
ff-c23__NeuralTextures__038_125,1,ff-c23,NeuralTextures,train,8
ff-c23__NeuralTextures__489_022,1,ff-c23,NeuralTextures,test,8
ff-c23__NeuralTextures__014_790,1,ff-c23,NeuralTextures,train,8
ff-c23__NeuralTextures__407_374,1,ff-c23,NeuralTextures,val,8
ff-c23__NeuralTextures__071_054,1,ff-c23,NeuralTextures,train,8
ff-c23__NeuralTextures__637_427,1,ff-c23,NeuralTextures,train,8
ff-c23__NeuralTextures__378_368,1,ff-c23,NeuralTextures,train,8
ff-c23__NeuralTextures__538_493,1,ff-c23,NeuralTextures,test,8
ff-c23__NeuralTextures__490_534,1,ff-c23,NeuralTextures,train,8
ff-c23__NeuralTextures__694_767,1,ff-c23,NeuralTextures,test,8
ff-c23__NeuralTextures__865_739,1,ff-c23,NeuralTextures,holdout,8
ff-c23__NeuralTextures__328_320,1,ff-c23,NeuralTextures,train,8
ff-c23__NeuralTextures__013_883,1,ff-c23,NeuralTextures,train,8
ff-c23__NeuralTextures__468_470,1,ff-c23,NeuralTextures,val,8
ff-c23__NeuralTextures__365_307,1,ff-c23,NeuralTextures,val,8
ff-c23__NeuralTextures__786_819,1,ff-c23,NeuralTextures,holdout,8
ff-c23__NeuralTextures__190_176,1,ff-c23,NeuralTextures,train,8
ff-c23__NeuralTextures__839_864,1,ff-c23,NeuralTextures,holdout,8
ff-c23__NeuralTextures__390_709,1,ff-c23,NeuralTextures,holdout,8
ff-c23__NeuralTextures__456_435,1,ff-c23,NeuralTextures,val,8
ff-c23__NeuralTextures__452_550,1,ff-c23,NeuralTextures,train,8
ff-c23__NeuralTextures__436_526,1,ff-c23,NeuralTextures,train,8
ff-c23__NeuralTextures__734_699,1,ff-c23,NeuralTextures,train,8
ff-c23__NeuralTextures__094_111,1,ff-c23,NeuralTextures,train,8
ff-c23__NeuralTextures__623_630,1,ff-c23,NeuralTextures,train,8
ff-c23__NeuralTextures__132_007,1,ff-c23,NeuralTextures,train,8
ff-c23__NeuralTextures__235_194,1,ff-c23,NeuralTextures,train,8
ff-c23__NeuralTextures__248_232,1,ff-c23,NeuralTextures,train,8
ff-c23__NeuralTextures__295_099,1,ff-c23,NeuralTextures,train,8
ff-c23__NeuralTextures__465_482,1,ff-c23,NeuralTextures,train,8
ff-c23__NeuralTextures__281_474,1,ff-c23,NeuralTextures,train,8
ff-c23__NeuralTextures__927_912,1,ff-c23,NeuralTextures,test,8
ff-c23__NeuralTextures__674_744,1,ff-c23,NeuralTextures,train,8
ff-c23__NeuralTextures__564_971,1,ff-c23,NeuralTextures,train,8
ff-c23__NeuralTextures__083_213,1,ff-c23,NeuralTextures,train,8
ff-c23__NeuralTextures__603_575,1,ff-c23,NeuralTextures,train,8
ff-c23__NeuralTextures__850_764,1,ff-c23,NeuralTextures,train,8
ff-c23__NeuralTextures__794_779,1,ff-c23,NeuralTextures,train,8
ff-c23__NeuralTextures__501_326,1,ff-c23,NeuralTextures,train,8
ff-c23__NeuralTextures__402_453,1,ff-c23,NeuralTextures,holdout,8
ff-c23__NeuralTextures__576_155,1,ff-c23,NeuralTextures,train,8
ff-c23__NeuralTextures__112_892,1,ff-c23,NeuralTextures,train,8
ff-c23__NeuralTextures__656_666,1,ff-c23,NeuralTextures,train,8
ff-c23__NeuralTextures__754_758,1,ff-c23,NeuralTextures,train,8
ff-c23__NeuralTextures__455_471,1,ff-c23,NeuralTextures,train,8
ff-c23__NeuralTextures__411_410,1,ff-c23,NeuralTextures,train,8
ff-c23__NeuralTextures__987_938,1,ff-c23,NeuralTextures,train,8
ff-c23__NeuralTextures__416_342,1,ff-c23,NeuralTextures,holdout,8
ff-c23__NeuralTextures__719_737,1,ff-c23,NeuralTextures,train,8
ff-c23__NeuralTextures__113_983,1,ff-c23,NeuralTextures,val,8
ff-c23__NeuralTextures__428_466,1,ff-c23,NeuralTextures,val,8
ff-c23__NeuralTextures__364_440,1,ff-c23,NeuralTextures,train,8
ff-c23__NeuralTextures__679_665,1,ff-c23,NeuralTextures,test,8
ff-c23__NeuralTextures__874_291,1,ff-c23,NeuralTextures,test,8
ff-c23__NeuralTextures__233_995,1,ff-c23,NeuralTextures,train,8
ff-c23__NeuralTextures__492_325,1,ff-c23,NeuralTextures,train,8
ff-c23__NeuralTextures__770_791,1,ff-c23,NeuralTextures,test,8
ff-c23__NeuralTextures__870_001,1,ff-c23,NeuralTextures,train,8
ff-c23__NeuralTextures__616_614,1,ff-c23,NeuralTextures,val,8
ff-c23__NeuralTextures__684_717,1,ff-c23,NeuralTextures,val,8
ff-c23__NeuralTextures__609_596,1,ff-c23,NeuralTextures,train,8
ff-c23__NeuralTextures__871_814,1,ff-c23,NeuralTextures,train,8
ff-c23__NeuralTextures__714_842,1,ff-c23,NeuralTextures,train,8
ff-c23__NeuralTextures__878_866,1,ff-c23,NeuralTextures,train,8
ff-c23__NeuralTextures__989_993,1,ff-c23,NeuralTextures,train,8
ff-c23__NeuralTextures__796_740,1,ff-c23,NeuralTextures,train,8
ff-c23__NeuralTextures__893_913,1,ff-c23,NeuralTextures,train,8
ff-c23__NeuralTextures__952_882,1,ff-c23,NeuralTextures,train,8
ff-c23__NeuralTextures__181_199,1,ff-c23,NeuralTextures,val,8
ff-c23__NeuralTextures__141_161,1,ff-c23,NeuralTextures,train,8
ff-c23__NeuralTextures__093_121,1,ff-c23,NeuralTextures,train,8
ff-c23__NeuralTextures__398_457,1,ff-c23,NeuralTextures,train,8
ff-c23__NeuralTextures__293_296,1,ff-c23,NeuralTextures,holdout,8
ff-c23__NeuralTextures__446_667,1,ff-c23,NeuralTextures,train,8
ff-c23__NeuralTextures__200_189,1,ff-c23,NeuralTextures,train,8
ff-c23__NeuralTextures__995_233,1,ff-c23,NeuralTextures,train,8
ff-c23__NeuralTextures__717_684,1,ff-c23,NeuralTextures,train,8
ff-c23__NeuralTextures__475_265,1,ff-c23,NeuralTextures,train,8
ff-c23__NeuralTextures__289_228,1,ff-c23,NeuralTextures,val,8
ff-c23__NeuralTextures__935_733,1,ff-c23,NeuralTextures,train,8
ff-c23__NeuralTextures__903_792,1,ff-c23,NeuralTextures,val,8
ff-c23__NeuralTextures__471_455,1,ff-c23,NeuralTextures,train,8
ff-c23__NeuralTextures__422_695,1,ff-c23,NeuralTextures,val,8
ff-c23__NeuralTextures__317_359,1,ff-c23,NeuralTextures,train,8
ff-c23__NeuralTextures__178_598,1,ff-c23,NeuralTextures,train,8
ff-c23__NeuralTextures__000_003,1,ff-c23,NeuralTextures,val,8
ff-c23__NeuralTextures__890_837,1,ff-c23,NeuralTextures,train,8
ff-c23__NeuralTextures__758_754,1,ff-c23,NeuralTextures,train,8
ff-c23__NeuralTextures__972_718,1,ff-c23,NeuralTextures,train,8
ff-c23__NeuralTextures__508_831,1,ff-c23,NeuralTextures,train,8
ff-c23__NeuralTextures__374_407,1,ff-c23,NeuralTextures,train,8
ff-c23__NeuralTextures__819_786,1,ff-c23,NeuralTextures,train,8
ff-c23__NeuralTextures__643_646,1,ff-c23,NeuralTextures,val,8
ff-c23__NeuralTextures__934_918,1,ff-c23,NeuralTextures,train,8
ff-c23__NeuralTextures__384_932,1,ff-c23,NeuralTextures,holdout,8
ff-c23__NeuralTextures__486_680,1,ff-c23,NeuralTextures,train,8
ff-c23__NeuralTextures__607_683,1,ff-c23,NeuralTextures,test,8
ff-c23__NeuralTextures__174_964,1,ff-c23,NeuralTextures,train,8
ff-c23__NeuralTextures__539_499,1,ff-c23,NeuralTextures,holdout,8
ff-c23__NeuralTextures__021_312,1,ff-c23,NeuralTextures,train,8
ff-c23__NeuralTextures__953_974,1,ff-c23,NeuralTextures,train,8
ff-c23__NeuralTextures__696_686,1,ff-c23,NeuralTextures,train,8
ff-c23__NeuralTextures__543_559,1,ff-c23,NeuralTextures,train,8
ff-c23__NeuralTextures__530_594,1,ff-c23,NeuralTextures,test,8
ff-c23__NeuralTextures__273_807,1,ff-c23,NeuralTextures,train,8
ff-c23__NeuralTextures__956_958,1,ff-c23,NeuralTextures,train,8
ff-c23__NeuralTextures__528_510,1,ff-c23,NeuralTextures,train,8
ff-c23__NeuralTextures__176_190,1,ff-c23,NeuralTextures,train,8
ff-c23__NeuralTextures__872_873,1,ff-c23,NeuralTextures,train,8
ff-c23__NeuralTextures__940_941,1,ff-c23,NeuralTextures,train,8
ff-c23__NeuralTextures__149_152,1,ff-c23,NeuralTextures,holdout,8
ff-c23__NeuralTextures__086_090,1,ff-c23,NeuralTextures,test,8
ff-c23__NeuralTextures__128_896,1,ff-c23,NeuralTextures,train,8
ff-c23__NeuralTextures__974_953,1,ff-c23,NeuralTextures,holdout,8
ff-c23__NeuralTextures__701_579,1,ff-c23,NeuralTextures,train,8
ff-c23__NeuralTextures__191_188,1,ff-c23,NeuralTextures,train,8
ff-c23__NeuralTextures__867_765,1,ff-c23,NeuralTextures,test,8
ff-c23__NeuralTextures__676_776,1,ff-c23,NeuralTextures,val,8
ff-c23__NeuralTextures__326_501,1,ff-c23,NeuralTextures,train,8
ff-c23__NeuralTextures__152_149,1,ff-c23,NeuralTextures,train,8
ff-c23__NeuralTextures__824_419,1,ff-c23,NeuralTextures,train,8
ff-c23__NeuralTextures__556_588,1,ff-c23,NeuralTextures,train,8
ff-c23__NeuralTextures__028_068,1,ff-c23,NeuralTextures,train,8
ff-c23__NeuralTextures__166_167,1,ff-c23,NeuralTextures,holdout,8
ff-c23__NeuralTextures__032_944,1,ff-c23,NeuralTextures,train,8
ff-c23__NeuralTextures__399_488,1,ff-c23,NeuralTextures,train,8
ff-c23__NeuralTextures__944_032,1,ff-c23,NeuralTextures,train,8
ff-c23__NeuralTextures__664_668,1,ff-c23,NeuralTextures,train,8
ff-c23__NeuralTextures__686_696,1,ff-c23,NeuralTextures,train,8
ff-c23__NeuralTextures__561_998,1,ff-c23,NeuralTextures,val,8
ff-c23__NeuralTextures__834_852,1,ff-c23,NeuralTextures,train,8
ff-c23__NeuralTextures__260_331,1,ff-c23,NeuralTextures,train,8
ff-c23__NeuralTextures__035_036,1,ff-c23,NeuralTextures,train,8
ff-c23__NeuralTextures__304_300,1,ff-c23,NeuralTextures,train,8
ff-c23__NeuralTextures__685_613,1,ff-c23,NeuralTextures,holdout,8
ff-c23__NeuralTextures__488_399,1,ff-c23,NeuralTextures,val,8
ff-c23__NeuralTextures__608_675,1,ff-c23,NeuralTextures,train,8
ff-c23__NeuralTextures__930_763,1,ff-c23,NeuralTextures,train,8
ff-c23__NeuralTextures__140_143,1,ff-c23,NeuralTextures,train,8
ff-c23__NeuralTextures__437_360,1,ff-c23,NeuralTextures,train,8
ff-c23__NeuralTextures__312_021,1,ff-c23,NeuralTextures,test,8
ff-c23__NeuralTextures__876_891,1,ff-c23,NeuralTextures,test,8
ff-c23__NeuralTextures__427_637,1,ff-c23,NeuralTextures,train,8
ff-c23__NeuralTextures__321_288,1,ff-c23,NeuralTextures,train,8
ff-c23__NeuralTextures__090_086,1,ff-c23,NeuralTextures,train,8
ff-c23__NeuralTextures__352_319,1,ff-c23,NeuralTextures,train,8
ff-c23__NeuralTextures__519_515,1,ff-c23,NeuralTextures,train,8
ff-c23__NeuralTextures__271_264,1,ff-c23,NeuralTextures,train,8
ff-c23__NeuralTextures__294_292,1,ff-c23,NeuralTextures,train,8
ff-c23__NeuralTextures__975_978,1,ff-c23,NeuralTextures,val,8
ff-c23__NeuralTextures__473_366,1,ff-c23,NeuralTextures,train,8
ff-c23__NeuralTextures__250_461,1,ff-c23,NeuralTextures,test,8
ff-c23__NeuralTextures__463_464,1,ff-c23,NeuralTextures,train,8
ff-c23__NeuralTextures__319_352,1,ff-c23,NeuralTextures,train,8
ff-c23__NeuralTextures__559_543,1,ff-c23,NeuralTextures,train,8
ff-c23__NeuralTextures__048_029,1,ff-c23,NeuralTextures,test,8
ff-c23__NeuralTextures__058_039,1,ff-c23,NeuralTextures,train,8
ff-c23__NeuralTextures__869_780,1,ff-c23,NeuralTextures,train,8
ff-c23__NeuralTextures__006_002,1,ff-c23,NeuralTextures,train,8
ff-c23__NeuralTextures__831_508,1,ff-c23,NeuralTextures,train,8
ff-c23__NeuralTextures__075_977,1,ff-c23,NeuralTextures,train,8
ff-c23__NeuralTextures__278_306,1,ff-c23,NeuralTextures,train,8
ff-c23__NeuralTextures__419_824,1,ff-c23,NeuralTextures,train,8
ff-c23__NeuralTextures__391_406,1,ff-c23,NeuralTextures,train,8
ff-c23__NeuralTextures__703_604,1,ff-c23,NeuralTextures,train,8
ff-c23__NeuralTextures__157_245,1,ff-c23,NeuralTextures,train,8
ff-c23__NeuralTextures__175_159,1,ff-c23,NeuralTextures,train,8
ff-c23__NeuralTextures__485_425,1,ff-c23,NeuralTextures,train,8
ff-c23__NeuralTextures__563_537,1,ff-c23,NeuralTextures,train,8
ff-c23__NeuralTextures__775_742,1,ff-c23,NeuralTextures,train,8
ff-c23__NeuralTextures__779_794,1,ff-c23,NeuralTextures,train,8
ff-c23__NeuralTextures__801_855,1,ff-c23,NeuralTextures,train,8
ff-c23__NeuralTextures__280_249,1,ff-c23,NeuralTextures,val,8
ff-c23__NeuralTextures__958_956,1,ff-c23,NeuralTextures,holdout,8
ff-c23__NeuralTextures__369_316,1,ff-c23,NeuralTextures,train,8
ff-c23__NeuralTextures__203_201,1,ff-c23,NeuralTextures,train,8
ff-c23__NeuralTextures__671_677,1,ff-c23,NeuralTextures,train,8
ff-c23__NeuralTextures__425_485,1,ff-c23,NeuralTextures,val,8
ff-c23__NeuralTextures__725_724,1,ff-c23,NeuralTextures,val,8
ff-c23__NeuralTextures__243_156,1,ff-c23,NeuralTextures,holdout,8
ff-c23__NeuralTextures__227_169,1,ff-c23,NeuralTextures,val,8
ff-c23__NeuralTextures__797_844,1,ff-c23,NeuralTextures,holdout,8
ff-c23__NeuralTextures__658_627,1,ff-c23,NeuralTextures,holdout,8
ff-c23__NeuralTextures__924_917,1,ff-c23,NeuralTextures,train,8
ff-c23__NeuralTextures__434_438,1,ff-c23,NeuralTextures,train,8
ff-c23__NeuralTextures__617_566,1,ff-c23,NeuralTextures,train,8
ff-c23__NeuralTextures__896_128,1,ff-c23,NeuralTextures,train,8
ff-c23__NeuralTextures__372_413,1,ff-c23,NeuralTextures,train,8
ff-c23__NeuralTextures__621_546,1,ff-c23,NeuralTextures,test,8
ff-c23__NeuralTextures__677_671,1,ff-c23,NeuralTextures,train,8
ff-c23__NeuralTextures__649_816,1,ff-c23,NeuralTextures,train,8
ff-c23__NeuralTextures__884_968,1,ff-c23,NeuralTextures,holdout,8
ff-c23__NeuralTextures__483_370,1,ff-c23,NeuralTextures,train,8
ff-c23__NeuralTextures__259_345,1,ff-c23,NeuralTextures,train,8
ff-c23__NeuralTextures__502_504,1,ff-c23,NeuralTextures,val,8
ff-c23__NeuralTextures__570_624,1,ff-c23,NeuralTextures,train,8
ff-c23__NeuralTextures__111_094,1,ff-c23,NeuralTextures,train,8
ff-c23__NeuralTextures__863_853,1,ff-c23,NeuralTextures,holdout,8
ff-c23__NeuralTextures__156_243,1,ff-c23,NeuralTextures,train,8
ff-c23__NeuralTextures__525_509,1,ff-c23,NeuralTextures,train,8
ff-c23__NeuralTextures__223_586,1,ff-c23,NeuralTextures,train,8
ff-c23__NeuralTextures__916_783,1,ff-c23,NeuralTextures,train,8
ff-c23__NeuralTextures__785_736,1,ff-c23,NeuralTextures,val,8
ff-c23__NeuralTextures__790_014,1,ff-c23,NeuralTextures,train,8
ff-c23__NeuralTextures__367_371,1,ff-c23,NeuralTextures,train,8
ff-c23__NeuralTextures__708_772,1,ff-c23,NeuralTextures,holdout,8
ff-c23__NeuralTextures__947_951,1,ff-c23,NeuralTextures,train,8
ff-c23__NeuralTextures__439_441,1,ff-c23,NeuralTextures,val,8
ff-c23__NeuralTextures__846_845,1,ff-c23,NeuralTextures,train,8
ff-c23__NeuralTextures__817_827,1,ff-c23,NeuralTextures,train,8
ff-c23__NeuralTextures__644_657,1,ff-c23,NeuralTextures,train,8
ff-c23__NeuralTextures__906_847,1,ff-c23,NeuralTextures,train,8
ff-c23__NeuralTextures__287_426,1,ff-c23,NeuralTextures,test,8
ff-c23__NeuralTextures__232_248,1,ff-c23,NeuralTextures,test,8
ff-c23__NeuralTextures__131_518,1,ff-c23,NeuralTextures,train,8
ff-c23__NeuralTextures__153_150,1,ff-c23,NeuralTextures,train,8
ff-c23__NeuralTextures__931_936,1,ff-c23,NeuralTextures,train,8
ff-c23__NeuralTextures__792_903,1,ff-c23,NeuralTextures,train,8
ff-c23__NeuralTextures__202_348,1,ff-c23,NeuralTextures,train,8
ff-c23__NeuralTextures__666_656,1,ff-c23,NeuralTextures,train,8
ff-c23__NeuralTextures__832_762,1,ff-c23,NeuralTextures,train,8
ff-c23__NeuralTextures__737_719,1,ff-c23,NeuralTextures,train,8
ff-c23__NeuralTextures__001_870,1,ff-c23,NeuralTextures,holdout,8
ff-c23__NeuralTextures__782_787,1,ff-c23,NeuralTextures,train,8
ff-c23__NeuralTextures__103_082,1,ff-c23,NeuralTextures,train,8
ff-c23__NeuralTextures__929_962,1,ff-c23,NeuralTextures,train,8
ff-c23__NeuralTextures__963_879,1,ff-c23,NeuralTextures,train,8
ff-c23__NeuralTextures__845_846,1,ff-c23,NeuralTextures,test,8
ff-c23__NeuralTextures__272_396,1,ff-c23,NeuralTextures,train,8
ff-c23__NeuralTextures__143_140,1,ff-c23,NeuralTextures,train,8
ff-c23__NeuralTextures__610_692,1,ff-c23,NeuralTextures,holdout,8
ff-c23__NeuralTextures__567_606,1,ff-c23,NeuralTextures,train,8
ff-c23__NeuralTextures__244_822,1,ff-c23,NeuralTextures,test,8
ff-c23__NeuralTextures__516_555,1,ff-c23,NeuralTextures,train,8
ff-c23__NeuralTextures__918_934,1,ff-c23,NeuralTextures,train,8
ff-c23__NeuralTextures__515_519,1,ff-c23,NeuralTextures,val,8
ff-c23__NeuralTextures__854_747,1,ff-c23,NeuralTextures,train,8
ff-c23__NeuralTextures__192_134,1,ff-c23,NeuralTextures,train,8
ff-c23__NeuralTextures__780_869,1,ff-c23,NeuralTextures,train,8
ff-c23__NeuralTextures__137_165,1,ff-c23,NeuralTextures,val,8
ff-c23__NeuralTextures__134_192,1,ff-c23,NeuralTextures,train,8
ff-c23__NeuralTextures__299_145,1,ff-c23,NeuralTextures,train,8
ff-c23__NeuralTextures__036_035,1,ff-c23,NeuralTextures,holdout,8
ff-c23__NeuralTextures__242_182,1,ff-c23,NeuralTextures,train,8
ff-c23__NeuralTextures__477_487,1,ff-c23,NeuralTextures,train,8
ff-c23__NeuralTextures__076_079,1,ff-c23,NeuralTextures,train,8
ff-c23__NeuralTextures__160_928,1,ff-c23,NeuralTextures,train,8
ff-c23__NeuralTextures__348_202,1,ff-c23,NeuralTextures,train,8
ff-c23__NeuralTextures__897_969,1,ff-c23,NeuralTextures,test,8
ff-c23__NeuralTextures__892_112,1,ff-c23,NeuralTextures,test,8
ff-c23__NeuralTextures__379_158,1,ff-c23,NeuralTextures,train,8
ff-c23__NeuralTextures__776_676,1,ff-c23,NeuralTextures,val,8
ff-c23__NeuralTextures__164_216,1,ff-c23,NeuralTextures,val,8
ff-c23__NeuralTextures__605_591,1,ff-c23,NeuralTextures,train,8
ff-c23__NeuralTextures__426_287,1,ff-c23,NeuralTextures,train,8
ff-c23__NeuralTextures__678_460,1,ff-c23,NeuralTextures,train,8
ff-c23__NeuralTextures__114_102,1,ff-c23,NeuralTextures,train,8
ff-c23__NeuralTextures__347_314,1,ff-c23,NeuralTextures,train,8
ff-c23__NeuralTextures__385_414,1,ff-c23,NeuralTextures,train,8
ff-c23__NeuralTextures__533_450,1,ff-c23,NeuralTextures,val,8
ff-c23__NeuralTextures__787_782,1,ff-c23,NeuralTextures,test,8
ff-c23__NeuralTextures__215_208,1,ff-c23,NeuralTextures,test,8
ff-c23__NeuralTextures__838_810,1,ff-c23,NeuralTextures,test,8
ff-c23__NeuralTextures__999_960,1,ff-c23,NeuralTextures,train,8
ff-c23__NeuralTextures__558_583,1,ff-c23,NeuralTextures,train,8
ff-c23__NeuralTextures__057_070,1,ff-c23,NeuralTextures,train,8
ff-c23__NeuralTextures__803_017,1,ff-c23,NeuralTextures,train,8
ff-c23__NeuralTextures__619_620,1,ff-c23,NeuralTextures,train,8
ff-c23__NeuralTextures__393_405,1,ff-c23,NeuralTextures,test,8
ff-c23__NeuralTextures__162_330,1,ff-c23,NeuralTextures,val,8
ff-c23__NeuralTextures__124_085,1,ff-c23,NeuralTextures,val,8
ff-c23__NeuralTextures__298_279,1,ff-c23,NeuralTextures,train,8
ff-c23__NeuralTextures__881_856,1,ff-c23,NeuralTextures,train,8
ff-c23__NeuralTextures__942_943,1,ff-c23,NeuralTextures,train,8
ff-c23__NeuralTextures__629_618,1,ff-c23,NeuralTextures,train,8
ff-c23__NeuralTextures__981_985,1,ff-c23,NeuralTextures,test,8
ff-c23__NeuralTextures__249_280,1,ff-c23,NeuralTextures,holdout,8
ff-c23__NeuralTextures__008_990,1,ff-c23,NeuralTextures,train,8
ff-c23__NeuralTextures__329_327,1,ff-c23,NeuralTextures,train,8
ff-c23__NeuralTextures__448_361,1,ff-c23,NeuralTextures,val,8
ff-c23__NeuralTextures__951_947,1,ff-c23,NeuralTextures,train,8
ff-c23__NeuralTextures__024_073,1,ff-c23,NeuralTextures,train,8
ff-c23__NeuralTextures__848_894,1,ff-c23,NeuralTextures,train,8
ff-c23__NeuralTextures__220_219,1,ff-c23,NeuralTextures,test,8
ff-c23__NeuralTextures__353_383,1,ff-c23,NeuralTextures,train,8
ff-c23__NeuralTextures__612_702,1,ff-c23,NeuralTextures,train,8
ff-c23__NeuralTextures__159_175,1,ff-c23,NeuralTextures,train,8
ff-c23__NeuralTextures__806_781,1,ff-c23,NeuralTextures,train,8
ff-c23__NeuralTextures__310_196,1,ff-c23,NeuralTextures,holdout,8
ff-c23__NeuralTextures__955_078,1,ff-c23,NeuralTextures,train,8
ff-c23__NeuralTextures__424_408,1,ff-c23,NeuralTextures,test,8
ff-c23__NeuralTextures__139_130,1,ff-c23,NeuralTextures,test,8
ff-c23__NeuralTextures__585_599,1,ff-c23,NeuralTextures,test,8
ff-c23__NeuralTextures__218_239,1,ff-c23,NeuralTextures,train,8
ff-c23__NeuralTextures__503_756,1,ff-c23,NeuralTextures,train,8
ff-c23__NeuralTextures__255_214,1,ff-c23,NeuralTextures,train,8
ff-c23__NeuralTextures__745_777,1,ff-c23,NeuralTextures,train,8
ff-c23__NeuralTextures__183_253,1,ff-c23,NeuralTextures,holdout,8
ff-c23__NeuralTextures__151_225,1,ff-c23,NeuralTextures,test,8
ff-c23__NeuralTextures__267_286,1,ff-c23,NeuralTextures,val,8
ff-c23__NeuralTextures__625_650,1,ff-c23,NeuralTextures,train,8
ff-c23__NeuralTextures__704_723,1,ff-c23,NeuralTextures,train,8
ff-c23__NeuralTextures__368_378,1,ff-c23,NeuralTextures,train,8
ff-c23__NeuralTextures__308_388,1,ff-c23,NeuralTextures,holdout,8
ff-c23__NeuralTextures__354_362,1,ff-c23,NeuralTextures,train,8
ff-c23__NeuralTextures__147_055,1,ff-c23,NeuralTextures,train,8
ff-c23__NeuralTextures__077_100,1,ff-c23,NeuralTextures,train,8
ff-c23__NeuralTextures__010_005,1,ff-c23,NeuralTextures,train,8
ff-c23__NeuralTextures__429_404,1,ff-c23,NeuralTextures,train,8
ff-c23__NeuralTextures__844_797,1,ff-c23,NeuralTextures,train,8
ff-c23__NeuralTextures__412_274,1,ff-c23,NeuralTextures,test,8
ff-c23__NeuralTextures__282_238,1,ff-c23,NeuralTextures,train,8
ff-c23__NeuralTextures__117_217,1,ff-c23,NeuralTextures,train,8
ff-c23__NeuralTextures__335_277,1,ff-c23,NeuralTextures,train,8
ff-c23__NeuralTextures__640_638,1,ff-c23,NeuralTextures,train,8
ff-c23__NeuralTextures__642_635,1,ff-c23,NeuralTextures,val,8
ff-c23__NeuralTextures__115_939,1,ff-c23,NeuralTextures,train,8
ff-c23__NeuralTextures__511_472,1,ff-c23,NeuralTextures,train,8
ff-c23__NeuralTextures__913_893,1,ff-c23,NeuralTextures,train,8
ff-c23__NeuralTextures__802_885,1,ff-c23,NeuralTextures,test,8
ff-c23__NeuralTextures__769_784,1,ff-c23,NeuralTextures,train,8
ff-c23__NeuralTextures__554_572,1,ff-c23,NeuralTextures,val,8
ff-c23__NeuralTextures__594_530,1,ff-c23,NeuralTextures,train,8
ff-c23__NeuralTextures__458_722,1,ff-c23,NeuralTextures,val,8
ff-c23__NeuralTextures__971_564,1,ff-c23,NeuralTextures,train,8
ff-c23__NeuralTextures__409_382,1,ff-c23,NeuralTextures,test,8
ff-c23__NeuralTextures__699_734,1,ff-c23,NeuralTextures,train,8
ff-c23__NeuralTextures__067_025,1,ff-c23,NeuralTextures,train,8
ff-c23__NeuralTextures__263_284,1,ff-c23,NeuralTextures,train,8
ff-c23__NeuralTextures__618_629,1,ff-c23,NeuralTextures,train,8
ff-c23__NeuralTextures__732_691,1,ff-c23,NeuralTextures,test,8
ff-c23__NeuralTextures__843_859,1,ff-c23,NeuralTextures,train,8
ff-c23__NeuralTextures__923_023,1,ff-c23,NeuralTextures,val,8
ff-c23__NeuralTextures__031_163,1,ff-c23,NeuralTextures,train,8
ff-c23__NeuralTextures__053_095,1,ff-c23,NeuralTextures,train,8
ff-c23__NeuralTextures__078_955,1,ff-c23,NeuralTextures,train,8
ff-c23__NeuralTextures__357_432,1,ff-c23,NeuralTextures,train,8
ff-c23__NeuralTextures__494_445,1,ff-c23,NeuralTextures,train,8
ff-c23__NeuralTextures__798_778,1,ff-c23,NeuralTextures,train,8
ff-c23__NeuralTextures__522_337,1,ff-c23,NeuralTextures,train,8
ff-c23__NeuralTextures__895_915,1,ff-c23,NeuralTextures,train,8
ff-c23__NeuralTextures__449_451,1,ff-c23,NeuralTextures,train,8
ff-c23__NeuralTextures__046_904,1,ff-c23,NeuralTextures,train,8
ff-c23__NeuralTextures__097_033,1,ff-c23,NeuralTextures,train,8
ff-c23__NeuralTextures__106_198,1,ff-c23,NeuralTextures,train,8
ff-c23__NeuralTextures__096_101,1,ff-c23,NeuralTextures,test,8
ff-c23__NeuralTextures__180_105,1,ff-c23,NeuralTextures,train,8
ff-c23__NeuralTextures__829_808,1,ff-c23,NeuralTextures,train,8
ff-c23__NeuralTextures__195_442,1,ff-c23,NeuralTextures,train,8
ff-c23__NeuralTextures__920_811,1,ff-c23,NeuralTextures,train,8
ff-c23__NeuralTextures__064_991,1,ff-c23,NeuralTextures,train,8
ff-c23__NeuralTextures__693_698,1,ff-c23,NeuralTextures,train,8
ff-c23__NeuralTextures__905_860,1,ff-c23,NeuralTextures,train,8
ff-c23__NeuralTextures__387_311,1,ff-c23,NeuralTextures,val,8
ff-c23__NeuralTextures__380_358,1,ff-c23,NeuralTextures,holdout,8
ff-c23__NeuralTextures__604_703,1,ff-c23,NeuralTextures,train,8
ff-c23__NeuralTextures__541_523,1,ff-c23,NeuralTextures,train,8
ff-c23__NeuralTextures__360_437,1,ff-c23,NeuralTextures,holdout,8
ff-c23__NeuralTextures__016_209,1,ff-c23,NeuralTextures,train,8
ff-c23__NeuralTextures__518_131,1,ff-c23,NeuralTextures,train,8
ff-c23__NeuralTextures__025_067,1,ff-c23,NeuralTextures,train,8
ff-c23__FaceShifter__336_338,1,ff-c23,FaceShifter,train,8
ff-c23__FaceShifter__917_924,1,ff-c23,FaceShifter,train,8
ff-c23__FaceShifter__297_270,1,ff-c23,FaceShifter,train,8
ff-c23__FaceShifter__692_610,1,ff-c23,FaceShifter,train,8
ff-c23__FaceShifter__179_212,1,ff-c23,FaceShifter,holdout,8
ff-c23__FaceShifter__936_931,1,ff-c23,FaceShifter,holdout,8
ff-c23__FaceShifter__392_339,1,ff-c23,FaceShifter,train,8
ff-c23__FaceShifter__415_484,1,ff-c23,FaceShifter,train,8
ff-c23__FaceShifter__601_653,1,ff-c23,FaceShifter,train,8
ff-c23__FaceShifter__261_254,1,ff-c23,FaceShifter,train,8
ff-c23__FaceShifter__651_835,1,ff-c23,FaceShifter,holdout,8
ff-c23__FaceShifter__588_556,1,ff-c23,FaceShifter,train,8
ff-c23__FaceShifter__724_725,1,ff-c23,FaceShifter,holdout,8
ff-c23__FaceShifter__003_000,1,ff-c23,FaceShifter,test,8
ff-c23__FaceShifter__982_004,1,ff-c23,FaceShifter,holdout,8
ff-c23__FaceShifter__105_180,1,ff-c23,FaceShifter,train,8
ff-c23__FaceShifter__784_769,1,ff-c23,FaceShifter,train,8
ff-c23__FaceShifter__345_259,1,ff-c23,FaceShifter,test,8
ff-c23__FaceShifter__902_901,1,ff-c23,FaceShifter,train,8
ff-c23__FaceShifter__835_651,1,ff-c23,FaceShifter,holdout,8
ff-c23__FaceShifter__026_012,1,ff-c23,FaceShifter,holdout,8
ff-c23__FaceShifter__540_536,1,ff-c23,FaceShifter,train,8
ff-c23__FaceShifter__241_210,1,ff-c23,FaceShifter,val,8
ff-c23__FaceShifter__039_058,1,ff-c23,FaceShifter,test,8
ff-c23__FaceShifter__552_851,1,ff-c23,FaceShifter,train,8
ff-c23__FaceShifter__171_173,1,ff-c23,FaceShifter,train,8
ff-c23__FaceShifter__030_193,1,ff-c23,FaceShifter,train,8
ff-c23__FaceShifter__270_297,1,ff-c23,FaceShifter,train,8
ff-c23__FaceShifter__925_933,1,ff-c23,FaceShifter,val,8
ff-c23__FaceShifter__948_965,1,ff-c23,FaceShifter,train,8
ff-c23__FaceShifter__964_174,1,ff-c23,FaceShifter,train,8
ff-c23__FaceShifter__654_648,1,ff-c23,FaceShifter,test,8
ff-c23__FaceShifter__949_868,1,ff-c23,FaceShifter,train,8
ff-c23__FaceShifter__665_679,1,ff-c23,FaceShifter,val,8
ff-c23__FaceShifter__727_729,1,ff-c23,FaceShifter,train,8
ff-c23__FaceShifter__652_773,1,ff-c23,FaceShifter,holdout,8
ff-c23__FaceShifter__435_456,1,ff-c23,FaceShifter,train,8
ff-c23__FaceShifter__969_897,1,ff-c23,FaceShifter,train,8
ff-c23__FaceShifter__072_037,1,ff-c23,FaceShifter,train,8
ff-c23__FaceShifter__343_363,1,ff-c23,FaceShifter,train,8
ff-c23__FaceShifter__472_511,1,ff-c23,FaceShifter,test,8
ff-c23__FaceShifter__066_062,1,ff-c23,FaceShifter,train,8
ff-c23__FaceShifter__038_125,1,ff-c23,FaceShifter,train,8
ff-c23__FaceShifter__756_503,1,ff-c23,FaceShifter,train,8
ff-c23__FaceShifter__014_790,1,ff-c23,FaceShifter,train,8
ff-c23__FaceShifter__407_374,1,ff-c23,FaceShifter,val,8
ff-c23__FaceShifter__251_375,1,ff-c23,FaceShifter,train,8
ff-c23__FaceShifter__071_054,1,ff-c23,FaceShifter,train,8
ff-c23__FaceShifter__637_427,1,ff-c23,FaceShifter,train,8
ff-c23__FaceShifter__375_251,1,ff-c23,FaceShifter,train,8
ff-c23__FaceShifter__154_386,1,ff-c23,FaceShifter,train,8
ff-c23__FaceShifter__681_711,1,ff-c23,FaceShifter,train,8
ff-c23__FaceShifter__378_368,1,ff-c23,FaceShifter,train,8
ff-c23__FaceShifter__145_299,1,ff-c23,FaceShifter,test,8
ff-c23__FaceShifter__538_493,1,ff-c23,FaceShifter,test,8
ff-c23__FaceShifter__490_534,1,ff-c23,FaceShifter,train,8
ff-c23__FaceShifter__865_739,1,ff-c23,FaceShifter,holdout,8
ff-c23__FaceShifter__328_320,1,ff-c23,FaceShifter,train,8
ff-c23__FaceShifter__405_393,1,ff-c23,FaceShifter,test,8
ff-c23__FaceShifter__840_800,1,ff-c23,FaceShifter,train,8
ff-c23__FaceShifter__469_481,1,ff-c23,FaceShifter,train,8
ff-c23__FaceShifter__122_144,1,ff-c23,FaceShifter,train,8
ff-c23__FaceShifter__786_819,1,ff-c23,FaceShifter,holdout,8
ff-c23__FaceShifter__537_563,1,ff-c23,FaceShifter,test,8
ff-c23__FaceShifter__316_369,1,ff-c23,FaceShifter,train,8
ff-c23__FaceShifter__839_864,1,ff-c23,FaceShifter,holdout,8
ff-c23__FaceShifter__966_988,1,ff-c23,FaceShifter,holdout,8
ff-c23__FaceShifter__452_550,1,ff-c23,FaceShifter,train,8
ff-c23__FaceShifter__436_526,1,ff-c23,FaceShifter,train,8
ff-c23__FaceShifter__734_699,1,ff-c23,FaceShifter,train,8
ff-c23__FaceShifter__647_622,1,ff-c23,FaceShifter,holdout,8
ff-c23__FaceShifter__623_630,1,ff-c23,FaceShifter,train,8
ff-c23__FaceShifter__132_007,1,ff-c23,FaceShifter,train,8
ff-c23__FaceShifter__104_126,1,ff-c23,FaceShifter,test,8
ff-c23__FaceShifter__474_281,1,ff-c23,FaceShifter,train,8
ff-c23__FaceShifter__465_482,1,ff-c23,FaceShifter,train,8
ff-c23__FaceShifter__630_623,1,ff-c23,FaceShifter,train,8
ff-c23__FaceShifter__927_912,1,ff-c23,FaceShifter,test,8
ff-c23__FaceShifter__800_840,1,ff-c23,FaceShifter,val,8
ff-c23__FaceShifter__674_744,1,ff-c23,FaceShifter,train,8
ff-c23__FaceShifter__583_558,1,ff-c23,FaceShifter,train,8
ff-c23__FaceShifter__083_213,1,ff-c23,FaceShifter,train,8
ff-c23__FaceShifter__603_575,1,ff-c23,FaceShifter,train,8
ff-c23__FaceShifter__521_517,1,ff-c23,FaceShifter,holdout,8
ff-c23__FaceShifter__794_779,1,ff-c23,FaceShifter,train,8
ff-c23__FaceShifter__288_321,1,ff-c23,FaceShifter,holdout,8
ff-c23__FaceShifter__720_672,1,ff-c23,FaceShifter,train,8
ff-c23__FaceShifter__688_645,1,ff-c23,FaceShifter,train,8
ff-c23__FaceShifter__501_326,1,ff-c23,FaceShifter,train,8
ff-c23__FaceShifter__254_261,1,ff-c23,FaceShifter,train,8
ff-c23__FaceShifter__576_155,1,ff-c23,FaceShifter,train,8
ff-c23__FaceShifter__112_892,1,ff-c23,FaceShifter,train,8
ff-c23__FaceShifter__667_446,1,ff-c23,FaceShifter,holdout,8
ff-c23__FaceShifter__731_741,1,ff-c23,FaceShifter,test,8
ff-c23__FaceShifter__754_758,1,ff-c23,FaceShifter,train,8
ff-c23__FaceShifter__987_938,1,ff-c23,FaceShifter,train,8
ff-c23__FaceShifter__764_850,1,ff-c23,FaceShifter,train,8
ff-c23__FaceShifter__719_737,1,ff-c23,FaceShifter,train,8
ff-c23__FaceShifter__193_030,1,ff-c23,FaceShifter,test,8
ff-c23__FaceShifter__428_466,1,ff-c23,FaceShifter,val,8
ff-c23__FaceShifter__996_056,1,ff-c23,FaceShifter,train,8
ff-c23__FaceShifter__542_520,1,ff-c23,FaceShifter,val,8
ff-c23__FaceShifter__165_137,1,ff-c23,FaceShifter,test,8
ff-c23__FaceShifter__534_490,1,ff-c23,FaceShifter,train,8
ff-c23__FaceShifter__679_665,1,ff-c23,FaceShifter,test,8
ff-c23__FaceShifter__874_291,1,ff-c23,FaceShifter,test,8
ff-c23__FaceShifter__847_906,1,ff-c23,FaceShifter,train,8
ff-c23__FaceShifter__998_561,1,ff-c23,FaceShifter,train,8
ff-c23__FaceShifter__639_841,1,ff-c23,FaceShifter,train,8
ff-c23__FaceShifter__245_157,1,ff-c23,FaceShifter,train,8
ff-c23__FaceShifter__233_995,1,ff-c23,FaceShifter,train,8
ff-c23__FaceShifter__825_074,1,ff-c23,FaceShifter,train,8
ff-c23__FaceShifter__770_791,1,ff-c23,FaceShifter,test,8
ff-c23__FaceShifter__870_001,1,ff-c23,FaceShifter,train,8
ff-c23__FaceShifter__609_596,1,ff-c23,FaceShifter,train,8
ff-c23__FaceShifter__878_866,1,ff-c23,FaceShifter,train,8
ff-c23__FaceShifter__989_993,1,ff-c23,FaceShifter,train,8
ff-c23__FaceShifter__796_740,1,ff-c23,FaceShifter,train,8
ff-c23__FaceShifter__893_913,1,ff-c23,FaceShifter,train,8
ff-c23__FaceShifter__170_186,1,ff-c23,FaceShifter,train,8
ff-c23__FaceShifter__524_580,1,ff-c23,FaceShifter,train,8
ff-c23__FaceShifter__568_628,1,ff-c23,FaceShifter,test,8
ff-c23__FaceShifter__498_433,1,ff-c23,FaceShifter,train,8
ff-c23__FaceShifter__952_882,1,ff-c23,FaceShifter,train,8
ff-c23__FaceShifter__875_979,1,ff-c23,FaceShifter,train,8
ff-c23__FaceShifter__022_489,1,ff-c23,FaceShifter,holdout,8
ff-c23__FaceShifter__687_615,1,ff-c23,FaceShifter,train,8
ff-c23__FaceShifter__325_492,1,ff-c23,FaceShifter,holdout,8
ff-c23__FaceShifter__762_832,1,ff-c23,FaceShifter,train,8
ff-c23__FaceShifter__926_900,1,ff-c23,FaceShifter,train,8
ff-c23__FaceShifter__045_889,1,ff-c23,FaceShifter,train,8
ff-c23__FaceShifter__398_457,1,ff-c23,FaceShifter,train,8
ff-c23__FaceShifter__979_875,1,ff-c23,FaceShifter,train,8
ff-c23__FaceShifter__460_678,1,ff-c23,FaceShifter,train,8
ff-c23__FaceShifter__293_296,1,ff-c23,FaceShifter,holdout,8
ff-c23__FaceShifter__711_681,1,ff-c23,FaceShifter,train,8
ff-c23__FaceShifter__446_667,1,ff-c23,FaceShifter,train,8
ff-c23__FaceShifter__200_189,1,ff-c23,FaceShifter,train,8
ff-c23__FaceShifter__292_294,1,ff-c23,FaceShifter,train,8
ff-c23__FaceShifter__717_684,1,ff-c23,FaceShifter,train,8
ff-c23__FaceShifter__475_265,1,ff-c23,FaceShifter,train,8
ff-c23__FaceShifter__214_255,1,ff-c23,FaceShifter,train,8
ff-c23__FaceShifter__289_228,1,ff-c23,FaceShifter,val,8
ff-c23__FaceShifter__596_609,1,ff-c23,FaceShifter,train,8
ff-c23__FaceShifter__512_495,1,ff-c23,FaceShifter,train,8
ff-c23__FaceShifter__903_792,1,ff-c23,FaceShifter,val,8
ff-c23__FaceShifter__471_455,1,ff-c23,FaceShifter,train,8
ff-c23__FaceShifter__748_355,1,ff-c23,FaceShifter,train,8
ff-c23__FaceShifter__049_946,1,ff-c23,FaceShifter,train,8
ff-c23__FaceShifter__178_598,1,ff-c23,FaceShifter,train,8
ff-c23__FaceShifter__890_837,1,ff-c23,FaceShifter,train,8
ff-c23__FaceShifter__565_589,1,ff-c23,FaceShifter,val,8
ff-c23__FaceShifter__384_932,1,ff-c23,FaceShifter,holdout,8
ff-c23__FaceShifter__486_680,1,ff-c23,FaceShifter,train,8
ff-c23__FaceShifter__087_081,1,ff-c23,FaceShifter,val,8
ff-c23__FaceShifter__607_683,1,ff-c23,FaceShifter,test,8
ff-c23__FaceShifter__939_115,1,ff-c23,FaceShifter,test,8
ff-c23__FaceShifter__696_686,1,ff-c23,FaceShifter,train,8
ff-c23__FaceShifter__219_220,1,ff-c23,FaceShifter,val,8
ff-c23__FaceShifter__868_949,1,ff-c23,FaceShifter,train,8
ff-c23__FaceShifter__530_594,1,ff-c23,FaceShifter,test,8
ff-c23__FaceShifter__273_807,1,ff-c23,FaceShifter,train,8
ff-c23__FaceShifter__956_958,1,ff-c23,FaceShifter,train,8
ff-c23__FaceShifter__504_502,1,ff-c23,FaceShifter,holdout,8
ff-c23__FaceShifter__750_743,1,ff-c23,FaceShifter,train,8
ff-c23__FaceShifter__176_190,1,ff-c23,FaceShifter,train,8
ff-c23__FaceShifter__252_266,1,ff-c23,FaceShifter,train,8
ff-c23__FaceShifter__872_873,1,ff-c23,FaceShifter,train,8
ff-c23__FaceShifter__940_941,1,ff-c23,FaceShifter,train,8
ff-c23__FaceShifter__290_240,1,ff-c23,FaceShifter,train,8
ff-c23__FaceShifter__086_090,1,ff-c23,FaceShifter,test,8
ff-c23__FaceShifter__322_315,1,ff-c23,FaceShifter,train,8
ff-c23__FaceShifter__974_953,1,ff-c23,FaceShifter,holdout,8
ff-c23__FaceShifter__191_188,1,ff-c23,FaceShifter,train,8
ff-c23__FaceShifter__676_776,1,ff-c23,FaceShifter,val,8
ff-c23__FaceShifter__454_527,1,ff-c23,FaceShifter,train,8
ff-c23__FaceShifter__152_149,1,ff-c23,FaceShifter,train,8
ff-c23__FaceShifter__824_419,1,ff-c23,FaceShifter,train,8
ff-c23__FaceShifter__028_068,1,ff-c23,FaceShifter,train,8
ff-c23__FaceShifter__166_167,1,ff-c23,FaceShifter,holdout,8
ff-c23__FaceShifter__032_944,1,ff-c23,FaceShifter,train,8
ff-c23__FaceShifter__210_241,1,ff-c23,FaceShifter,train,8
ff-c23__FaceShifter__442_195,1,ff-c23,FaceShifter,train,8
ff-c23__FaceShifter__551_631,1,ff-c23,FaceShifter,train,8
ff-c23__FaceShifter__685_613,1,ff-c23,FaceShifter,holdout,8
ff-c23__FaceShifter__529_633,1,ff-c23,FaceShifter,train,8
ff-c23__FaceShifter__783_916,1,ff-c23,FaceShifter,train,8
ff-c23__FaceShifter__182_242,1,ff-c23,FaceShifter,train,8
ff-c23__FaceShifter__488_399,1,ff-c23,FaceShifter,val,8
ff-c23__FaceShifter__119_123,1,ff-c23,FaceShifter,test,8
ff-c23__FaceShifter__930_763,1,ff-c23,FaceShifter,train,8
ff-c23__FaceShifter__921_569,1,ff-c23,FaceShifter,train,8
ff-c23__FaceShifter__140_143,1,ff-c23,FaceShifter,train,8
ff-c23__FaceShifter__427_637,1,ff-c23,FaceShifter,train,8
ff-c23__FaceShifter__350_349,1,ff-c23,FaceShifter,test,8
ff-c23__FaceShifter__319_352,1,ff-c23,FaceShifter,train,8
ff-c23__FaceShifter__559_543,1,ff-c23,FaceShifter,train,8
ff-c23__FaceShifter__133_148,1,ff-c23,FaceShifter,train,8
ff-c23__FaceShifter__274_412,1,ff-c23,FaceShifter,train,8
ff-c23__FaceShifter__933_925,1,ff-c23,FaceShifter,train,8
ff-c23__FaceShifter__058_039,1,ff-c23,FaceShifter,train,8
ff-c23__FaceShifter__445_494,1,ff-c23,FaceShifter,train,8
ff-c23__FaceShifter__577_593,1,ff-c23,FaceShifter,train,8
ff-c23__FaceShifter__491_226,1,ff-c23,FaceShifter,holdout,8
ff-c23__FaceShifter__634_660,1,ff-c23,FaceShifter,train,8
ff-c23__FaceShifter__157_245,1,ff-c23,FaceShifter,train,8
ff-c23__FaceShifter__136_285,1,ff-c23,FaceShifter,train,8
ff-c23__FaceShifter__175_159,1,ff-c23,FaceShifter,train,8
ff-c23__FaceShifter__485_425,1,ff-c23,FaceShifter,train,8
ff-c23__FaceShifter__158_379,1,ff-c23,FaceShifter,val,8
ff-c23__FaceShifter__563_537,1,ff-c23,FaceShifter,train,8
ff-c23__FaceShifter__899_914,1,ff-c23,FaceShifter,test,8
ff-c23__FaceShifter__779_794,1,ff-c23,FaceShifter,train,8
ff-c23__FaceShifter__766_761,1,ff-c23,FaceShifter,train,8
ff-c23__FaceShifter__757_573,1,ff-c23,FaceShifter,train,8
ff-c23__FaceShifter__369_316,1,ff-c23,FaceShifter,train,8
ff-c23__FaceShifter__444_655,1,ff-c23,FaceShifter,train,8
ff-c23__FaceShifter__725_724,1,ff-c23,FaceShifter,val,8
ff-c23__FaceShifter__324_356,1,ff-c23,FaceShifter,train,8
ff-c23__FaceShifter__169_227,1,ff-c23,FaceShifter,train,8
ff-c23__FaceShifter__337_522,1,ff-c23,FaceShifter,train,8
ff-c23__FaceShifter__658_627,1,ff-c23,FaceShifter,holdout,8
ff-c23__FaceShifter__002_006,1,ff-c23,FaceShifter,train,8
ff-c23__FaceShifter__198_106,1,ff-c23,FaceShifter,train,8
ff-c23__FaceShifter__318_334,1,ff-c23,FaceShifter,train,8
ff-c23__FaceShifter__896_128,1,ff-c23,FaceShifter,train,8
ff-c23__FaceShifter__372_413,1,ff-c23,FaceShifter,train,8
ff-c23__FaceShifter__621_546,1,ff-c23,FaceShifter,test,8
ff-c23__FaceShifter__480_389,1,ff-c23,FaceShifter,train,8
ff-c23__FaceShifter__980_992,1,ff-c23,FaceShifter,train,8
ff-c23__FaceShifter__649_816,1,ff-c23,FaceShifter,train,8
ff-c23__FaceShifter__483_370,1,ff-c23,FaceShifter,train,8
ff-c23__FaceShifter__209_016,1,ff-c23,FaceShifter,train,8
ff-c23__FaceShifter__285_136,1,ff-c23,FaceShifter,train,8
ff-c23__FaceShifter__206_221,1,ff-c23,FaceShifter,train,8
ff-c23__FaceShifter__570_624,1,ff-c23,FaceShifter,train,8
ff-c23__FaceShifter__928_160,1,ff-c23,FaceShifter,train,8
ff-c23__FaceShifter__938_987,1,ff-c23,FaceShifter,val,8
ff-c23__FaceShifter__111_094,1,ff-c23,FaceShifter,train,8
ff-c23__FaceShifter__863_853,1,ff-c23,FaceShifter,holdout,8
ff-c23__FaceShifter__041_063,1,ff-c23,FaceShifter,test,8
ff-c23__FaceShifter__525_509,1,ff-c23,FaceShifter,train,8
ff-c23__FaceShifter__527_454,1,ff-c23,FaceShifter,train,8
ff-c23__FaceShifter__223_586,1,ff-c23,FaceShifter,train,8
ff-c23__FaceShifter__069_961,1,ff-c23,FaceShifter,train,8
ff-c23__FaceShifter__994_986,1,ff-c23,FaceShifter,holdout,8
ff-c23__FaceShifter__065_089,1,ff-c23,FaceShifter,holdout,8
ff-c23__FaceShifter__507_418,1,ff-c23,FaceShifter,train,8
ff-c23__FaceShifter__497_403,1,ff-c23,FaceShifter,train,8
ff-c23__FaceShifter__785_736,1,ff-c23,FaceShifter,val,8
ff-c23__FaceShifter__790_014,1,ff-c23,FaceShifter,train,8
ff-c23__FaceShifter__593_577,1,ff-c23,FaceShifter,val,8
ff-c23__FaceShifter__765_867,1,ff-c23,FaceShifter,train,8
ff-c23__FaceShifter__296_293,1,ff-c23,FaceShifter,val,8
ff-c23__FaceShifter__161_141,1,ff-c23,FaceShifter,train,8
ff-c23__FaceShifter__590_034,1,ff-c23,FaceShifter,train,8
ff-c23__FaceShifter__739_865,1,ff-c23,FaceShifter,test,8
ff-c23__FaceShifter__708_772,1,ff-c23,FaceShifter,holdout,8
ff-c23__FaceShifter__439_441,1,ff-c23,FaceShifter,val,8
ff-c23__FaceShifter__382_409,1,ff-c23,FaceShifter,train,8
ff-c23__FaceShifter__230_204,1,ff-c23,FaceShifter,val,8
ff-c23__FaceShifter__846_845,1,ff-c23,FaceShifter,train,8
ff-c23__FaceShifter__817_827,1,ff-c23,FaceShifter,train,8
ff-c23__FaceShifter__303_309,1,ff-c23,FaceShifter,train,8
ff-c23__FaceShifter__906_847,1,ff-c23,FaceShifter,train,8
ff-c23__FaceShifter__287_426,1,ff-c23,FaceShifter,test,8
ff-c23__FaceShifter__153_150,1,ff-c23,FaceShifter,train,8
ff-c23__FaceShifter__150_153,1,ff-c23,FaceShifter,test,8
ff-c23__FaceShifter__394_373,1,ff-c23,FaceShifter,test,8
ff-c23__FaceShifter__792_903,1,ff-c23,FaceShifter,train,8
ff-c23__FaceShifter__911_910,1,ff-c23,FaceShifter,train,8
ff-c23__FaceShifter__258_246,1,ff-c23,FaceShifter,test,8
ff-c23__FaceShifter__266_252,1,ff-c23,FaceShifter,train,8
ff-c23__FaceShifter__768_793,1,ff-c23,FaceShifter,train,8
ff-c23__FaceShifter__062_066,1,ff-c23,FaceShifter,train,8
ff-c23__FaceShifter__782_787,1,ff-c23,FaceShifter,train,8
ff-c23__FaceShifter__103_082,1,ff-c23,FaceShifter,train,8
ff-c23__FaceShifter__514_443,1,ff-c23,FaceShifter,train,8
ff-c23__FaceShifter__771_849,1,ff-c23,FaceShifter,train,8
ff-c23__FaceShifter__627_658,1,ff-c23,FaceShifter,train,8
ff-c23__FaceShifter__632_548,1,ff-c23,FaceShifter,train,8
ff-c23__FaceShifter__858_861,1,ff-c23,FaceShifter,train,8
ff-c23__FaceShifter__851_552,1,ff-c23,FaceShifter,holdout,8
ff-c23__FaceShifter__567_606,1,ff-c23,FaceShifter,train,8
ff-c23__FaceShifter__918_934,1,ff-c23,FaceShifter,train,8
ff-c23__FaceShifter__414_385,1,ff-c23,FaceShifter,train,8
ff-c23__FaceShifter__188_191,1,ff-c23,FaceShifter,train,8
ff-c23__FaceShifter__361_448,1,ff-c23,FaceShifter,train,8
ff-c23__FaceShifter__661_670,1,ff-c23,FaceShifter,train,8
ff-c23__FaceShifter__854_747,1,ff-c23,FaceShifter,train,8
ff-c23__FaceShifter__599_585,1,ff-c23,FaceShifter,val,8
ff-c23__FaceShifter__108_052,1,ff-c23,FaceShifter,holdout,8
ff-c23__FaceShifter__192_134,1,ff-c23,FaceShifter,train,8
ff-c23__FaceShifter__185_276,1,ff-c23,FaceShifter,val,8
ff-c23__FaceShifter__070_057,1,ff-c23,FaceShifter,test,8
ff-c23__FaceShifter__137_165,1,ff-c23,FaceShifter,val,8
ff-c23__FaceShifter__036_035,1,ff-c23,FaceShifter,holdout,8
ff-c23__FaceShifter__695_422,1,ff-c23,FaceShifter,train,8
ff-c23__FaceShifter__242_182,1,ff-c23,FaceShifter,train,8
ff-c23__FaceShifter__420_257,1,ff-c23,FaceShifter,train,8
ff-c23__FaceShifter__506_478,1,ff-c23,FaceShifter,train,8
ff-c23__FaceShifter__076_079,1,ff-c23,FaceShifter,train,8
ff-c23__FaceShifter__856_881,1,ff-c23,FaceShifter,test,8
ff-c23__FaceShifter__348_202,1,ff-c23,FaceShifter,train,8
ff-c23__FaceShifter__897_969,1,ff-c23,FaceShifter,test,8
ff-c23__FaceShifter__886_877,1,ff-c23,FaceShifter,train,8
ff-c23__FaceShifter__605_591,1,ff-c23,FaceShifter,train,8
ff-c23__FaceShifter__114_102,1,ff-c23,FaceShifter,train,8
ff-c23__FaceShifter__804_738,1,ff-c23,FaceShifter,train,8
ff-c23__FaceShifter__385_414,1,ff-c23,FaceShifter,train,8
ff-c23__FaceShifter__787_782,1,ff-c23,FaceShifter,test,8
ff-c23__FaceShifter__085_124,1,ff-c23,FaceShifter,train,8
ff-c23__FaceShifter__057_070,1,ff-c23,FaceShifter,train,8
ff-c23__FaceShifter__217_117,1,ff-c23,FaceShifter,train,8
ff-c23__FaceShifter__619_620,1,ff-c23,FaceShifter,train,8
ff-c23__FaceShifter__135_880,1,ff-c23,FaceShifter,train,8
ff-c23__FaceShifter__231_663,1,ff-c23,FaceShifter,holdout,8
ff-c23__FaceShifter__124_085,1,ff-c23,FaceShifter,val,8
ff-c23__FaceShifter__027_009,1,ff-c23,FaceShifter,train,8
ff-c23__FaceShifter__222_168,1,ff-c23,FaceShifter,val,8
ff-c23__FaceShifter__726_713,1,ff-c23,FaceShifter,test,8
ff-c23__FaceShifter__881_856,1,ff-c23,FaceShifter,train,8
ff-c23__FaceShifter__942_943,1,ff-c23,FaceShifter,train,8
ff-c23__FaceShifter__629_618,1,ff-c23,FaceShifter,train,8
ff-c23__FaceShifter__008_990,1,ff-c23,FaceShifter,train,8
ff-c23__FaceShifter__329_327,1,ff-c23,FaceShifter,train,8
ff-c23__FaceShifter__448_361,1,ff-c23,FaceShifter,val,8
ff-c23__FaceShifter__951_947,1,ff-c23,FaceShifter,train,8
ff-c23__FaceShifter__042_084,1,ff-c23,FaceShifter,train,8
ff-c23__FaceShifter__024_073,1,ff-c23,FaceShifter,train,8
ff-c23__FaceShifter__246_258,1,ff-c23,FaceShifter,test,8
ff-c23__FaceShifter__353_383,1,ff-c23,FaceShifter,train,8
ff-c23__FaceShifter__806_781,1,ff-c23,FaceShifter,train,8
ff-c23__FaceShifter__959_957,1,ff-c23,FaceShifter,train,8
ff-c23__FaceShifter__615_687,1,ff-c23,FaceShifter,train,8
ff-c23__FaceShifter__238_282,1,ff-c23,FaceShifter,train,8
ff-c23__FaceShifter__054_071,1,ff-c23,FaceShifter,train,8
ff-c23__FaceShifter__818_820,1,ff-c23,FaceShifter,train,8
ff-c23__FaceShifter__102_114,1,ff-c23,FaceShifter,train,8
ff-c23__FaceShifter__423_421,1,ff-c23,FaceShifter,train,8
ff-c23__FaceShifter__424_408,1,ff-c23,FaceShifter,test,8
ff-c23__FaceShifter__585_599,1,ff-c23,FaceShifter,test,8
ff-c23__FaceShifter__837_890,1,ff-c23,FaceShifter,train,8
ff-c23__FaceShifter__745_777,1,ff-c23,FaceShifter,train,8
ff-c23__FaceShifter__638_640,1,ff-c23,FaceShifter,train,8
ff-c23__FaceShifter__019_018,1,ff-c23,FaceShifter,train,8
ff-c23__FaceShifter__267_286,1,ff-c23,FaceShifter,val,8
ff-c23__FaceShifter__997_040,1,ff-c23,FaceShifter,train,8
ff-c23__FaceShifter__965_948,1,ff-c23,FaceShifter,train,8
ff-c23__FaceShifter__520_542,1,ff-c23,FaceShifter,train,8
ff-c23__FaceShifter__308_388,1,ff-c23,FaceShifter,holdout,8
ff-c23__FaceShifter__441_439,1,ff-c23,FaceShifter,train,8
ff-c23__FaceShifter__773_652,1,ff-c23,FaceShifter,test,8
ff-c23__FaceShifter__147_055,1,ff-c23,FaceShifter,train,8
ff-c23__FaceShifter__646_643,1,ff-c23,FaceShifter,val,8
ff-c23__FaceShifter__010_005,1,ff-c23,FaceShifter,train,8
ff-c23__FaceShifter__412_274,1,ff-c23,FaceShifter,test,8
ff-c23__FaceShifter__286_267,1,ff-c23,FaceShifter,train,8
ff-c23__FaceShifter__946_049,1,ff-c23,FaceShifter,train,8
ff-c23__FaceShifter__282_238,1,ff-c23,FaceShifter,train,8
ff-c23__FaceShifter__626_562,1,ff-c23,FaceShifter,train,8
ff-c23__FaceShifter__126_104,1,ff-c23,FaceShifter,train,8
ff-c23__FaceShifter__511_472,1,ff-c23,FaceShifter,train,8
ff-c23__FaceShifter__913_893,1,ff-c23,FaceShifter,train,8
ff-c23__FaceShifter__802_885,1,ff-c23,FaceShifter,test,8
ff-c23__FaceShifter__769_784,1,ff-c23,FaceShifter,train,8
ff-c23__FaceShifter__263_284,1,ff-c23,FaceShifter,train,8
ff-c23__FaceShifter__732_691,1,ff-c23,FaceShifter,test,8
ff-c23__FaceShifter__628_568,1,ff-c23,FaceShifter,holdout,8
ff-c23__FaceShifter__031_163,1,ff-c23,FaceShifter,train,8
ff-c23__FaceShifter__591_605,1,ff-c23,FaceShifter,test,8
ff-c23__FaceShifter__421_423,1,ff-c23,FaceShifter,train,8
ff-c23__FaceShifter__078_955,1,ff-c23,FaceShifter,train,8
ff-c23__FaceShifter__709_390,1,ff-c23,FaceShifter,holdout,8
ff-c23__FaceShifter__357_432,1,ff-c23,FaceShifter,train,8
ff-c23__FaceShifter__494_445,1,ff-c23,FaceShifter,train,8
ff-c23__FaceShifter__798_778,1,ff-c23,FaceShifter,train,8
ff-c23__FaceShifter__836_950,1,ff-c23,FaceShifter,val,8
ff-c23__FaceShifter__895_915,1,ff-c23,FaceShifter,train,8
ff-c23__FaceShifter__046_904,1,ff-c23,FaceShifter,train,8
ff-c23__FaceShifter__097_033,1,ff-c23,FaceShifter,train,8
ff-c23__FaceShifter__759_755,1,ff-c23,FaceShifter,train,8
ff-c23__FaceShifter__061_080,1,ff-c23,FaceShifter,train,8
ff-c23__FaceShifter__121_093,1,ff-c23,FaceShifter,test,8
ff-c23__FaceShifter__096_101,1,ff-c23,FaceShifter,test,8
ff-c23__FaceShifter__829_808,1,ff-c23,FaceShifter,train,8
ff-c23__FaceShifter__355_748,1,ff-c23,FaceShifter,train,8
ff-c23__FaceShifter__342_416,1,ff-c23,FaceShifter,train,8
ff-c23__FaceShifter__889_045,1,ff-c23,FaceShifter,train,8
ff-c23__FaceShifter__380_358,1,ff-c23,FaceShifter,holdout,8
ff-c23__FaceShifter__056_996,1,ff-c23,FaceShifter,train,8
ff-c23__FaceShifter__541_523,1,ff-c23,FaceShifter,train,8
ff-c23__FaceShifter__360_437,1,ff-c23,FaceShifter,holdout,8
ff-c23__FaceShifter__403_497,1,ff-c23,FaceShifter,train,8
ff-c23__FaceShifter__557_560,1,ff-c23,FaceShifter,train,8
ff-c23__FaceShifter__052_108,1,ff-c23,FaceShifter,train,8
ff-c23__FaceShifter__099_295,1,ff-c23,FaceShifter,train,8
ff-c23__FaceShifter__535_587,1,ff-c23,FaceShifter,train,8
ff-c23__FaceShifter__518_131,1,ff-c23,FaceShifter,train,8
ff-c23__FaceShifter__333_377,1,ff-c23,FaceShifter,train,8
ff-c23__FaceSwap__479_706,1,ff-c23,FaceSwap,train,8
ff-c23__FaceSwap__481_469,1,ff-c23,FaceSwap,train,8
ff-c23__FaceSwap__315_322,1,ff-c23,FaceSwap,val,8
ff-c23__FaceSwap__700_813,1,ff-c23,FaceSwap,train,8
ff-c23__FaceSwap__746_571,1,ff-c23,FaceSwap,val,8
ff-c23__FaceSwap__261_254,1,ff-c23,FaceSwap,train,8
ff-c23__FaceSwap__208_215,1,ff-c23,FaceSwap,holdout,8
ff-c23__FaceSwap__651_835,1,ff-c23,FaceSwap,holdout,8
ff-c23__FaceSwap__588_556,1,ff-c23,FaceSwap,train,8
ff-c23__FaceSwap__793_768,1,ff-c23,FaceSwap,test,8
ff-c23__FaceSwap__003_000,1,ff-c23,FaceSwap,test,8
ff-c23__FaceSwap__579_701,1,ff-c23,FaceSwap,train,8
ff-c23__FaceSwap__236_237,1,ff-c23,FaceSwap,train,8
ff-c23__FaceSwap__275_887,1,ff-c23,FaceSwap,holdout,8
ff-c23__FaceSwap__902_901,1,ff-c23,FaceSwap,train,8
ff-c23__FaceSwap__575_603,1,ff-c23,FaceSwap,train,8
ff-c23__FaceSwap__540_536,1,ff-c23,FaceSwap,train,8
ff-c23__FaceSwap__241_210,1,ff-c23,FaceSwap,val,8
ff-c23__FaceSwap__039_058,1,ff-c23,FaceSwap,test,8
ff-c23__FaceSwap__553_545,1,ff-c23,FaceSwap,train,8
ff-c23__FaceSwap__560_557,1,ff-c23,FaceSwap,train,8
ff-c23__FaceSwap__171_173,1,ff-c23,FaceSwap,train,8
ff-c23__FaceSwap__366_473,1,ff-c23,FaceSwap,holdout,8
ff-c23__FaceSwap__904_046,1,ff-c23,FaceSwap,train,8
ff-c23__FaceSwap__964_174,1,ff-c23,FaceSwap,train,8
ff-c23__FaceSwap__654_648,1,ff-c23,FaceSwap,test,8
ff-c23__FaceSwap__727_729,1,ff-c23,FaceSwap,train,8
ff-c23__FaceSwap__652_773,1,ff-c23,FaceSwap,holdout,8
ff-c23__FaceSwap__735_774,1,ff-c23,FaceSwap,train,8
ff-c23__FaceSwap__284_263,1,ff-c23,FaceSwap,holdout,8
ff-c23__FaceSwap__853_863,1,ff-c23,FaceSwap,test,8
ff-c23__FaceSwap__358_380,1,ff-c23,FaceSwap,train,8
ff-c23__FaceSwap__957_959,1,ff-c23,FaceSwap,val,8
ff-c23__FaceSwap__066_062,1,ff-c23,FaceSwap,train,8
ff-c23__FaceSwap__009_027,1,ff-c23,FaceSwap,test,8
ff-c23__FaceSwap__225_151,1,ff-c23,FaceSwap,train,8
ff-c23__FaceSwap__300_304,1,ff-c23,FaceSwap,train,8
ff-c23__FaceSwap__375_251,1,ff-c23,FaceSwap,train,8
ff-c23__FaceSwap__587_535,1,ff-c23,FaceSwap,train,8
ff-c23__FaceSwap__378_368,1,ff-c23,FaceSwap,train,8
ff-c23__FaceSwap__145_299,1,ff-c23,FaceSwap,test,8
ff-c23__FaceSwap__538_493,1,ff-c23,FaceSwap,test,8
ff-c23__FaceSwap__490_534,1,ff-c23,FaceSwap,train,8
ff-c23__FaceSwap__694_767,1,ff-c23,FaceSwap,test,8
ff-c23__FaceSwap__983_113,1,ff-c23,FaceSwap,train,8
ff-c23__FaceSwap__635_642,1,ff-c23,FaceSwap,train,8
ff-c23__FaceSwap__865_739,1,ff-c23,FaceSwap,holdout,8
ff-c23__FaceSwap__706_479,1,ff-c23,FaceSwap,test,8
ff-c23__FaceSwap__840_800,1,ff-c23,FaceSwap,train,8
ff-c23__FaceSwap__362_354,1,ff-c23,FaceSwap,train,8
ff-c23__FaceSwap__786_819,1,ff-c23,FaceSwap,holdout,8
ff-c23__FaceSwap__120_118,1,ff-c23,FaceSwap,train,8
ff-c23__FaceSwap__390_709,1,ff-c23,FaceSwap,holdout,8
ff-c23__FaceSwap__966_988,1,ff-c23,FaceSwap,holdout,8
ff-c23__FaceSwap__633_529,1,ff-c23,FaceSwap,train,8
ff-c23__FaceSwap__456_435,1,ff-c23,FaceSwap,val,8
ff-c23__FaceSwap__452_550,1,ff-c23,FaceSwap,train,8
ff-c23__FaceSwap__436_526,1,ff-c23,FaceSwap,train,8
ff-c23__FaceSwap__734_699,1,ff-c23,FaceSwap,train,8
ff-c23__FaceSwap__235_194,1,ff-c23,FaceSwap,train,8
ff-c23__FaceSwap__104_126,1,ff-c23,FaceSwap,test,8
ff-c23__FaceSwap__248_232,1,ff-c23,FaceSwap,train,8
ff-c23__FaceSwap__474_281,1,ff-c23,FaceSwap,train,8
ff-c23__FaceSwap__549_531,1,ff-c23,FaceSwap,train,8
ff-c23__FaceSwap__281_474,1,ff-c23,FaceSwap,train,8
ff-c23__FaceSwap__927_912,1,ff-c23,FaceSwap,test,8
ff-c23__FaceSwap__462_467,1,ff-c23,FaceSwap,train,8
ff-c23__FaceSwap__521_517,1,ff-c23,FaceSwap,holdout,8
ff-c23__FaceSwap__788_710,1,ff-c23,FaceSwap,train,8
ff-c23__FaceSwap__288_321,1,ff-c23,FaceSwap,holdout,8
ff-c23__FaceSwap__034_590,1,ff-c23,FaceSwap,train,8
ff-c23__FaceSwap__501_326,1,ff-c23,FaceSwap,train,8
ff-c23__FaceSwap__402_453,1,ff-c23,FaceSwap,holdout,8
ff-c23__FaceSwap__112_892,1,ff-c23,FaceSwap,train,8
ff-c23__FaceSwap__656_666,1,ff-c23,FaceSwap,train,8
ff-c23__FaceSwap__754_758,1,ff-c23,FaceSwap,train,8
ff-c23__FaceSwap__389_480,1,ff-c23,FaceSwap,train,8
ff-c23__FaceSwap__719_737,1,ff-c23,FaceSwap,train,8
ff-c23__FaceSwap__113_983,1,ff-c23,FaceSwap,val,8
ff-c23__FaceSwap__364_440,1,ff-c23,FaceSwap,train,8
ff-c23__FaceSwap__144_122,1,ff-c23,FaceSwap,test,8
ff-c23__FaceSwap__534_490,1,ff-c23,FaceSwap,train,8
ff-c23__FaceSwap__874_291,1,ff-c23,FaceSwap,test,8
ff-c23__FaceSwap__847_906,1,ff-c23,FaceSwap,train,8
ff-c23__FaceSwap__998_561,1,ff-c23,FaceSwap,train,8
ff-c23__FaceSwap__245_157,1,ff-c23,FaceSwap,train,8
ff-c23__FaceSwap__770_791,1,ff-c23,FaceSwap,test,8
ff-c23__FaceSwap__814_871,1,ff-c23,FaceSwap,holdout,8
ff-c23__FaceSwap__898_922,1,ff-c23,FaceSwap,train,8
ff-c23__FaceSwap__228_289,1,ff-c23,FaceSwap,val,8
ff-c23__FaceSwap__952_882,1,ff-c23,FaceSwap,train,8
ff-c23__FaceSwap__224_197,1,ff-c23,FaceSwap,train,8
ff-c23__FaceSwap__022_489,1,ff-c23,FaceSwap,holdout,8
ff-c23__FaceSwap__141_161,1,ff-c23,FaceSwap,train,8
ff-c23__FaceSwap__687_615,1,ff-c23,FaceSwap,train,8
ff-c23__FaceSwap__093_121,1,ff-c23,FaceSwap,train,8
ff-c23__FaceSwap__325_492,1,ff-c23,FaceSwap,holdout,8
ff-c23__FaceSwap__762_832,1,ff-c23,FaceSwap,train,8
ff-c23__FaceSwap__555_516,1,ff-c23,FaceSwap,train,8
ff-c23__FaceSwap__926_900,1,ff-c23,FaceSwap,train,8
ff-c23__FaceSwap__376_381,1,ff-c23,FaceSwap,train,8
ff-c23__FaceSwap__045_889,1,ff-c23,FaceSwap,train,8
ff-c23__FaceSwap__398_457,1,ff-c23,FaceSwap,train,8
ff-c23__FaceSwap__493_538,1,ff-c23,FaceSwap,holdout,8
ff-c23__FaceSwap__979_875,1,ff-c23,FaceSwap,train,8
ff-c23__FaceSwap__460_678,1,ff-c23,FaceSwap,train,8
ff-c23__FaceSwap__968_884,1,ff-c23,FaceSwap,train,8
ff-c23__FaceSwap__446_667,1,ff-c23,FaceSwap,train,8
ff-c23__FaceSwap__689_690,1,ff-c23,FaceSwap,train,8
ff-c23__FaceSwap__451_449,1,ff-c23,FaceSwap,train,8
ff-c23__FaceSwap__805_011,1,ff-c23,FaceSwap,train,8
ff-c23__FaceSwap__214_255,1,ff-c23,FaceSwap,train,8
ff-c23__FaceSwap__596_609,1,ff-c23,FaceSwap,train,8
ff-c23__FaceSwap__935_733,1,ff-c23,FaceSwap,train,8
ff-c23__FaceSwap__438_434,1,ff-c23,FaceSwap,val,8
ff-c23__FaceSwap__049_946,1,ff-c23,FaceSwap,train,8
ff-c23__FaceSwap__317_359,1,ff-c23,FaceSwap,train,8
ff-c23__FaceSwap__758_754,1,ff-c23,FaceSwap,train,8
ff-c23__FaceSwap__828_830,1,ff-c23,FaceSwap,train,8
ff-c23__FaceSwap__815_730,1,ff-c23,FaceSwap,train,8
ff-c23__FaceSwap__972_718,1,ff-c23,FaceSwap,train,8
ff-c23__FaceSwap__508_831,1,ff-c23,FaceSwap,train,8
ff-c23__FaceSwap__702_612,1,ff-c23,FaceSwap,train,8
ff-c23__FaceSwap__586_223,1,ff-c23,FaceSwap,train,8
ff-c23__FaceSwap__432_357,1,ff-c23,FaceSwap,val,8
ff-c23__FaceSwap__939_115,1,ff-c23,FaceSwap,test,8
ff-c23__FaceSwap__344_020,1,ff-c23,FaceSwap,holdout,8
ff-c23__FaceSwap__741_731,1,ff-c23,FaceSwap,val,8
ff-c23__FaceSwap__338_336,1,ff-c23,FaceSwap,test,8
ff-c23__FaceSwap__500_592,1,ff-c23,FaceSwap,train,8
ff-c23__FaceSwap__781_806,1,ff-c23,FaceSwap,train,8
ff-c23__FaceSwap__371_367,1,ff-c23,FaceSwap,train,8
ff-c23__FaceSwap__900_926,1,ff-c23,FaceSwap,train,8
ff-c23__FaceSwap__597_595,1,ff-c23,FaceSwap,val,8
ff-c23__FaceSwap__622_647,1,ff-c23,FaceSwap,train,8
ff-c23__FaceSwap__528_510,1,ff-c23,FaceSwap,train,8
ff-c23__FaceSwap__592_500,1,ff-c23,FaceSwap,holdout,8
ff-c23__FaceSwap__176_190,1,ff-c23,FaceSwap,train,8
ff-c23__FaceSwap__252_266,1,ff-c23,FaceSwap,train,8
ff-c23__FaceSwap__149_152,1,ff-c23,FaceSwap,holdout,8
ff-c23__FaceSwap__290_240,1,ff-c23,FaceSwap,train,8
ff-c23__FaceSwap__098_092,1,ff-c23,FaceSwap,train,8
ff-c23__FaceSwap__744_674,1,ff-c23,FaceSwap,train,8
ff-c23__FaceSwap__086_090,1,ff-c23,FaceSwap,test,8
ff-c23__FaceSwap__322_315,1,ff-c23,FaceSwap,train,8
ff-c23__FaceSwap__302_323,1,ff-c23,FaceSwap,train,8
ff-c23__FaceSwap__396_272,1,ff-c23,FaceSwap,val,8
ff-c23__FaceSwap__974_953,1,ff-c23,FaceSwap,holdout,8
ff-c23__FaceSwap__867_765,1,ff-c23,FaceSwap,test,8
ff-c23__FaceSwap__824_419,1,ff-c23,FaceSwap,train,8
ff-c23__FaceSwap__320_328,1,ff-c23,FaceSwap,train,8
ff-c23__FaceSwap__028_068,1,ff-c23,FaceSwap,train,8
ff-c23__FaceSwap__210_241,1,ff-c23,FaceSwap,train,8
ff-c23__FaceSwap__442_195,1,ff-c23,FaceSwap,train,8
ff-c23__FaceSwap__808_829,1,ff-c23,FaceSwap,holdout,8
ff-c23__FaceSwap__653_601,1,ff-c23,FaceSwap,train,8
ff-c23__FaceSwap__733_935,1,ff-c23,FaceSwap,train,8
ff-c23__FaceSwap__842_714,1,ff-c23,FaceSwap,train,8
ff-c23__FaceSwap__686_696,1,ff-c23,FaceSwap,train,8
ff-c23__FaceSwap__561_998,1,ff-c23,FaceSwap,val,8
ff-c23__FaceSwap__035_036,1,ff-c23,FaceSwap,train,8
ff-c23__FaceSwap__685_613,1,ff-c23,FaceSwap,holdout,8
ff-c23__FaceSwap__073_024,1,ff-c23,FaceSwap,train,8
ff-c23__FaceSwap__488_399,1,ff-c23,FaceSwap,val,8
ff-c23__FaceSwap__921_569,1,ff-c23,FaceSwap,train,8
ff-c23__FaceSwap__140_143,1,ff-c23,FaceSwap,train,8
ff-c23__FaceSwap__437_360,1,ff-c23,FaceSwap,train,8
ff-c23__FaceSwap__876_891,1,ff-c23,FaceSwap,test,8
ff-c23__FaceSwap__350_349,1,ff-c23,FaceSwap,test,8
ff-c23__FaceSwap__849_771,1,ff-c23,FaceSwap,train,8
ff-c23__FaceSwap__352_319,1,ff-c23,FaceSwap,train,8
ff-c23__FaceSwap__294_292,1,ff-c23,FaceSwap,train,8
ff-c23__FaceSwap__668_664,1,ff-c23,FaceSwap,train,8
ff-c23__FaceSwap__975_978,1,ff-c23,FaceSwap,val,8
ff-c23__FaceSwap__250_461,1,ff-c23,FaceSwap,test,8
ff-c23__FaceSwap__373_394,1,ff-c23,FaceSwap,train,8
ff-c23__FaceSwap__274_412,1,ff-c23,FaceSwap,train,8
ff-c23__FaceSwap__869_780,1,ff-c23,FaceSwap,train,8
ff-c23__FaceSwap__831_508,1,ff-c23,FaceSwap,train,8
ff-c23__FaceSwap__577_593,1,ff-c23,FaceSwap,train,8
ff-c23__FaceSwap__491_226,1,ff-c23,FaceSwap,holdout,8
ff-c23__FaceSwap__683_607,1,ff-c23,FaceSwap,train,8
ff-c23__FaceSwap__391_406,1,ff-c23,FaceSwap,train,8
ff-c23__FaceSwap__820_818,1,ff-c23,FaceSwap,train,8
ff-c23__FaceSwap__157_245,1,ff-c23,FaceSwap,train,8
ff-c23__FaceSwap__723_704,1,ff-c23,FaceSwap,train,8
ff-c23__FaceSwap__047_862,1,ff-c23,FaceSwap,val,8
ff-c23__FaceSwap__485_425,1,ff-c23,FaceSwap,train,8
ff-c23__FaceSwap__158_379,1,ff-c23,FaceSwap,val,8
ff-c23__FaceSwap__563_537,1,ff-c23,FaceSwap,train,8
ff-c23__FaceSwap__899_914,1,ff-c23,FaceSwap,test,8
ff-c23__FaceSwap__015_919,1,ff-c23,FaceSwap,train,8
ff-c23__FaceSwap__513_305,1,ff-c23,FaceSwap,test,8
ff-c23__FaceSwap__369_316,1,ff-c23,FaceSwap,train,8
ff-c23__FaceSwap__359_317,1,ff-c23,FaceSwap,train,8
ff-c23__FaceSwap__444_655,1,ff-c23,FaceSwap,train,8
ff-c23__FaceSwap__852_834,1,ff-c23,FaceSwap,train,8
ff-c23__FaceSwap__425_485,1,ff-c23,FaceSwap,val,8
ff-c23__FaceSwap__970_973,1,ff-c23,FaceSwap,train,8
ff-c23__FaceSwap__243_156,1,ff-c23,FaceSwap,holdout,8
ff-c23__FaceSwap__227_169,1,ff-c23,FaceSwap,val,8
ff-c23__FaceSwap__169_227,1,ff-c23,FaceSwap,train,8
ff-c23__FaceSwap__337_522,1,ff-c23,FaceSwap,train,8
ff-c23__FaceSwap__945_044,1,ff-c23,FaceSwap,train,8
ff-c23__FaceSwap__658_627,1,ff-c23,FaceSwap,holdout,8
ff-c23__FaceSwap__713_726,1,ff-c23,FaceSwap,train,8
ff-c23__FaceSwap__657_644,1,ff-c23,FaceSwap,test,8
ff-c23__FaceSwap__809_799,1,ff-c23,FaceSwap,train,8
ff-c23__FaceSwap__318_334,1,ff-c23,FaceSwap,train,8
ff-c23__FaceSwap__617_566,1,ff-c23,FaceSwap,train,8
ff-c23__FaceSwap__812_821,1,ff-c23,FaceSwap,holdout,8
ff-c23__FaceSwap__372_413,1,ff-c23,FaceSwap,train,8
ff-c23__FaceSwap__621_546,1,ff-c23,FaceSwap,test,8
ff-c23__FaceSwap__466_428,1,ff-c23,FaceSwap,train,8
ff-c23__FaceSwap__480_389,1,ff-c23,FaceSwap,train,8
ff-c23__FaceSwap__088_060,1,ff-c23,FaceSwap,train,8
ff-c23__FaceSwap__980_992,1,ff-c23,FaceSwap,train,8
ff-c23__FaceSwap__649_816,1,ff-c23,FaceSwap,train,8
ff-c23__FaceSwap__884_968,1,ff-c23,FaceSwap,holdout,8
ff-c23__FaceSwap__919_015,1,ff-c23,FaceSwap,train,8
ff-c23__FaceSwap__209_016,1,ff-c23,FaceSwap,train,8
ff-c23__FaceSwap__264_271,1,ff-c23,FaceSwap,val,8
ff-c23__FaceSwap__127_129,1,ff-c23,FaceSwap,train,8
ff-c23__FaceSwap__570_624,1,ff-c23,FaceSwap,train,8
ff-c23__FaceSwap__655_444,1,ff-c23,FaceSwap,val,8
ff-c23__FaceSwap__079_076,1,ff-c23,FaceSwap,val,8
ff-c23__FaceSwap__863_853,1,ff-c23,FaceSwap,holdout,8
ff-c23__FaceSwap__041_063,1,ff-c23,FaceSwap,test,8
ff-c23__FaceSwap__156_243,1,ff-c23,FaceSwap,train,8
ff-c23__FaceSwap__525_509,1,ff-c23,FaceSwap,train,8
ff-c23__FaceSwap__004_982,1,ff-c23,FaceSwap,train,8
ff-c23__FaceSwap__223_586,1,ff-c23,FaceSwap,train,8
ff-c23__FaceSwap__484_415,1,ff-c23,FaceSwap,train,8
ff-c23__FaceSwap__916_783,1,ff-c23,FaceSwap,train,8
ff-c23__FaceSwap__994_986,1,ff-c23,FaceSwap,holdout,8
ff-c23__FaceSwap__065_089,1,ff-c23,FaceSwap,holdout,8
ff-c23__FaceSwap__873_872,1,ff-c23,FaceSwap,val,8
ff-c23__FaceSwap__507_418,1,ff-c23,FaceSwap,train,8
ff-c23__FaceSwap__229_247,1,ff-c23,FaceSwap,train,8
ff-c23__FaceSwap__785_736,1,ff-c23,FaceSwap,val,8
ff-c23__FaceSwap__418_507,1,ff-c23,FaceSwap,holdout,8
ff-c23__FaceSwap__739_865,1,ff-c23,FaceSwap,test,8
ff-c23__FaceSwap__367_371,1,ff-c23,FaceSwap,train,8
ff-c23__FaceSwap__708_772,1,ff-c23,FaceSwap,holdout,8
ff-c23__FaceSwap__439_441,1,ff-c23,FaceSwap,val,8
ff-c23__FaceSwap__382_409,1,ff-c23,FaceSwap,train,8
ff-c23__FaceSwap__509_525,1,ff-c23,FaceSwap,train,8
ff-c23__FaceSwap__846_845,1,ff-c23,FaceSwap,train,8
ff-c23__FaceSwap__817_827,1,ff-c23,FaceSwap,train,8
ff-c23__FaceSwap__303_309,1,ff-c23,FaceSwap,train,8
ff-c23__FaceSwap__129_127,1,ff-c23,FaceSwap,train,8
ff-c23__FaceSwap__774_735,1,ff-c23,FaceSwap,train,8
ff-c23__FaceSwap__569_921,1,ff-c23,FaceSwap,train,8
ff-c23__FaceSwap__131_518,1,ff-c23,FaceSwap,train,8
ff-c23__FaceSwap__887_275,1,ff-c23,FaceSwap,train,8
ff-c23__FaceSwap__150_153,1,ff-c23,FaceSwap,test,8
ff-c23__FaceSwap__394_373,1,ff-c23,FaceSwap,test,8
ff-c23__FaceSwap__911_910,1,ff-c23,FaceSwap,train,8
ff-c23__FaceSwap__258_246,1,ff-c23,FaceSwap,test,8
ff-c23__FaceSwap__266_252,1,ff-c23,FaceSwap,train,8
ff-c23__FaceSwap__768_793,1,ff-c23,FaceSwap,train,8
ff-c23__FaceSwap__737_719,1,ff-c23,FaceSwap,train,8
ff-c23__FaceSwap__062_066,1,ff-c23,FaceSwap,train,8
ff-c23__FaceSwap__001_870,1,ff-c23,FaceSwap,holdout,8
ff-c23__FaceSwap__291_874,1,ff-c23,FaceSwap,train,8
ff-c23__FaceSwap__383_353,1,ff-c23,FaceSwap,train,8
ff-c23__FaceSwap__963_879,1,ff-c23,FaceSwap,train,8
ff-c23__FaceSwap__610_692,1,ff-c23,FaceSwap,holdout,8
ff-c23__FaceSwap__244_822,1,ff-c23,FaceSwap,test,8
ff-c23__FaceSwap__414_385,1,ff-c23,FaceSwap,train,8
ff-c23__FaceSwap__361_448,1,ff-c23,FaceSwap,train,8
ff-c23__FaceSwap__661_670,1,ff-c23,FaceSwap,train,8
ff-c23__FaceSwap__515_519,1,ff-c23,FaceSwap,val,8
ff-c23__FaceSwap__582_172,1,ff-c23,FaceSwap,holdout,8
ff-c23__FaceSwap__854_747,1,ff-c23,FaceSwap,train,8
ff-c23__FaceSwap__185_276,1,ff-c23,FaceSwap,val,8
ff-c23__FaceSwap__070_057,1,ff-c23,FaceSwap,test,8
ff-c23__FaceSwap__137_165,1,ff-c23,FaceSwap,val,8
ff-c23__FaceSwap__751_752,1,ff-c23,FaceSwap,train,8
ff-c23__FaceSwap__036_035,1,ff-c23,FaceSwap,holdout,8
ff-c23__FaceSwap__695_422,1,ff-c23,FaceSwap,train,8
ff-c23__FaceSwap__477_487,1,ff-c23,FaceSwap,train,8
ff-c23__FaceSwap__076_079,1,ff-c23,FaceSwap,train,8
ff-c23__FaceSwap__859_843,1,ff-c23,FaceSwap,train,8
ff-c23__FaceSwap__265_475,1,ff-c23,FaceSwap,train,8
ff-c23__FaceSwap__240_290,1,ff-c23,FaceSwap,train,8
ff-c23__FaceSwap__160_928,1,ff-c23,FaceSwap,train,8
ff-c23__FaceSwap__379_158,1,ff-c23,FaceSwap,train,8
ff-c23__FaceSwap__776_676,1,ff-c23,FaceSwap,val,8
ff-c23__FaceSwap__130_139,1,ff-c23,FaceSwap,train,8
ff-c23__FaceSwap__605_591,1,ff-c23,FaceSwap,train,8
ff-c23__FaceSwap__426_287,1,ff-c23,FaceSwap,train,8
ff-c23__FaceSwap__546_621,1,ff-c23,FaceSwap,test,8
ff-c23__FaceSwap__804_738,1,ff-c23,FaceSwap,train,8
ff-c23__FaceSwap__544_532,1,ff-c23,FaceSwap,val,8
ff-c23__FaceSwap__385_414,1,ff-c23,FaceSwap,train,8
ff-c23__FaceSwap__092_098,1,ff-c23,FaceSwap,train,8
ff-c23__FaceSwap__838_810,1,ff-c23,FaceSwap,test,8
ff-c23__FaceSwap__999_960,1,ff-c23,FaceSwap,train,8
ff-c23__FaceSwap__650_625,1,ff-c23,FaceSwap,train,8
ff-c23__FaceSwap__217_117,1,ff-c23,FaceSwap,train,8
ff-c23__FaceSwap__356_324,1,ff-c23,FaceSwap,train,8
ff-c23__FaceSwap__461_250,1,ff-c23,FaceSwap,train,8
ff-c23__FaceSwap__698_693,1,ff-c23,FaceSwap,train,8
ff-c23__FaceSwap__231_663,1,ff-c23,FaceSwap,holdout,8
ff-c23__FaceSwap__162_330,1,ff-c23,FaceSwap,val,8
ff-c23__FaceSwap__124_085,1,ff-c23,FaceSwap,val,8
ff-c23__FaceSwap__269_268,1,ff-c23,FaceSwap,train,8
ff-c23__FaceSwap__298_279,1,ff-c23,FaceSwap,train,8
ff-c23__FaceSwap__881_856,1,ff-c23,FaceSwap,train,8
ff-c23__FaceSwap__942_943,1,ff-c23,FaceSwap,train,8
ff-c23__FaceSwap__629_618,1,ff-c23,FaceSwap,train,8
ff-c23__FaceSwap__470_468,1,ff-c23,FaceSwap,train,8
ff-c23__FaceSwap__986_994,1,ff-c23,FaceSwap,test,8
ff-c23__FaceSwap__885_802,1,ff-c23,FaceSwap,holdout,8
ff-c23__FaceSwap__448_361,1,ff-c23,FaceSwap,val,8
ff-c23__FaceSwap__459_430,1,ff-c23,FaceSwap,train,8
ff-c23__FaceSwap__042_084,1,ff-c23,FaceSwap,train,8
ff-c23__FaceSwap__024_073,1,ff-c23,FaceSwap,train,8
ff-c23__FaceSwap__848_894,1,ff-c23,FaceSwap,train,8
ff-c23__FaceSwap__196_310,1,ff-c23,FaceSwap,test,8
ff-c23__FaceSwap__220_219,1,ff-c23,FaceSwap,test,8
ff-c23__FaceSwap__305_513,1,ff-c23,FaceSwap,train,8
ff-c23__FaceSwap__246_258,1,ff-c23,FaceSwap,test,8
ff-c23__FaceSwap__283_313,1,ff-c23,FaceSwap,val,8
ff-c23__FaceSwap__612_702,1,ff-c23,FaceSwap,train,8
ff-c23__FaceSwap__826_833,1,ff-c23,FaceSwap,test,8
ff-c23__FaceSwap__159_175,1,ff-c23,FaceSwap,train,8
ff-c23__FaceSwap__778_798,1,ff-c23,FaceSwap,holdout,8
ff-c23__FaceSwap__959_957,1,ff-c23,FaceSwap,train,8
ff-c23__FaceSwap__615_687,1,ff-c23,FaceSwap,train,8
ff-c23__FaceSwap__238_282,1,ff-c23,FaceSwap,train,8
ff-c23__FaceSwap__341_340,1,ff-c23,FaceSwap,train,8
ff-c23__FaceSwap__532_544,1,ff-c23,FaceSwap,train,8
ff-c23__FaceSwap__864_839,1,ff-c23,FaceSwap,holdout,8
ff-c23__FaceSwap__510_528,1,ff-c23,FaceSwap,train,8
ff-c23__FaceSwap__423_421,1,ff-c23,FaceSwap,train,8
ff-c23__FaceSwap__216_164,1,ff-c23,FaceSwap,train,8
ff-c23__FaceSwap__816_649,1,ff-c23,FaceSwap,train,8
ff-c23__FaceSwap__585_599,1,ff-c23,FaceSwap,test,8
ff-c23__FaceSwap__767_694,1,ff-c23,FaceSwap,train,8
ff-c23__FaceSwap__578_636,1,ff-c23,FaceSwap,train,8
ff-c23__FaceSwap__745_777,1,ff-c23,FaceSwap,train,8
ff-c23__FaceSwap__183_253,1,ff-c23,FaceSwap,holdout,8
ff-c23__FaceSwap__638_640,1,ff-c23,FaceSwap,train,8
ff-c23__FaceSwap__019_018,1,ff-c23,FaceSwap,train,8
ff-c23__FaceSwap__760_611,1,ff-c23,FaceSwap,train,8
ff-c23__FaceSwap__368_378,1,ff-c23,FaceSwap,train,8
ff-c23__FaceSwap__308_388,1,ff-c23,FaceSwap,holdout,8
ff-c23__FaceSwap__354_362,1,ff-c23,FaceSwap,train,8
ff-c23__FaceSwap__177_211,1,ff-c23,FaceSwap,holdout,8
ff-c23__FaceSwap__199_181,1,ff-c23,FaceSwap,val,8
ff-c23__FaceSwap__412_274,1,ff-c23,FaceSwap,test,8
ff-c23__FaceSwap__626_562,1,ff-c23,FaceSwap,train,8
ff-c23__FaceSwap__126_104,1,ff-c23,FaceSwap,train,8
ff-c23__FaceSwap__487_477,1,ff-c23,FaceSwap,train,8
ff-c23__FaceSwap__335_277,1,ff-c23,FaceSwap,train,8
ff-c23__FaceSwap__115_939,1,ff-c23,FaceSwap,train,8
ff-c23__FaceSwap__880_135,1,ff-c23,FaceSwap,train,8
ff-c23__FaceSwap__067_025,1,ff-c23,FaceSwap,train,8
ff-c23__FaceSwap__263_284,1,ff-c23,FaceSwap,train,8
ff-c23__FaceSwap__618_629,1,ff-c23,FaceSwap,train,8
ff-c23__FaceSwap__628_568,1,ff-c23,FaceSwap,holdout,8
ff-c23__FaceSwap__172_582,1,ff-c23,FaceSwap,train,8
ff-c23__FaceSwap__421_423,1,ff-c23,FaceSwap,train,8
ff-c23__FaceSwap__404_429,1,ff-c23,FaceSwap,train,8
ff-c23__FaceSwap__078_955,1,ff-c23,FaceSwap,train,8
ff-c23__FaceSwap__020_344,1,ff-c23,FaceSwap,train,8
ff-c23__FaceSwap__357_432,1,ff-c23,FaceSwap,train,8
ff-c23__FaceSwap__494_445,1,ff-c23,FaceSwap,train,8
ff-c23__FaceSwap__740_796,1,ff-c23,FaceSwap,train,8
ff-c23__FaceSwap__798_778,1,ff-c23,FaceSwap,train,8
ff-c23__FaceSwap__836_950,1,ff-c23,FaceSwap,val,8
ff-c23__FaceSwap__580_524,1,ff-c23,FaceSwap,train,8
ff-c23__FaceSwap__449_451,1,ff-c23,FaceSwap,train,8
ff-c23__FaceSwap__097_033,1,ff-c23,FaceSwap,train,8
ff-c23__FaceSwap__909_857,1,ff-c23,FaceSwap,train,8
ff-c23__FaceSwap__759_755,1,ff-c23,FaceSwap,train,8
ff-c23__FaceSwap__061_080,1,ff-c23,FaceSwap,train,8
ff-c23__FaceSwap__433_498,1,ff-c23,FaceSwap,train,8
ff-c23__FaceSwap__163_031,1,ff-c23,FaceSwap,train,8
ff-c23__FaceSwap__960_999,1,ff-c23,FaceSwap,train,8
ff-c23__FaceSwap__180_105,1,ff-c23,FaceSwap,train,8
ff-c23__FaceSwap__430_459,1,ff-c23,FaceSwap,train,8
ff-c23__FaceSwap__962_929,1,ff-c23,FaceSwap,train,8
ff-c23__FaceSwap__195_442,1,ff-c23,FaceSwap,train,8
ff-c23__FaceSwap__464_463,1,ff-c23,FaceSwap,train,8
ff-c23__FaceSwap__920_811,1,ff-c23,FaceSwap,train,8
ff-c23__FaceSwap__693_698,1,ff-c23,FaceSwap,train,8
ff-c23__FaceSwap__889_045,1,ff-c23,FaceSwap,train,8
ff-c23__FaceSwap__777_745,1,ff-c23,FaceSwap,holdout,8
ff-c23__FaceSwap__380_358,1,ff-c23,FaceSwap,holdout,8
ff-c23__FaceSwap__386_154,1,ff-c23,FaceSwap,train,8
ff-c23__FaceSwap__557_560,1,ff-c23,FaceSwap,train,8
ff-c23__FaceSwap__099_295,1,ff-c23,FaceSwap,train,8
ff-c23__FaceSwap__279_298,1,ff-c23,FaceSwap,train,8
ff-c23__FaceSwap__860_905,1,ff-c23,FaceSwap,train,8
ff-c23__FaceSwap__016_209,1,ff-c23,FaceSwap,train,8
ff-c23__FaceSwap__518_131,1,ff-c23,FaceSwap,train,8
ff-c23__FaceSwap__340_341,1,ff-c23,FaceSwap,train,8
